Simulation Number,Story ID,Initial Framing,Input type,Mode,Role selection,Current Agent ID,Transferred From Agent ID,Role,Original Message,Message,Similarity To Previous,Global Similarity To Original,Sentiment Analysis,Propagation Depth
1,0,centre,headline,text,random,39,0,neutral,"Bullets just came from nowhere: Fourth of July weekend gun violence kills at least 17, including 7-year-old-girl",At least 17 people were killed over the fourth of July weekend in a series of shootings that included a seven year old girl.,0.8167648315429688,0.8167648315429688,"{'label': 'negative', 'confidence': 0.8853248357772827}",1
1,0,centre,headline,text,random,2,0,positive,"Bullets just came from nowhere: Fourth of July weekend gun violence kills at least 17, including 7-year-old-girl","Multiple shooting incidents occurred over the Fourth of July weekend, resulting in at least 17 fatalities, including a 7-year-old girl.",0.8541680574417114,0.8541680574417114,"{'label': 'negative', 'confidence': 0.7986355423927307}",1
1,0,centre,headline,text,random,38,0,negative,"Bullets just came from nowhere: Fourth of July weekend gun violence kills at least 17, including 7-year-old-girl","At least 17 people, including a 7-year-old girl, were killed in gun violence over the Fourth of July weekend.",0.8919153213500977,0.8919153213500977,"{'label': 'negative', 'confidence': 0.8250669836997986}",1
1,0,centre,headline,text,random,8,0,positive,"Bullets just came from nowhere: Fourth of July weekend gun violence kills at least 17, including 7-year-old-girl","At least 17 people were killed in a series of shootings over the Fourth of July weekend, including a 7-year-old girl.",0.8023354411125183,0.8023354411125183,"{'label': 'negative', 'confidence': 0.8641664385795593}",1
1,0,centre,headline,text,random,37,39,positive,"Bullets just came from nowhere: Fourth of July weekend gun violence kills at least 17, including 7-year-old-girl","At least 17 people, including a 7-year-old girl, were fatally shot during a series of shootings over the Fourth of July weekend.",0.9274805188179016,0.791399359703064,"{'label': 'negative', 'confidence': 0.8028643131256104}",2
1,0,centre,headline,text,random,1,39,negative,"Bullets just came from nowhere: Fourth of July weekend gun violence kills at least 17, including 7-year-old-girl","A series of shootings occurred over the Fourth of July weekend, resulting in at least 17 deaths, including one child, a 7-year-old girl.",0.8960585594177246,0.8566000461578369,"{'label': 'negative', 'confidence': 0.8436412215232849}",2
1,0,centre,headline,text,random,3,2,negative,"Bullets just came from nowhere: Fourth of July weekend gun violence kills at least 17, including 7-year-old-girl","Tragedy struck on the Fourth of July weekend as multiple shootings marred celebrations across the country, leaving a heartbreaking toll of at least 17 lives lost, including a young 7-year-old girl whose future was tragically cut short.",0.8482353687286377,0.7503212690353394,"{'label': 'negative', 'confidence': 0.8966392278671265}",2
1,0,centre,headline,text,random,10,2,positive,"Bullets just came from nowhere: Fourth of July weekend gun violence kills at least 17, including 7-year-old-girl","A series of devastating shootings marred the Fourth of July celebrations, claiming the lives of at least 17 innocent people, with a heartbreaking loss that included a young 7-year-old girl.",0.8646622896194458,0.7883013486862183,"{'label': 'negative', 'confidence': 0.9125413298606873}",2
1,0,centre,headline,text,random,36,38,positive,"Bullets just came from nowhere: Fourth of July weekend gun violence kills at least 17, including 7-year-old-girl","A wave of tragic shootings claimed at least 17 lives, including those of an innocent 7-year-old child, during a devastating and deadly period of violence that marred the already tumultuous Fourth of July weekend.",0.8158777356147766,0.7579317092895508,"{'label': 'negative', 'confidence': 0.9175723791122437}",2
1,0,centre,headline,text,random,7,8,neutral,"Bullets just came from nowhere: Fourth of July weekend gun violence kills at least 17, including 7-year-old-girl","A devastating wave of violence swept across the country on the Fourth of July weekend, claiming the lives of at least 17 innocent individuals, including a heartbreaking young victim, a 7-year-old girl, who was senselessly taken from her family and loved ones.",0.6561959981918335,0.7258262634277344,"{'label': 'negative', 'confidence': 0.911746621131897}",2
1,0,centre,headline,text,random,9,8,positive,"Bullets just came from nowhere: Fourth of July weekend gun violence kills at least 17, including 7-year-old-girl","A tragic series of shootings marred the festivities of the Fourth of July weekend, resulting in at least 17 lives lost and leaving a community in shock, particularly after the devastating loss of a young 7-year-old girl.",0.804621696472168,0.7839430570602417,"{'label': 'negative', 'confidence': 0.9080464839935303}",2
1,0,centre,headline,text,random,6,8,negative,"Bullets just came from nowhere: Fourth of July weekend gun violence kills at least 17, including 7-year-old-girl","A devastating string of violent incidents marred the country's Independence Day celebrations, resulting in the tragic loss of at least 17 lives, with a particularly heart-wrenching casualty being a 7-year-old innocent child.",0.5562447905540466,0.6066303849220276,"{'label': 'negative', 'confidence': 0.9214235544204712}",2
1,0,centre,headline,text,random,35,37,positive,"Bullets just came from nowhere: Fourth of July weekend gun violence kills at least 17, including 7-year-old-girl","A devastating wave of violence swept across the country over the long Fourth of July weekend, claiming the lives of at least 17 innocent individuals - including a young 7-year-old girl - in a series of heartbreaking and tragic shootings.",0.6968646049499512,0.7720696926116943,"{'label': 'negative', 'confidence': 0.9180012345314026}",3
1,0,centre,headline,text,random,23,1,negative,"Bullets just came from nowhere: Fourth of July weekend gun violence kills at least 17, including 7-year-old-girl","At least 17 people were killed, including a young 7-year-old girl, in a devastating spree of gun violence that marred the already tumultuous Fourth of July holiday weekend.",0.8225200176239014,0.8151018023490906,"{'label': 'negative', 'confidence': 0.9067967534065247}",3
1,0,centre,headline,text,random,4,3,neutral,"Bullets just came from nowhere: Fourth of July weekend gun violence kills at least 17, including 7-year-old-girl","A devastating wave of violence swept through Independence Day celebrations nationwide, resulting in a staggering total of at least 17 fatalities, with a particularly poignant victim being a 7-year-old child who was senselessly taken from her family.",0.7147634029388428,0.6562930345535278,"{'label': 'negative', 'confidence': 0.9197176694869995}",3
1,0,centre,headline,text,random,11,10,negative,"Bullets just came from nowhere: Fourth of July weekend gun violence kills at least 17, including 7-year-old-girl","Tragedy struck on Independence Day as a series of senseless shootings left a trail of heartbreak and loss, claiming the lives of at least 17 innocent victims, including a precious 7-year-old girl whose life was cut short far too soon.",0.7440897226333618,0.628516435623169,"{'label': 'negative', 'confidence': 0.9010168313980103}",3
1,0,centre,headline,text,random,12,10,positive,"Bullets just came from nowhere: Fourth of July weekend gun violence kills at least 17, including 7-year-old-girl","Tragedy struck on a normally joyous day as multiple senseless shootings unfolded during Independence Day festivities, resulting in the loss of at least 17 precious lives, including one particularly heart-wrenching victim - a 7-year-old child who was just beginning to experience life's adventures.",0.7843232154846191,0.6498839855194092,"{'label': 'negative', 'confidence': 0.8656558990478516}",3
1,0,centre,headline,text,random,5,7,negative,"Bullets just came from nowhere: Fourth of July weekend gun violence kills at least 17, including 7-year-old-girl","On the Fourth of July weekend, a surge in violent incidents occurred across the country, resulting in the deaths of at least 17 people, with one being a 7-year-old girl who lost her life tragically.",0.8876235485076904,0.7850937843322754,"{'label': 'negative', 'confidence': 0.8860393166542053}",3
1,0,centre,headline,text,random,33,35,negative,"Bullets just came from nowhere: Fourth of July weekend gun violence kills at least 17, including 7-year-old-girl","A disturbing surge of violence marred the traditionally festive Fourth of July holiday, resulting in the heartbreaking loss of at least 17 precious lives, with one particularly devastating incident claiming the life of a sweet 7-year-old girl.",0.8400304317474365,0.7264874577522278,"{'label': 'negative', 'confidence': 0.9217407703399658}",4
1,0,centre,headline,text,random,22,23,positive,"Bullets just came from nowhere: Fourth of July weekend gun violence kills at least 17, including 7-year-old-girl","A horrific spree of unrelenting gunfire left at least 17 people dead, including an innocent 7-year-old child, casting a dark cloud over an already chaotic and violent Fourth of July holiday weekend.",0.8947237133979797,0.7654200792312622,"{'label': 'negative', 'confidence': 0.9212598204612732}",4
1,0,centre,headline,text,random,24,23,neutral,"Bullets just came from nowhere: Fourth of July weekend gun violence kills at least 17, including 7-year-old-girl","A horrific and deadly outbreak of gunfire occurred over the troubled Fourth of July holiday period, resulting in at least 17 fatalities, with a tragic loss of a 7-year-old child among them.",0.7719899415969849,0.7923510670661926,"{'label': 'negative', 'confidence': 0.9089586138725281}",4
1,0,centre,headline,text,random,21,23,neutral,"Bullets just came from nowhere: Fourth of July weekend gun violence kills at least 17, including 7-year-old-girl","A horrific rampage of gunfire claimed the lives of at least 17 innocent victims, including a mere child, just 7 years old, amidst the already chaotic and explosive atmosphere of the Independence Day holiday weekend.",0.789299488067627,0.7314491271972656,"{'label': 'negative', 'confidence': 0.8998200297355652}",4
1,0,centre,headline,text,random,13,23,negative,"Bullets just came from nowhere: Fourth of July weekend gun violence kills at least 17, including 7-year-old-girl","A shocking and tragic wave of gunfire swept through the Fourth of July celebrations, claiming at least 17 lives and leaving a trail of grief, including the heartbreaking loss of a 7-year-old girl who should have been celebrating her childhood instead of falling victim to senseless violence.",0.7093467116355896,0.7845187187194824,"{'label': 'negative', 'confidence': 0.9066565632820129}",4
1,0,centre,headline,text,random,29,11,negative,"Bullets just came from nowhere: Fourth of July weekend gun violence kills at least 17, including 7-year-old-girl","On a day meant to celebrate freedom and unity, a senseless wave of violence ravaged the city on Independence Day, resulting in the devastating loss of no fewer than 17 innocent lives, with the heartbreaking added toll of a 7-year-old child's premature and tragic death.",0.8320943117141724,0.5559497475624084,"{'label': 'negative', 'confidence': 0.8919403553009033}",4
1,0,centre,headline,text,random,14,12,positive,"Bullets just came from nowhere: Fourth of July weekend gun violence kills at least 17, including 7-year-old-girl","On what should have been a joyful celebration of freedom and community on Independence Day, a senseless tragedy unfolded as multiple shootings marred the festivities, claiming at least 17 innocent lives. Amidst this heartbreaking chaos, one victim stood out - a young 7-year-old who had only just begun to explore the world's wonders, now tragically silenced far too soon.",0.8771919012069702,0.6023977398872375,"{'label': 'negative', 'confidence': 0.8180448412895203}",4
1,0,centre,headline,text,random,20,12,positive,"Bullets just came from nowhere: Fourth of July weekend gun violence kills at least 17, including 7-year-old-girl","On what should have been a celebratory day filled with patriotism and joy, a devastating chain of events unfolded as multiple senseless shootings marred the Independence Day festivities, claiming at least 17 innocent lives. The most heartbreaking loss was that of a young boy, just 7 years old, who was full of promise and only beginning to explore the world around him.",0.9141314625740051,0.62753826379776,"{'label': 'negative', 'confidence': 0.7241777181625366}",4
1,0,centre,headline,text,random,34,33,negative,"Bullets just came from nowhere: Fourth of July weekend gun violence kills at least 17, including 7-year-old-girl","A tragic and senseless outbreak of violence tainted what was supposed to be a joyful celebration on Independence Day, leaving behind a staggering toll of at least 17 fatalities, including a heartbreaking loss that claimed the innocent life of a 7-year-old child.",0.7928918600082397,0.6240661144256592,"{'label': 'negative', 'confidence': 0.9175145626068115}",5
1,0,centre,headline,text,random,31,33,neutral,"Bullets just came from nowhere: Fourth of July weekend gun violence kills at least 17, including 7-year-old-girl","A horrific outbreak of violence tainted the typically joyful Fourth of July celebrations, resulting in the tragic loss of at least 17 innocent lives, including a young and vulnerable 7-year-old girl who was senselessly taken from her loved ones.",0.9382385015487671,0.7213996648788452,"{'label': 'negative', 'confidence': 0.9129405617713928}",5
1,0,centre,headline,text,random,18,22,positive,"Bullets just came from nowhere: Fourth of July weekend gun violence kills at least 17, including 7-year-old-girl","A devastating outbreak of indiscriminate gun violence claimed the lives of at least 17 individuals, with heartbreaking consequences for a family who lost their young 7-year-old son in the tragedy, leaving a somber mood to overshadow what was meant to be a joyous and celebratory Fourth of July weekend.",0.815700888633728,0.7863916754722595,"{'label': 'negative', 'confidence': 0.8914341926574707}",5
1,0,centre,headline,text,random,25,24,negative,"Bullets just came from nowhere: Fourth of July weekend gun violence kills at least 17, including 7-year-old-girl","Multiple shootings broke out on the Fourth of July weekend, leaving at least 17 people dead and including a young girl who was just 7 years old.",0.8276112079620361,0.8181320428848267,"{'label': 'negative', 'confidence': 0.8572847247123718}",5
1,0,centre,headline,text,random,26,24,negative,"Bullets just came from nowhere: Fourth of July weekend gun violence kills at least 17, including 7-year-old-girl","A shooting occurred on or around July 4th, leaving 17 people dead, including a 7-year-old child.",0.7992101907730103,0.8270830512046814,"{'label': 'negative', 'confidence': 0.8323783278465271}",5
1,0,centre,headline,text,random,32,24,neutral,"Bullets just came from nowhere: Fourth of July weekend gun violence kills at least 17, including 7-year-old-girl","A deadly shooting incident took place during the Fourth of July holiday weekend, leaving at least 17 people dead, including a 7-year-old child.",0.8387980461120605,0.8243721723556519,"{'label': 'negative', 'confidence': 0.8497527837753296}",5
1,0,centre,headline,text,random,19,24,negative,"Bullets just came from nowhere: Fourth of July weekend gun violence kills at least 17, including 7-year-old-girl",At least 17 people died in a mass shooting that took place during the Fourth of July celebrations. Among the victims was a 7-year-old child.,0.7808429598808289,0.7853631377220154,"{'label': 'negative', 'confidence': 0.9088879823684692}",5
1,0,centre,headline,text,random,28,29,neutral,"Bullets just came from nowhere: Fourth of July weekend gun violence kills at least 17, including 7-year-old-girl","Tragically, the usually joyous celebration of Independence Day was marred by a horrific outbreak of violence that claimed at least 17 innocent victims, including a 7-year-old child who lost their life far too soon.",0.8775811791419983,0.6104354858398438,"{'label': 'negative', 'confidence': 0.910240113735199}",5
1,0,centre,headline,text,random,27,29,neutral,"Bullets just came from nowhere: Fourth of July weekend gun violence kills at least 17, including 7-year-old-girl","On what was supposed to be a day for celebrating freedom and unity, a horrific outbreak of violence shook the city on Independence Day, claiming the lives of at least 17 completely defenseless people, including a 7-year-old who was tragically taken away far too soon.",0.9587298631668091,0.555768609046936,"{'label': 'negative', 'confidence': 0.8559533953666687}",5
1,0,centre,headline,text,random,15,14,positive,"Bullets just came from nowhere: Fourth of July weekend gun violence kills at least 17, including 7-year-old-girl","On what was meant to be a joyful celebration of freedom and community on Independence Day, a shocking tragedy occurred as multiple shootings disrupted the festivities, resulting in at least 17 innocent lives lost. Amidst this devastating chaos, one victim shone with heartbreaking courage - a bright young girl, just 7 years old, whose life had barely begun, was tragically cut short far too soon, leaving behind a community in mourning and a sense of outrage that demands action to prevent such tragedies from happening again.",0.9174277782440186,0.5790401101112366,"{'label': 'negative', 'confidence': 0.79032963514328}",5
1,0,centre,headline,text,random,30,31,neutral,"Bullets just came from nowhere: Fourth of July weekend gun violence kills at least 17, including 7-year-old-girl","During Independence Day celebrations, there was an incident that turned violent, claiming at least 17 lives, among them a 7-year-old girl who died in the event.",0.8337171673774719,0.6576806902885437,"{'label': 'negative', 'confidence': 0.8217259049415588}",6
1,0,centre,headline,text,random,17,18,neutral,"Bullets just came from nowhere: Fourth of July weekend gun violence kills at least 17, including 7-year-old-girl","A senseless shooting rampage on the Fourth of July left at least 17 people dead, with one family facing unimaginable grief after losing their young 7-year-old son in the tragedy. The community is coming together to support those affected, but the shockwaves from this horrific event will undoubtedly cast a shadow over what was meant to be a joyful and festive holiday weekend.",0.8002163767814636,0.6962182521820068,"{'label': 'negative', 'confidence': 0.8683604001998901}",6
1,0,centre,headline,text,random,16,18,positive,"Bullets just came from nowhere: Fourth of July weekend gun violence kills at least 17, including 7-year-old-girl","A horrific incident of senseless gun violence resulted in the loss of at least 17 lives, with a devastating impact on the family who lost their precious 7-year-old son, casting a shadow over what was intended to be a joyful and festive Fourth of July celebration for the community.",0.9045766592025757,0.7701101899147034,"{'label': 'negative', 'confidence': 0.8763928413391113}",6
2,0,left,headline,text,random,1,0,negative,Chicago Gun Violence Spikes and Increasingly Finds the Youngest Victims,"Gun violence in Chicago has surged, with a disproportionate number of young people being affected.",0.8916246294975281,0.8916246294975281,"{'label': 'negative', 'confidence': 0.866251528263092}",1
2,0,left,headline,text,random,39,0,neutral,Chicago Gun Violence Spikes and Increasingly Finds the Youngest Victims,"Gun violence in Chicago has surged, with a growing number of younger victims being affected.",0.9156546592712402,0.9156546592712402,"{'label': 'negative', 'confidence': 0.8265009522438049}",1
2,0,left,headline,text,random,2,0,negative,Chicago Gun Violence Spikes and Increasingly Finds the Youngest Victims,"Violent Crime Rises in Chicago, with More Minors Being Affected.",0.7768397331237793,0.7768397331237793,"{'label': 'negative', 'confidence': 0.8413650393486023}",1
2,0,left,headline,text,random,3,1,positive,Chicago Gun Violence Spikes and Increasingly Finds the Youngest Victims,"Chicago is experiencing a devastating surge in gun-related violence, disproportionately impacting its youngest residents and leaving a trail of devastation in its wake.",0.9233015179634094,0.8545459508895874,"{'label': 'negative', 'confidence': 0.9251108169555664}",2
2,0,left,headline,text,random,38,39,positive,Chicago Gun Violence Spikes and Increasingly Finds the Youngest Victims,"Crime involving guns in Chicago has increased, particularly among younger people.",0.8566914796829224,0.8013932704925537,"{'label': 'negative', 'confidence': 0.5809203386306763}",2
2,0,left,headline,text,random,37,39,negative,Chicago Gun Violence Spikes and Increasingly Finds the Youngest Victims,"Gun violence is on the rise in Chicago, particularly among young people.",0.9157483577728271,0.8566564321517944,"{'label': 'negative', 'confidence': 0.7799236178398132}",2
2,0,left,headline,text,random,32,2,neutral,Chicago Gun Violence Spikes and Increasingly Finds the Youngest Victims,"Crime Surges in Chicago, with Increasing Numbers of Children Falling Victim to Violence.",0.8649848699569702,0.726708173751831,"{'label': 'negative', 'confidence': 0.7628018856048584}",2
2,0,left,headline,text,random,4,3,neutral,Chicago Gun Violence Spikes and Increasingly Finds the Youngest Victims,"A wave of heartbreaking gun violence has swept through Chicago, hitting the city's most vulnerable population - its children - with alarming frequency, and causing irreparable harm to families and communities across the city.",0.8763689398765564,0.7866255044937134,"{'label': 'negative', 'confidence': 0.9169877171516418}",3
2,0,left,headline,text,random,5,3,positive,Chicago Gun Violence Spikes and Increasingly Finds the Youngest Victims,"Despite facing numerous challenges, Chicago is taking steps to address a growing concern: an uptick in gun violence, which has been affecting a disproportionate number of young people and causing widespread harm across the city.",0.9151436686515808,0.7975941896438599,"{'label': 'negative', 'confidence': 0.7123172283172607}",3
2,0,left,headline,text,random,26,38,positive,Chicago Gun Violence Spikes and Increasingly Finds the Youngest Victims,"Gun-related crimes are on the rise in Chicago, especially among its youth population, highlighting a pressing concern that requires immediate attention and collective efforts to address it.",0.8627890944480896,0.7834176421165466,"{'label': 'negative', 'confidence': 0.7208814024925232}",3
2,0,left,headline,text,random,36,37,neutral,Chicago Gun Violence Spikes and Increasingly Finds the Youngest Victims,"Chicago is experiencing a surge in gun-related incidents, with an alarming number of shootings occurring in the city's youth population.",0.8984703421592712,0.8272891640663147,"{'label': 'negative', 'confidence': 0.770348846912384}",3
2,0,left,headline,text,random,35,37,positive,Chicago Gun Violence Spikes and Increasingly Finds the Youngest Victims,"Homicides committed with firearms are increasingly common in Chicago, especially among adolescents and teenagers.",0.901060938835144,0.7842935919761658,"{'label': 'negative', 'confidence': 0.7201255559921265}",3
2,0,left,headline,text,random,31,32,positive,Chicago Gun Violence Spikes and Increasingly Finds the Youngest Victims,"Violent crime has increased in Chicago, with a growing number of minors being affected.",0.860063374042511,0.770805835723877,"{'label': 'negative', 'confidence': 0.8460361957550049}",3
2,0,left,headline,text,random,33,32,neutral,Chicago Gun Violence Spikes and Increasingly Finds the Youngest Victims,"Violent crime rates have risen in Chicago, with a notable increase in instances where children have been affected by violence.",0.9231942296028137,0.7539351582527161,"{'label': 'negative', 'confidence': 0.8580741286277771}",3
2,0,left,headline,text,random,34,32,positive,Chicago Gun Violence Spikes and Increasingly Finds the Youngest Victims,"Violent crime has increased in Chicago, with a growing number of children being affected by violence.",0.9104142785072327,0.7551038265228271,"{'label': 'negative', 'confidence': 0.8787262439727783}",3
2,0,left,headline,text,random,28,32,neutral,Chicago Gun Violence Spikes and Increasingly Finds the Youngest Victims,"Violent crime is rising in Chicago, with a notable increase in children being affected by violence.",0.9287799596786499,0.7589951157569885,"{'label': 'negative', 'confidence': 0.8731697201728821}",3
2,0,left,headline,text,random,6,4,positive,Chicago Gun Violence Spikes and Increasingly Finds the Youngest Victims,"Gun violence in Chicago has been a persistent issue, with a disproportionate impact on young people and their families.",0.8654712438583374,0.8343038558959961,"{'label': 'negative', 'confidence': 0.8715421557426453}",4
2,0,left,headline,text,random,7,5,negative,Chicago Gun Violence Spikes and Increasingly Finds the Youngest Victims,"Chicago is proactively addressing a pressing issue: rising gun violence, which disproportionately affects its youth and has left a trail of devastation throughout the community, despite the many obstacles that need to be overcome.",0.9394868612289429,0.7680313587188721,"{'label': 'negative', 'confidence': 0.6025432348251343}",4
2,0,left,headline,text,random,25,26,neutral,Chicago Gun Violence Spikes and Increasingly Finds the Youngest Victims,"Chicago is experiencing an unfortunate surge in gun-related incidents, particularly among young people, sparking a critical need for community-wide initiatives and collaborative solutions to tackle this growing issue head-on.",0.9240316152572632,0.7592145204544067,"{'label': 'negative', 'confidence': 0.7513795495033264}",4
2,0,left,headline,text,random,14,26,neutral,Chicago Gun Violence Spikes and Increasingly Finds the Youngest Victims,"Chicago is experiencing a concerning surge in gun violence, particularly among young people, sparking a sense of urgency for community leaders and authorities to come together and develop effective solutions to prevent these incidents and support those affected by them.",0.9094375371932983,0.79815673828125,"{'label': 'negative', 'confidence': 0.5848132967948914}",4
2,0,left,headline,text,random,13,26,negative,Chicago Gun Violence Spikes and Increasingly Finds the Youngest Victims,"Crime rates involving guns in Chicago have seen an alarming increase, particularly among young residents, underscoring a critical issue that demands urgent action and collaborative solutions from the community at large.",0.945273220539093,0.7777475118637085,"{'label': 'negative', 'confidence': 0.7371000647544861}",4
2,0,left,headline,text,random,29,36,neutral,Chicago Gun Violence Spikes and Increasingly Finds the Youngest Victims,"Chicago has seen an increase in gun violence, particularly affecting young people.",0.925764799118042,0.8716921806335449,"{'label': 'negative', 'confidence': 0.7605386972427368}",4
2,0,left,headline,text,random,30,31,neutral,Chicago Gun Violence Spikes and Increasingly Finds the Youngest Victims,"Crime rates have surged in Chicago, but there's also a disturbing trend emerging: a rise in violent incidents involving young people who deserve our support and protection.",0.7859400510787964,0.7368851900100708,"{'label': 'negative', 'confidence': 0.8511224389076233}",4
2,0,left,headline,text,random,11,33,neutral,Chicago Gun Violence Spikes and Increasingly Finds the Youngest Victims,"Crime rates involving violent offenses have increased in Chicago, with a notable spike in cases involving minors being impacted by violence.",0.9465104341506958,0.7493422031402588,"{'label': 'negative', 'confidence': 0.7538110613822937}",4
2,0,left,headline,text,random,23,34,positive,Chicago Gun Violence Spikes and Increasingly Finds the Youngest Victims,"Concerning trends have been observed in Chicago, where rising rates of violent crime are impacting an alarming number of young lives.",0.8163292407989502,0.7034462690353394,"{'label': 'negative', 'confidence': 0.8112815022468567}",4
2,0,left,headline,text,random,27,28,negative,Chicago Gun Violence Spikes and Increasingly Finds the Youngest Victims,"Crime rates are increasing in Chicago, with a significant rise in violent incidents involving minors.",0.9125665426254272,0.7377748489379883,"{'label': 'negative', 'confidence': 0.7609289884567261}",4
2,0,left,headline,text,random,8,28,negative,Chicago Gun Violence Spikes and Increasingly Finds the Youngest Victims,"Crime rates are increasing in Chicago, with a significant uptick in violent incidents involving minors.",0.9066237807273865,0.7301851511001587,"{'label': 'negative', 'confidence': 0.7723915576934814}",4
2,0,left,headline,text,random,9,7,negative,Chicago Gun Violence Spikes and Increasingly Finds the Youngest Victims,"Chicago is struggling to cope with a persistent problem: skyrocketing gun violence that's ravaging neighborhoods, particularly targeting young people, leaving a bleak aftermath in its wake.",0.8909448385238647,0.7759305834770203,"{'label': 'negative', 'confidence': 0.9258918762207031}",5
2,0,left,headline,text,random,18,7,positive,Chicago Gun Violence Spikes and Increasingly Finds the Youngest Victims,"Chicago is struggling to cope with a growing crisis: skyrocketing gun violence, which is having a devastating impact on its young people, leaving a trail of destruction and despair in its wake, amidst a multitude of daunting challenges.",0.8993108868598938,0.7472836971282959,"{'label': 'negative', 'confidence': 0.9147276878356934}",5
2,0,left,headline,text,random,24,25,negative,Chicago Gun Violence Spikes and Increasingly Finds the Youngest Victims,"Gun violence in Chicago has increased, with a disproportionate impact on younger residents. The city is now facing a pressing need for collective efforts to address this problem.",0.9463315010070801,0.8024960160255432,"{'label': 'negative', 'confidence': 0.8149487972259521}",5
2,0,left,headline,text,random,19,25,positive,Chicago Gun Violence Spikes and Increasingly Finds the Youngest Victims,"Chicago has seen a rise in gun-related incidents, with a concerning number involving young people, prompting the need for community-based efforts to address the problem.",0.9339889883995056,0.8086710572242737,"{'label': 'negative', 'confidence': 0.7248901128768921}",5
2,0,left,headline,text,random,12,14,neutral,Chicago Gun Violence Spikes and Increasingly Finds the Youngest Victims,"Gun violence is rising in Chicago, especially affecting younger residents, prompting local leaders and officials to work together on addressing this issue and helping its victims.",0.9148170948028564,0.8430153727531433,"{'label': 'neutral', 'confidence': 0.5392134189605713}",5
2,0,left,headline,text,random,16,14,positive,Chicago Gun Violence Spikes and Increasingly Finds the Youngest Victims,"Gun violence is rising in Chicago, with many young people getting hurt or killed, prompting community leaders and officials to work together on ways to stop it from happening again and help those who have been affected.",0.9012895226478577,0.8175128698348999,"{'label': 'negative', 'confidence': 0.8069248199462891}",5
2,0,left,headline,text,random,15,13,positive,Chicago Gun Violence Spikes and Increasingly Finds the Youngest Victims,"Gun-related crimes are on the rise in Chicago, with a disturbing surge of violence involving firearms, especially amongst juveniles, highlighting a grave problem that necessitates swift and collective intervention from the community.",0.9396486878395081,0.7964111566543579,"{'label': 'negative', 'confidence': 0.8850182890892029}",5
2,0,left,headline,text,random,10,11,negative,Chicago Gun Violence Spikes and Increasingly Finds the Youngest Victims,"Violent crime rates have risen in Chicago, with a significant increase in incidents affecting children and teenagers.",0.9558151960372925,0.7718117237091064,"{'label': 'negative', 'confidence': 0.8079398274421692}",5
2,0,left,headline,text,random,21,23,negative,Chicago Gun Violence Spikes and Increasingly Finds the Youngest Victims,"Concerning reports are emerging from Chicago, where a disturbing uptick in violent crime is unfortunately affecting far too many young individuals and their families.",0.9190152287483215,0.7400808334350586,"{'label': 'negative', 'confidence': 0.9042936563491821}",5
2,0,left,headline,text,random,17,23,positive,Chicago Gun Violence Spikes and Increasingly Finds the Youngest Victims,"Chicago is facing a concerning surge in violent crime, with a notable spike in incidents that's affecting far too many young people and their families.",0.8761683106422424,0.7806516289710999,"{'label': 'negative', 'confidence': 0.8978405594825745}",5
2,0,left,headline,text,random,22,18,negative,Chicago Gun Violence Spikes and Increasingly Finds the Youngest Victims,"Chicago is facing a challenging situation as it grapples with an alarming increase in gun-related incidents, which is taking a heavy toll on the city's youth, sparking concerns about the well-being and safety of its most vulnerable residents amidst a complex array of issues that need to be addressed.",0.9348658919334412,0.7247340679168701,"{'label': 'negative', 'confidence': 0.7797946333885193}",6
2,0,left,headline,text,random,20,19,negative,Chicago Gun Violence Spikes and Increasingly Finds the Youngest Victims,"Chicago is experiencing an unfortunate surge in gun violence, particularly among its youth, but there's hope on the horizon as community leaders are stepping up with innovative solutions to tackle this complex issue and make their neighborhoods safer.",0.888077437877655,0.7675831913948059,"{'label': 'neutral', 'confidence': 0.5562353730201721}",6
3,0,right,headline,text,random,1,0,positive,Dozens of shootings across US mark bloody July 4th weekend,Violence erupts over Independence Day weekend with numerous shooting incidents reported across the United States.,0.624904990196228,0.624904990196228,"{'label': 'negative', 'confidence': 0.7716661095619202}",1
3,0,right,headline,text,random,39,0,neutral,Dozens of shootings across US mark bloody July 4th weekend,"At least dozens of people were shot in various locations across the United States over a four-day period, which ended on Independence Day.",0.7039781808853149,0.7039781808853149,"{'label': 'negative', 'confidence': 0.7208578586578369}",1
3,0,right,headline,text,random,2,0,positive,Dozens of shootings across US mark bloody July 4th weekend,A series of shootings took place across the United States over the Independence Day holiday weekend.,0.7238885164260864,0.7238885164260864,"{'label': 'negative', 'confidence': 0.6262860894203186}",1
3,0,right,headline,text,random,38,0,negative,Dozens of shootings across US mark bloody July 4th weekend,At least dozens of shooting incidents occurred throughout the United States over the Fourth of July holiday weekend.,0.8192527890205383,0.8192527890205383,"{'label': 'negative', 'confidence': 0.5870067477226257}",1
3,0,right,headline,text,random,3,1,positive,Dozens of shootings across US mark bloody July 4th weekend,"A surge in violent incidents occurred during the busy Independence Day weekend, with multiple reports of shootings happening across the country.",0.868086576461792,0.6119822263717651,"{'label': 'negative', 'confidence': 0.6383352279663086}",2
3,0,right,headline,text,random,37,39,neutral,Dozens of shootings across US mark bloody July 4th weekend,Dozens of people were injured by gunfire at multiple locations across the US over a four-day span that concluded on July 4th.,0.695824146270752,0.6173529624938965,"{'label': 'negative', 'confidence': 0.7593013048171997}",2
3,0,right,headline,text,random,31,39,negative,Dozens of shootings across US mark bloody July 4th weekend,Multiple shootings occurred at various locations throughout the US over a four-day span that concluded on July 4th.,0.8259031772613525,0.7963504791259766,"{'label': 'negative', 'confidence': 0.505013108253479}",2
3,0,right,headline,text,random,4,2,neutral,Dozens of shootings across US mark bloody July 4th weekend,"Multiple incidents of gunfire occurred at various locations throughout the United States during the Independence Day celebration, highlighting a concerning trend in public safety nationwide.",0.8606472015380859,0.6556401252746582,"{'label': 'negative', 'confidence': 0.5097847580909729}",2
3,0,right,headline,text,random,13,2,positive,Dozens of shootings across US mark bloody July 4th weekend,"A string of unfortunate incidents marred an otherwise festive Independence Day holiday weekend in the United States, with reports of multiple shootings taking place across the country.",0.8576377630233765,0.6277877688407898,"{'label': 'negative', 'confidence': 0.8817872405052185}",2
3,0,right,headline,text,random,19,2,positive,Dozens of shootings across US mark bloody July 4th weekend,"In a disturbing series of incidents, multiple shooting events unfolded across various locations in the United States over the long Independence Day holiday weekend, prompting concern and investigation from authorities.",0.9024486541748047,0.637774646282196,"{'label': 'negative', 'confidence': 0.7064436078071594}",2
3,0,right,headline,text,random,21,2,positive,Dozens of shootings across US mark bloody July 4th weekend,"Multiple incidents of gun violence occurred across various locations in the US over the course of the Independence Day holiday weekend, sparking concerns for public safety and security.",0.8597530126571655,0.6416406035423279,"{'label': 'neutral', 'confidence': 0.5145237445831299}",2
3,0,right,headline,text,random,36,38,negative,Dozens of shootings across US mark bloody July 4th weekend,A disturbingly high number of violent shootings took place in multiple locations across the US during the traditionally festive Fourth of July weekend.,0.9087202548980713,0.807400107383728,"{'label': 'negative', 'confidence': 0.8420167565345764}",2
3,0,right,headline,text,random,5,3,positive,Dozens of shootings across US mark bloody July 4th weekend,"A series of disturbing yet isolated violent incidents marred an otherwise festive and celebratory Independence Day weekend, as a small number of shootings were reported in various locations across the country.",0.8358220458030701,0.6074803471565247,"{'label': 'negative', 'confidence': 0.8619648218154907}",3
3,0,right,headline,text,random,35,37,positive,Dozens of shootings across US mark bloody July 4th weekend,"There was a series of shooting incidents in various locations across the US from June 30 to July 3, resulting in dozens of injuries.",0.7561366558074951,0.7173755764961243,"{'label': 'negative', 'confidence': 0.6530167460441589}",3
3,0,right,headline,text,random,26,37,negative,Dozens of shootings across US mark bloody July 4th weekend,"A series of shootings occurred across the United States over four days, resulting in dozens of injuries before July 4th.",0.7356569766998291,0.7679965496063232,"{'label': 'negative', 'confidence': 0.7827721238136292}",3
3,0,right,headline,text,random,30,31,negative,Dozens of shootings across US mark bloody July 4th weekend,"A wave of violent attacks unfolded across multiple locations in the US, resulting in multiple shootings and traumatic events that culminated on the night of July 4th.",0.801716148853302,0.7061731815338135,"{'label': 'negative', 'confidence': 0.8531091809272766}",3
3,0,right,headline,text,random,29,31,negative,Dozens of shootings across US mark bloody July 4th weekend,"Widespread gunfire erupted across multiple locations in the US, resulting in a tragic sequence of violent incidents that plagued the nation for four consecutive days, culminating on a particularly somber Independence Day, July 4th.",0.8245348334312439,0.7032901048660278,"{'label': 'negative', 'confidence': 0.9023371338844299}",3
3,0,right,headline,text,random,33,31,neutral,Dozens of shootings across US mark bloody July 4th weekend,"A spate of disturbing and deadly mass shootings erupted across the United States, plaguing multiple sites for four consecutive days leading up to Independence Day on July 4th.",0.8519998788833618,0.757411539554596,"{'label': 'negative', 'confidence': 0.897245466709137}",3
3,0,right,headline,text,random,16,31,neutral,Dozens of shootings across US mark bloody July 4th weekend,"A wave of devastating gun violence swept across multiple cities in the US over a horrific four-day period, culminating on the evening of July 4th with no end to the trauma in sight.",0.7900927662849426,0.691490113735199,"{'label': 'negative', 'confidence': 0.9271986484527588}",3
3,0,right,headline,text,random,6,4,neutral,Dozens of shootings across US mark bloody July 4th weekend,"Gunfire erupted at multiple sites across the US on July 4th, raising concerns about public safety issues that are recurring nationwide.",0.8226180672645569,0.6791906952857971,"{'label': 'negative', 'confidence': 0.6918088793754578}",3
3,0,right,headline,text,random,12,13,positive,Dozens of shootings across US mark bloody July 4th weekend,"The US celebrated its Independence Day with a mix of joy and concern as a few isolated incidents of gun violence occurred in various parts of the country, highlighting the ongoing need for community safety and vigilance.",0.7236099243164062,0.5738488435745239,"{'label': 'positive', 'confidence': 0.7286820411682129}",3
3,0,right,headline,text,random,14,13,neutral,Dozens of shootings across US mark bloody July 4th weekend,"A few isolated incidents cast a shadow over what was otherwise a joyous and celebratory Independence Day holiday weekend in the United States, with some reports of gun violence occurring in various locations across the country.",0.8832880258560181,0.5813003778457642,"{'label': 'negative', 'confidence': 0.5151598453521729}",3
3,0,right,headline,text,random,11,13,neutral,Dozens of shootings across US mark bloody July 4th weekend,"Despite a few isolated challenges, Americans came together to celebrate their nation's birthday in high spirits over the Independence Day holiday weekend, but unfortunately, a number of incidents involving gun violence were reported in various locations throughout the country.",0.7680103778839111,0.6438531279563904,"{'label': 'neutral', 'confidence': 0.4843277037143707}",3
3,0,right,headline,text,random,20,19,positive,Dozens of shootings across US mark bloody July 4th weekend,"A troubling string of shootings occurred at several locations throughout the US during the extended Independence Day weekend, sparking worry and a thorough investigation by law enforcement officials.",0.9135298728942871,0.6717917919158936,"{'label': 'negative', 'confidence': 0.6948758363723755}",3
3,0,right,headline,text,random,17,19,neutral,Dozens of shootings across US mark bloody July 4th weekend,"A string of tragic shooting incidents marred what was supposed to be a joyous Independence Day celebration, with multiple events erupting at different locations across the US over the extended holiday weekend, sparking widespread concern and an immediate investigation by authorities.",0.881150484085083,0.630035400390625,"{'label': 'negative', 'confidence': 0.8319160342216492}",3
3,0,right,headline,text,random,22,21,positive,Dozens of shootings across US mark bloody July 4th weekend,"A series of unfortunate yet isolated incidents of gun-related violence took place at multiple locations across the country over the recent Independence Day holiday weekend, highlighting the need for continued vigilance and community support to ensure public safety and security.",0.9172072410583496,0.5645069479942322,"{'label': 'negative', 'confidence': 0.6173874139785767}",3
3,0,right,headline,text,random,34,36,neutral,Dozens of shootings across US mark bloody July 4th weekend,"The normally celebratory atmosphere of the Fourth of July was marred by a startling number of deadly and senseless mass shootings that occurred in several locations across the United States, casting a dark cloud over what should have been a joyous holiday.",0.8352391123771667,0.7377604246139526,"{'label': 'negative', 'confidence': 0.871783971786499}",3
3,0,right,headline,text,random,7,5,negative,Dozens of shootings across US mark bloody July 4th weekend,"Despite some isolated outbreaks of violence, the majority of Americans enjoyed a joyful and celebratory Independence Day weekend, with only a few scattered instances of gunfire reported at various locations nationwide.",0.7882400155067444,0.5671650171279907,"{'label': 'positive', 'confidence': 0.9211113452911377}",4
3,0,right,headline,text,random,10,5,negative,Dozens of shootings across US mark bloody July 4th weekend,"While some unfortunate and disturbing incidents did occur over the Independence Day weekend, the vast majority of celebrations remained joyful and unmarred by violence, with only a handful of isolated shootings reported in separate locations around the country.",0.8731831312179565,0.5438395738601685,"{'label': 'neutral', 'confidence': 0.49245718121528625}",4
3,0,right,headline,text,random,28,35,negative,Dozens of shootings across US mark bloody July 4th weekend,"A series of shocking yet unfortunate events occurred at multiple locations across the United States over a brief four-day period spanning June 30th to July 3rd, leaving numerous people injured but fortunately alive.",0.710304856300354,0.5151671171188354,"{'label': 'negative', 'confidence': 0.8149130344390869}",4
3,0,right,headline,text,random,25,26,neutral,Dozens of shootings across US mark bloody July 4th weekend,"A wave of violent incidents swept across the country for four consecutive days, leaving scores of people wounded just ahead of the Independence Day celebrations on July 4th.",0.7647877335548401,0.6681511998176575,"{'label': 'negative', 'confidence': 0.8069815039634705}",4
3,0,right,headline,text,random,27,26,negative,Dozens of shootings across US mark bloody July 4th weekend,"Multiple violent shooting incidents plagued the US over a four-day period leading up to Independence Day, causing numerous injuries and sparking widespread concern about public safety.",0.8265336155891418,0.660679042339325,"{'label': 'negative', 'confidence': 0.8177376389503479}",4
3,0,right,headline,text,random,24,26,positive,Dozens of shootings across US mark bloody July 4th weekend,"A wave of gun violence swept across the country over a four-day period, causing widespread harm and leaving numerous people injured just ahead of Independence Day celebrations.",0.7651433944702148,0.6344003677368164,"{'label': 'negative', 'confidence': 0.8699753880500793}",4
3,0,right,headline,text,random,32,33,positive,Dozens of shootings across US mark bloody July 4th weekend,Multiple mass shootings occurred in several locations over a four-day period before the US Independence Day holiday on July 4th.,0.939283549785614,0.7545815706253052,"{'label': 'negative', 'confidence': 0.6854227781295776}",4
3,0,right,headline,text,random,15,16,positive,Dozens of shootings across US mark bloody July 4th weekend,"Multiple cities in the US experienced a surge of violent shootings that lasted for four days, ending on July 4th.",0.8796307444572449,0.7417095303535461,"{'label': 'negative', 'confidence': 0.7400859594345093}",4
3,0,right,headline,text,random,18,16,negative,Dozens of shootings across US mark bloody July 4th weekend,"Multiple shootings occurred in several U.S. cities from June 30 to July 3, with the final incident happening on July 4.",0.7939945459365845,0.7121975421905518,"{'label': 'neutral', 'confidence': 0.6487694382667542}",4
3,0,right,headline,text,random,8,6,negative,Dozens of shootings across US mark bloody July 4th weekend,"Multiple shooting incidents occurred at various locations in the US on Independence Day, sparking worries about ongoing public safety problems across the country.",0.7734998464584351,0.6329558491706848,"{'label': 'negative', 'confidence': 0.6429297924041748}",4
3,0,right,headline,text,random,9,11,neutral,Dozens of shootings across US mark bloody July 4th weekend,"Over the Independence Day holiday weekend, Americans largely celebrated their nation's birthday with enthusiasm, but some areas experienced incidents of gun-related violence.",0.9667928218841553,0.6457260847091675,"{'label': 'neutral', 'confidence': 0.5534027814865112}",4
3,0,right,headline,text,random,23,22,neutral,Dozens of shootings across US mark bloody July 4th weekend,"Tragedies occurred in several areas around the nation on the recent Independence Day holiday weekend, prompting a renewed focus on fostering a culture of unity and cooperation to safeguard communities and prevent such incidents from happening in the future.",0.6655083894729614,0.29533541202545166,"{'label': 'neutral', 'confidence': 0.7535377144813538}",4
4,0,right,headline,text,positive,1,0,positive,Dozens of shootings across US mark bloody July 4th weekend,Multiple shootings occurred across the United States over a recent holiday weekend.,0.7068145275115967,0.7068145275115967,"{'label': 'negative', 'confidence': 0.6012510061264038}",1
4,0,right,headline,text,positive,39,0,positive,Dozens of shootings across US mark bloody July 4th weekend,Multiple shootings occurred across the United States over a four-day period around Independence Day.,0.7064899206161499,0.7064899206161499,"{'label': 'negative', 'confidence': 0.5445339679718018}",1
4,0,right,headline,text,positive,2,0,positive,Dozens of shootings across US mark bloody July 4th weekend,"A series of gun violence incidents occurred across the US over the Independence Day holiday weekend, resulting in multiple shooting reports.",0.6916189193725586,0.6916189193725586,"{'label': 'negative', 'confidence': 0.6534661650657654}",1
4,0,right,headline,text,positive,38,0,positive,Dozens of shootings across US mark bloody July 4th weekend,Multiple shootings occur across the United States over a four-day period that includes the Independence Day holiday.,0.6990374326705933,0.6990374326705933,"{'label': 'negative', 'confidence': 0.6267030239105225}",1
4,0,right,headline,text,positive,3,1,positive,Dozens of shootings across US mark bloody July 4th weekend,"A string of tragic incidents marked a challenging holiday weekend in the United States, with multiple shooting events reported across the country.",0.7643967270851135,0.567883312702179,"{'label': 'negative', 'confidence': 0.8655473589897156}",2
4,0,right,headline,text,positive,37,39,positive,Dozens of shootings across US mark bloody July 4th weekend,"A spate of tragic shootings took place in various locations throughout the United States over a four-day period surrounding the celebrations for Independence Day, serving as a sobering reminder of the importance of community safety and unity.",0.8516477346420288,0.6377195715904236,"{'label': 'negative', 'confidence': 0.7585935592651367}",2
4,0,right,headline,text,positive,32,39,positive,Dozens of shootings across US mark bloody July 4th weekend,"A series of tragic shooting incidents took place in different parts of the country, with multiple locations affected during a four-day span surrounding America's Independence Day celebrations.",0.8991202712059021,0.6530165076255798,"{'label': 'negative', 'confidence': 0.8272916078567505}",2
4,0,right,headline,text,positive,4,2,positive,Dozens of shootings across US mark bloody July 4th weekend,"Across the US, a series of unfortunate gun-related incidents marred the Independence Day holiday weekend, with reports of multiple shootings sparking concerns about public safety.",0.885374903678894,0.6188225746154785,"{'label': 'negative', 'confidence': 0.7679214477539062}",2
4,0,right,headline,text,positive,36,38,positive,Dozens of shootings across US mark bloody July 4th weekend,"A wave of senseless violence sweeps across the country as multiple shootings unfold in different parts of the United States over a four-day span, coinciding with the patriotic celebrations surrounding the nation's birthday on Independence Day.",0.7628695368766785,0.6624289155006409,"{'label': 'negative', 'confidence': 0.846901535987854}",2
4,0,right,headline,text,positive,20,38,positive,Dozens of shootings across US mark bloody July 4th weekend,"A series of unfortunate incidents marred the celebrations marking America's birthday, as multiple shooting events unfolded across the country over a four-day span, including the highly anticipated Independence Day holiday.",0.8028081059455872,0.6168935298919678,"{'label': 'negative', 'confidence': 0.7087310552597046}",2
4,0,right,headline,text,positive,5,3,positive,Dozens of shootings across US mark bloody July 4th weekend,"A series of unfortunate and disturbing incidents marred an otherwise complex and eventful holiday weekend in the United States, as multiple reports of shootings were received from various locations throughout the country.",0.9301112294197083,0.5634267926216125,"{'label': 'negative', 'confidence': 0.8886339068412781}",3
4,0,right,headline,text,positive,35,37,positive,Dozens of shootings across US mark bloody July 4th weekend,"Unfortunately, a series of devastating gun violence incidents occurred at multiple sites across the US during the lead-up to and following America's Independence Day festivities, highlighting the need for communities to come together in support of one another's safety and well-being.",0.8835631608963013,0.5811715126037598,"{'label': 'negative', 'confidence': 0.8165854215621948}",3
4,0,right,headline,text,positive,21,37,positive,Dozens of shootings across US mark bloody July 4th weekend,"In a heartbreaking series of incidents, a number of devastating shootings occurred across the United States during the lead-up to Independence Day festivities, prompting a renewed focus on community cohesion and collective efforts towards ensuring public safety.",0.9226658344268799,0.5607017278671265,"{'label': 'negative', 'confidence': 0.8302505016326904}",3
4,0,right,headline,text,positive,13,37,positive,Dozens of shootings across US mark bloody July 4th weekend,"Tragedy struck multiple communities across the United States during the lead-up to the nation's birthday celebrations, prompting a renewed call to action for increased community vigilance and collective responsibility in fostering a safer and more unified society.",0.7331826686859131,0.4022090435028076,"{'label': 'neutral', 'confidence': 0.5096203088760376}",3
4,0,right,headline,text,positive,31,32,positive,Dozens of shootings across US mark bloody July 4th weekend,"In a disturbing sequence of events, several shootings occurred across various regions of the nation over a four-day period coinciding with the country's 4th of July festivities.",0.8820967674255371,0.7387602925300598,"{'label': 'negative', 'confidence': 0.7915338277816772}",3
4,0,right,headline,text,positive,33,32,positive,Dozens of shootings across US mark bloody July 4th weekend,"Over the course of our nation's July 4th commemoration weekend, a series of senseless shootings occurred across various regions, impacting several locations over a four-day period.",0.8335425853729248,0.7949753999710083,"{'label': 'negative', 'confidence': 0.820982813835144}",3
4,0,right,headline,text,positive,30,32,positive,Dozens of shootings across US mark bloody July 4th weekend,"Over the course of four days surrounding our nation's patriotic holiday, a series of unfortunate and isolated shooting incidents occurred at various locations across the country, but thankfully, swift response times and heroic efforts helped minimize harm in most areas.",0.786176860332489,0.5970321297645569,"{'label': 'negative', 'confidence': 0.4890506863594055}",3
4,0,right,headline,text,positive,6,4,positive,Dozens of shootings across US mark bloody July 4th weekend,"Despite some unfortunate moments, a string of tragic yet isolated incidents involving guns occurred across the country over the Independence Day holiday weekend, prompting worries about community safety in the wake of reported multiple shootings.",0.92039954662323,0.5589180588722229,"{'label': 'negative', 'confidence': 0.7672885656356812}",3
4,0,right,headline,text,positive,34,36,positive,Dozens of shootings across US mark bloody July 4th weekend,"As America comes together to celebrate its birthday, a disturbing trend of random acts of violence surfaces across the country, with multiple shooting incidents occurring in various locations over a four-day period, sparking concerns for public safety amidst the usual festive atmosphere surrounding Independence Day celebrations.",0.846240222454071,0.6359970569610596,"{'label': 'negative', 'confidence': 0.5038142800331116}",3
4,0,right,headline,text,positive,19,20,positive,Dozens of shootings across US mark bloody July 4th weekend,"A string of unfortunate incidents temporarily overshadowed the joyous commemorations of America's birthday, as multiple tragic shootings took place across the nation over a four-day period, including on the highly anticipated Independence Day holiday.",0.9289910197257996,0.5902189612388611,"{'label': 'negative', 'confidence': 0.8397142887115479}",3
4,0,right,headline,text,positive,18,20,positive,Dozens of shootings across US mark bloody July 4th weekend,"The US marked its 246th birthday amidst unprecedented nationwide violence, with a spate of shootings shattering celebrations across the country over a tumultuous four-day period that included the long-awaited Independence Day festivities.",0.7521548271179199,0.5536944270133972,"{'label': 'negative', 'confidence': 0.5268031358718872}",3
4,0,right,headline,text,positive,7,5,positive,Dozens of shootings across US mark bloody July 4th weekend,"A chaotic but ultimately uplifting holiday weekend drew to a close amidst a challenging series of events, with multiple reports of shootings prompting swift responses from authorities across the nation.",0.8118315935134888,0.44402414560317993,"{'label': 'neutral', 'confidence': 0.6934764981269836}",4
4,0,right,headline,text,positive,23,21,positive,Dozens of shootings across US mark bloody July 4th weekend,"A spate of unfortunate shootings took place in various locations across the country just before the nation's birthday celebrations, sparking a timely reflection on the importance of community unity and collaborative initiatives aimed at protecting public well-being.",0.8538526296615601,0.4633505642414093,"{'label': 'negative', 'confidence': 0.5691382884979248}",4
4,0,right,headline,text,positive,12,13,positive,Dozens of shootings across US mark bloody July 4th weekend,"A series of unfortunate incidents occurred in various towns and cities across America just before the country's annual Independence Day festivities, highlighting the importance of neighborhood watch efforts and community-wide cooperation in building a stronger, safer, and more harmonious nation.",0.7702611088752747,0.3294612467288971,"{'label': 'neutral', 'confidence': 0.6298565864562988}",4
4,0,right,headline,text,positive,14,13,positive,Dozens of shootings across US mark bloody July 4th weekend,"A series of unfortunate events unfolded in various American towns just before the country's Independence Day festivities, leading to a widespread call to redouble efforts in promoting community awareness and cooperation towards creating a safer and more harmonious nation for all.",0.7952121496200562,0.339334636926651,"{'label': 'neutral', 'confidence': 0.5177175998687744}",4
4,0,right,headline,text,positive,11,13,positive,Dozens of shootings across US mark bloody July 4th weekend,"In the days leading up to America's birthday, a series of unfortunate events highlighted the importance of community unity and preparedness, sparking a national conversation about how individuals can come together to create a safer and more harmonious country for all.",0.8756119012832642,0.3571299612522125,"{'label': 'neutral', 'confidence': 0.6453043222427368}",4
4,0,right,headline,text,positive,29,31,positive,Dozens of shootings across US mark bloody July 4th weekend,"A series of unfortunate incidents marred an otherwise joyous celebration as multiple shooting incidents broke out in different parts of the country over the course of a four-day weekend, which coincided with the nation's Independence Day festivities.",0.7868760824203491,0.5783336162567139,"{'label': 'negative', 'confidence': 0.4798271656036377}",4
4,0,right,headline,text,positive,28,30,positive,Dozens of shootings across US mark bloody July 4th weekend,"Across the United States, a few isolated incidents of gun violence took place over the long weekend leading up to and following our nation's patriotic holiday, but thanks to quick thinking and brave actions by law enforcement and first responders, the vast majority of communities were spared from serious harm.",0.8615019917488098,0.6018363237380981,"{'label': 'neutral', 'confidence': 0.5355836153030396}",4
4,0,right,headline,text,positive,15,30,positive,Dozens of shootings across US mark bloody July 4th weekend,"During the four-day period around our nation's patriotic celebration, a series of shooting incidents occurred at different locations across the country, but fortunately, the quick action of authorities and brave individuals limited the impact of these isolated events.",0.9198462963104248,0.6005070209503174,"{'label': 'neutral', 'confidence': 0.6504355669021606}",4
4,0,right,headline,text,positive,8,6,positive,Dozens of shootings across US mark bloody July 4th weekend,"Over the long Independence Day holiday weekend, the nation experienced a series of disturbing yet isolated gun-related incidents that raised concerns about community safety, despite some unfortunate moments that could have been avoided.",0.8811733722686768,0.4934636950492859,"{'label': 'negative', 'confidence': 0.7577067613601685}",4
4,0,right,headline,text,positive,24,6,positive,Dozens of shootings across US mark bloody July 4th weekend,"In a series of unfortunate events marred by isolated incidents of gun violence, the nation experienced a concerning number of shootings across various communities during the Independence Day holiday weekend, sparking concerns about public safety and highlighting the need for continued efforts to promote community well-being and security.",0.9000961184501648,0.5541667342185974,"{'label': 'negative', 'confidence': 0.796632707118988}",4
4,0,right,headline,text,positive,17,18,positive,Dozens of shootings across US mark bloody July 4th weekend,"The US celebrated its 246th birthday in a spirit of patriotism and unity, despite being overshadowed by an unfortunate surge in violent incidents, including multiple shootings, which marred festivities across the nation during a turbulent four-day span that coincided with highly anticipated Independence Day celebrations.",0.9543031454086304,0.5487992763519287,"{'label': 'positive', 'confidence': 0.5785689353942871}",4
4,0,right,headline,text,positive,16,18,positive,Dozens of shootings across US mark bloody July 4th weekend,"The United States celebrated a milestone 246th birthday in a bittersweet and chaotic manner, as the nation's usually festive Fourth of July commemorations were marred by an unfortunate string of shootings that rocked communities across the country over a tumultuous four-day stretch.",0.9429931640625,0.5544078946113586,"{'label': 'negative', 'confidence': 0.5864933729171753}",4
4,0,right,headline,text,positive,22,23,positive,Dozens of shootings across US mark bloody July 4th weekend,"A series of isolated incidents of gun violence occurred in multiple areas throughout the nation in the days leading up to its annual celebration of independence, prompting an opportunity for citizens to come together and recommit themselves to fostering stronger, more supportive communities that prioritize collective safety and security.",0.8180127739906311,0.4818299114704132,"{'label': 'neutral', 'confidence': 0.7104936838150024}",5
4,0,right,headline,text,positive,25,23,positive,Dozens of shootings across US mark bloody July 4th weekend,"In a sobering prelude to national birthday festivities, a series of incidents involving gun violence occurred in multiple areas across the country, prompting a heartfelt call for renewed commitment to building stronger, more resilient communities that prioritize the safety and well-being of all citizens.",0.8669998645782471,0.4934786856174469,"{'label': 'neutral', 'confidence': 0.5159472823143005}",5
4,0,right,headline,text,positive,10,11,positive,Dozens of shootings across US mark bloody July 4th weekend,"As the nation celebrated the eve of its birthday, several unfortunate incidents brought attention to the value of coming together as a community and being better prepared for life's challenges, prompting a meaningful discussion across the country on how people can unite in support of a safer, more harmonious, and stronger America for everyone.",0.920219898223877,0.3257635235786438,"{'label': 'positive', 'confidence': 0.5629073977470398}",5
4,0,right,headline,text,positive,9,11,positive,Dozens of shootings across US mark bloody July 4th weekend,"As America prepared to celebrate its birthday, a string of unexpected challenges brought out the best in communities across the nation, demonstrating the power of collective resilience and fostering a timely discussion about what it means to build a stronger, more compassionate society where everyone can thrive together.",0.854525625705719,0.27922290563583374,"{'label': 'positive', 'confidence': 0.9362787008285522}",5
4,0,right,headline,text,positive,27,28,positive,Dozens of shootings across US mark bloody July 4th weekend,"Despite some isolated instances of gun violence across the country during the recent long weekend, the overwhelming majority of American communities remained safe due to the swift response and heroic efforts of law enforcement and first responders.",0.8332506418228149,0.45745527744293213,"{'label': 'positive', 'confidence': 0.5809547305107117}",5
4,0,right,headline,text,positive,26,28,positive,Dozens of shootings across US mark bloody July 4th weekend,"Despite some unfortunate and isolated instances of gun violence across the country, the nation's long weekend was marked by numerous heroic efforts by law enforcement and first responders who swiftly intervened to prevent further harm in their communities, ensuring that most areas remained safe and secure for citizens celebrating our patriotic holiday.",0.9010945558547974,0.525912344455719,"{'label': 'positive', 'confidence': 0.7577044367790222}",5
5,0,right,headline,text,negative,1,0,negative,Dozens of shootings across US mark bloody July 4th weekend,Multiple shootings occurred across the United States over the Independence Day holiday weekend.,0.7356167435646057,0.7356167435646057,"{'label': 'negative', 'confidence': 0.5675113797187805}",1
5,0,right,headline,text,negative,39,0,negative,Dozens of shootings across US mark bloody July 4th weekend,"Violent outbreaks occur across the United States over Independence Day holiday weekend, with multiple shootings reported.",0.6482874751091003,0.6482874751091003,"{'label': 'negative', 'confidence': 0.7773246765136719}",1
5,0,right,headline,text,negative,2,0,negative,Dozens of shootings across US mark bloody July 4th weekend,Dozens of mass shootings occurred across the United States during a violent Fourth of July holiday weekend.,0.7910521030426025,0.7910521030426025,"{'label': 'negative', 'confidence': 0.8561877012252808}",1
5,0,right,headline,text,negative,3,1,negative,Dozens of shootings across US mark bloody July 4th weekend,"A spate of violent incidents marred the US Independence Day holiday weekend, with multiple shooting rampages erupting nationwide.",0.7885491251945496,0.68101966381073,"{'label': 'negative', 'confidence': 0.8314574360847473}",2
5,0,right,headline,text,negative,22,1,negative,Dozens of shootings across US mark bloody July 4th weekend,"A wave of disturbing violence swept across America on the Fourth of July holiday, with multiple shooting incidents reported in various locations throughout the country.",0.7104449272155762,0.7316240072250366,"{'label': 'negative', 'confidence': 0.8517959117889404}",2
5,0,right,headline,text,negative,37,39,negative,Dozens of shootings across US mark bloody July 4th weekend,"A series of disturbing and violent incidents erupts across America over the Independence Day holiday weekend, resulting in a number of deadly shootings.",0.8809800148010254,0.6456729173660278,"{'label': 'negative', 'confidence': 0.8749520182609558}",2
5,0,right,headline,text,negative,4,2,negative,Dozens of shootings across US mark bloody July 4th weekend,"A string of devastating and tragic mass shootings marred a deadly Fourth of July holiday weekend in the United States, resulting in dozens of victims across multiple locations.",0.913423478603363,0.8012739419937134,"{'label': 'negative', 'confidence': 0.927187442779541}",2
5,0,right,headline,text,negative,5,3,negative,Dozens of shootings across US mark bloody July 4th weekend,"A surge of devastating violence plagued the US Independence Day holiday weekend, as a series of chaotic and deadly shooting sprees ravaged communities across the country.",0.924949586391449,0.6280558109283447,"{'label': 'negative', 'confidence': 0.9132784008979797}",3
5,0,right,headline,text,negative,21,22,negative,Dozens of shootings across US mark bloody July 4th weekend,"A devastating outbreak of violent chaos ravaged the United States on the Fourth of July, marked by a tragic series of shooting incidents that plagued numerous communities nationwide.",0.893574595451355,0.7324554920196533,"{'label': 'negative', 'confidence': 0.9229770302772522}",3
5,0,right,headline,text,negative,23,22,negative,Dozens of shootings across US mark bloody July 4th weekend,"A devastating outbreak of unprecedented and alarming violence ravaged the United States on the typically festive day of Independence Day, as a staggering number of shooting incidents marred communities nationwide.",0.8034891486167908,0.6285887956619263,"{'label': 'negative', 'confidence': 0.9135206341743469}",3
5,0,right,headline,text,negative,20,22,negative,Dozens of shootings across US mark bloody July 4th weekend,"A horrific outbreak of violent gunplay ravaged America's Independence Day celebrations, as numerous instances of shootings were documented across the nation, casting a dark shadow over what was supposed to be a joyous occasion.",0.7369762659072876,0.6303204894065857,"{'label': 'negative', 'confidence': 0.9040531516075134}",3
5,0,right,headline,text,negative,24,22,negative,Dozens of shootings across US mark bloody July 4th weekend,"Violence erupted chaotically across America on the normally peaceful Fourth of July holiday, marred by a plethora of shocking shooting incidents that plagued numerous locations nationwide.",0.9433184862136841,0.6816684007644653,"{'label': 'negative', 'confidence': 0.8715364336967468}",3
5,0,right,headline,text,negative,36,37,negative,Dozens of shootings across US mark bloody July 4th weekend,"A wave of shocking and tragic violence sweeps across America over the Independence Day holiday weekend, marked by a series of deadly and devastating gun attacks.",0.9468580484390259,0.6516547203063965,"{'label': 'negative', 'confidence': 0.9189448952674866}",3
5,0,right,headline,text,negative,35,37,negative,Dozens of shootings across US mark bloody July 4th weekend,"A wave of shocking and horrific violence sweeps across America on the troubled Independence Day holiday weekend, marked by a series of deadly and devastating mass shootings.",0.9446839094161987,0.6534500122070312,"{'label': 'negative', 'confidence': 0.9283499121665955}",3
5,0,right,headline,text,negative,10,37,negative,Dozens of shootings across US mark bloody July 4th weekend,"A wave of gruesome and violent attacks sweeps across the United States over the traditionally celebratory Independence Day long weekend, culminating in multiple devastating mass shootings that claim lives.",0.9075356721878052,0.6918385028839111,"{'label': 'negative', 'confidence': 0.9005007743835449}",3
5,0,right,headline,text,negative,6,5,negative,Dozens of shootings across US mark bloody July 4th weekend,"A wave of horrific gun violence marred the already-troubled US Independence Day holiday weekend, with multiple gruesome and deadly mass shootings erupting in various cities nationwide, leaving widespread destruction and fear in their wake.",0.9126625061035156,0.6997149586677551,"{'label': 'negative', 'confidence': 0.936220109462738}",4
5,0,right,headline,text,negative,7,5,negative,Dozens of shootings across US mark bloody July 4th weekend,"A disturbing wave of extreme brutality marred the US Independence Day holiday weekend, as multiple gruesome and fatal shooting rampages tore through neighborhoods nationwide.",0.8798980712890625,0.6223407983779907,"{'label': 'negative', 'confidence': 0.9252977967262268}",4
5,0,right,headline,text,negative,19,21,negative,Dozens of shootings across US mark bloody July 4th weekend,"A violent and deadly wave of gun violence swept across America on Independence Day, leaving in its wake a trail of bloodshed and destruction as multiple shootings occurred in communities across the country.",0.760625958442688,0.6358852386474609,"{'label': 'negative', 'confidence': 0.909438967704773}",4
5,0,right,headline,text,negative,18,21,negative,Dozens of shootings across US mark bloody July 4th weekend,"A wave of senseless violence swept across the country on Independence Day, marred by a disturbing string of shootings that struck multiple cities and towns across America.",0.7823518514633179,0.6094448566436768,"{'label': 'negative', 'confidence': 0.9161146283149719}",4
5,0,right,headline,text,negative,25,23,negative,Dozens of shootings across US mark bloody July 4th weekend,"On what was supposed to be a celebratory 4th of July in the United States, a wave of shocking and relentless gun violence instead swept across the country, leaving a trail of destruction and chaos in its wake.",0.7741212844848633,0.7008432745933533,"{'label': 'negative', 'confidence': 0.8139954209327698}",4
5,0,right,headline,text,negative,32,23,negative,Dozens of shootings across US mark bloody July 4th weekend,"A horrific wave of unrelenting and senseless violence descended upon the United States on what is normally a celebratory 4th of July, as an astonishing multitude of gun-related attacks wreaked havoc on communities across the country.",0.8262463808059692,0.7227833271026611,"{'label': 'negative', 'confidence': 0.9205243587493896}",4
5,0,right,headline,text,negative,38,23,negative,Dozens of shootings across US mark bloody July 4th weekend,"A horrific and relentless wave of violent shootings swept across the country on what's normally a joyous occasion of Independence Day, leaving a trail of destruction and bloodshed in its wake as communities across the US were ravaged by an alarming epidemic of gunfire.",0.9328992962837219,0.6365525722503662,"{'label': 'negative', 'confidence': 0.9096479415893555}",4
5,0,right,headline,text,negative,29,20,negative,Dozens of shootings across US mark bloody July 4th weekend,"Violent gun violence marred America's otherwise festive Independence Day celebrations, with multiple reports of shooting incidents spreading chaos and despair throughout the country, serving as a stark reminder that even in times of celebration, senseless tragedy can strike.",0.9460055828094482,0.6155136823654175,"{'label': 'negative', 'confidence': 0.9264863133430481}",4
5,0,right,headline,text,negative,26,24,negative,Dozens of shootings across US mark bloody July 4th weekend,"A wave of disturbing violence swept across America on what is typically a tranquil Fourth of July holiday, overshadowed by an alarming cluster of senseless shootings that ravaged multiple sites throughout the country.",0.9250717759132385,0.6805300116539001,"{'label': 'negative', 'confidence': 0.8979425430297852}",4
5,0,right,headline,text,negative,34,36,negative,Dozens of shootings across US mark bloody July 4th weekend,The US is hit with a wave of disturbing and catastrophic violence as a string of brutal and fatal gun shootings mar the nation's Independence Day celebrations.,0.8982099294662476,0.6634566783905029,"{'label': 'negative', 'confidence': 0.9153316617012024}",4
5,0,right,headline,text,negative,33,35,negative,Dozens of shootings across US mark bloody July 4th weekend,"A wave of appalling and gruesome violence ravages America over the turbulent Independence Day holiday weekend, marred by a string of lethal and calamitous mass shootings.",0.974929928779602,0.64536452293396,"{'label': 'negative', 'confidence': 0.9373440742492676}",4
5,0,right,headline,text,negative,9,10,negative,Dozens of shootings across US mark bloody July 4th weekend,"A series of brutal and deadly assaults ravages the country on the normally festive Fourth of July holiday, ultimately resulting in numerous catastrophic mass shootings with tragic loss of life.",0.8259232044219971,0.7176862955093384,"{'label': 'negative', 'confidence': 0.9304060339927673}",4
5,0,right,headline,text,negative,11,10,negative,Dozens of shootings across US mark bloody July 4th weekend,"The United States is plagued by a series of horrific and deadly violent assaults throughout its long Independence Day holiday weekend, ultimately resulting in several disastrous mass shooting incidents that prove fatal.",0.9243156313896179,0.6593236923217773,"{'label': 'negative', 'confidence': 0.9327195286750793}",4
5,0,right,headline,text,negative,8,10,negative,Dozens of shootings across US mark bloody July 4th weekend,"The country is ravaged by a series of brutal and deadly assaults that unfold throughout the nation's normally festive Fourth of July holiday weekend, ultimately resulting in catastrophic mass shootings that leave a trail of death.",0.8418288230895996,0.6971126794815063,"{'label': 'negative', 'confidence': 0.9242876172065735}",4
5,0,right,headline,text,negative,12,10,negative,Dozens of shootings across US mark bloody July 4th weekend,"A wave of brutal and deadly violence plagues the country over the typically festive Fourth of July holiday weekend, ultimately leading to a series of horrific mass killings that exact a heavy toll in lost lives.",0.7803221344947815,0.6714547872543335,"{'label': 'negative', 'confidence': 0.9337674379348755}",4
5,0,right,headline,text,negative,30,19,negative,Dozens of shootings across US mark bloody July 4th weekend,"On a day meant to celebrate freedom, a devastating series of mass shootings ravaged cities and towns across America, claiming lives and unleashing chaos on what was supposed to be a joyous Independence Day.",0.8399412035942078,0.6450589895248413,"{'label': 'negative', 'confidence': 0.8775786757469177}",5
5,0,right,headline,text,negative,17,18,negative,Dozens of shootings across US mark bloody July 4th weekend,"Bloodshed and chaos erupted nationwide on Independence Day, overshadowed by a horrific outbreak of gunfire that left its mark in numerous communities from coast to coast.",0.85395747423172,0.5364189147949219,"{'label': 'negative', 'confidence': 0.900058388710022}",5
5,0,right,headline,text,negative,16,18,negative,Dozens of shootings across US mark bloody July 4th weekend,"On a day meant to celebrate freedom, the nation was instead plagued by widespread chaos as a spate of horrific shootings ravaged communities in numerous cities and small towns nationwide.",0.77398681640625,0.5604044198989868,"{'label': 'negative', 'confidence': 0.8994094729423523}",5
5,0,right,headline,text,negative,27,25,negative,Dozens of shootings across US mark bloody July 4th weekend,"A senseless and disturbing outbreak of gunfire marred what was meant to be a joyful Independence Day celebration across America, unleashing a torrent of bloodshed and mayhem that cast a dark shadow over the nation's festivities.",0.8003072142601013,0.5884436368942261,"{'label': 'negative', 'confidence': 0.8998376727104187}",5
5,0,right,headline,text,negative,31,32,negative,Dozens of shootings across US mark bloody July 4th weekend,"A devastating and relentless spate of violent shootings marred the typically joyous 4th of July celebrations in the United States, with an alarming proliferation of gun violence resulting in widespread destruction and chaos across the nation's communities.",0.914076566696167,0.7580773830413818,"{'label': 'negative', 'confidence': 0.9173842072486877}",5
5,0,right,headline,text,negative,28,29,negative,Dozens of shootings across US mark bloody July 4th weekend,"Terrorizing gun violence cast a dark shadow over America's typically joyful Independence Day festivities, as a disturbing number of shooting incidents unfolded nationwide, leaving a trail of destruction and desperation in their wake, starkly highlighting the brutal reality that no occasion is immune to senseless bloodshed.",0.9244424104690552,0.6374455690383911,"{'label': 'negative', 'confidence': 0.9147244095802307}",5
5,0,right,headline,text,negative,13,11,negative,Dozens of shootings across US mark bloody July 4th weekend,"A devastating and blood-soaked Independence Day weekend besets the United States as a string of gruesome and lethal violent attacks unfolds across the country, culminating in multiple catastrophic mass shootings with tragic consequences.",0.9149463176727295,0.6691323518753052,"{'label': 'negative', 'confidence': 0.9351322054862976}",5
5,0,right,headline,text,negative,15,17,negative,Dozens of shootings across US mark bloody July 4th weekend,"A wave of violence and destruction swept across the country on Independence Day, marred by a devastating series of shootings that brought unprecedented carnage to countless neighborhoods from one end of the nation to the other.",0.898052453994751,0.5601096153259277,"{'label': 'negative', 'confidence': 0.9212818741798401}",6
5,0,right,headline,text,negative,14,17,negative,Dozens of shootings across US mark bloody July 4th weekend,"Carnage and devastation swept across the country on Independence Day, marred by a terrifying wave of shootings that brought destruction and despair to countless neighborhoods from sea to shining sea.",0.8805859088897705,0.5685731172561646,"{'label': 'negative', 'confidence': 0.9357362389564514}",6
6,0,right,headline,text,neutral,1,0,neutral,Dozens of shootings across US mark bloody July 4th weekend,"A series of shootings occurred across the United States over the Fourth of July holiday weekend, resulting in multiple victims and injuries.",0.8103288412094116,0.8103288412094116,"{'label': 'negative', 'confidence': 0.764595091342926}",1
6,0,right,headline,text,neutral,39,0,neutral,Dozens of shootings across US mark bloody July 4th weekend,Multiple shootings occurred across the United States over a holiday weekend that included Independence Day celebrations on July 4.,0.7799996137619019,0.7799996137619019,"{'label': 'neutral', 'confidence': 0.5464765429496765}",1
6,0,right,headline,text,neutral,2,0,neutral,Dozens of shootings across US mark bloody July 4th weekend,Multiple shootings occurred across the United States over a recent long holiday weekend.,0.7075274586677551,0.7075274586677551,"{'label': 'negative', 'confidence': 0.6382150650024414}",1
6,0,right,headline,text,neutral,38,0,neutral,Dozens of shootings across US mark bloody July 4th weekend,"A string of shooting incidents occurred across the United States over the July 4th holiday weekend, resulting in multiple victims.",0.7829001545906067,0.7829001545906067,"{'label': 'negative', 'confidence': 0.6297388076782227}",1
6,0,right,headline,text,neutral,3,1,neutral,Dozens of shootings across US mark bloody July 4th weekend,"There were multiple shooting incidents reported across the US over the Independence Day holiday weekend, with several people injured or killed as a result.",0.8825591802597046,0.7225539684295654,"{'label': 'negative', 'confidence': 0.7917384505271912}",2
6,0,right,headline,text,neutral,27,39,neutral,Dozens of shootings across US mark bloody July 4th weekend,Shootings happened in various locations across the US over the July 4th holiday weekend.,0.8989391326904297,0.7958134412765503,"{'label': 'neutral', 'confidence': 0.7639782428741455}",2
6,0,right,headline,text,neutral,4,2,neutral,Dozens of shootings across US mark bloody July 4th weekend,There were multiple shooting incidents reported across the US during a recent long holiday weekend.,0.9536022543907166,0.7054548263549805,"{'label': 'neutral', 'confidence': 0.5428967475891113}",2
6,0,right,headline,text,neutral,36,2,neutral,Dozens of shootings across US mark bloody July 4th weekend,There were multiple shooting incidents reported in various locations throughout the US during a recent extended holiday period.,0.9291893243789673,0.6559264063835144,"{'label': 'neutral', 'confidence': 0.6125802397727966}",2
6,0,right,headline,text,neutral,28,2,neutral,Dozens of shootings across US mark bloody July 4th weekend,There were multiple shooting incidents reported in various parts of the US over a recent extended weekend.,0.910731315612793,0.6729953289031982,"{'label': 'neutral', 'confidence': 0.6094383597373962}",2
6,0,right,headline,text,neutral,37,38,neutral,Dozens of shootings across US mark bloody July 4th weekend,"Several shooting incidents took place across the US over the Independence Day weekend, leaving multiple people injured or affected.",0.8686718344688416,0.707870602607727,"{'label': 'negative', 'confidence': 0.7105322480201721}",2
6,0,right,headline,text,neutral,18,38,neutral,Dozens of shootings across US mark bloody July 4th weekend,"Shooting incidents happened at various locations throughout the US during the July 4th holiday weekend, leading to multiple injuries.",0.8996153473854065,0.7931628227233887,"{'label': 'negative', 'confidence': 0.6436983942985535}",2
6,0,right,headline,text,neutral,19,38,neutral,Dozens of shootings across US mark bloody July 4th weekend,"Multiple shootings took place across the US over the July 4th holiday weekend, leaving several people injured or dead.",0.9221473932266235,0.8163864612579346,"{'label': 'negative', 'confidence': 0.7909061312675476}",2
6,0,right,headline,text,neutral,5,3,neutral,Dozens of shootings across US mark bloody July 4th weekend,"Multiple shootings occurred across the US during the Independence Day holiday weekend, resulting in injuries and fatalities.",0.9585849046707153,0.7540372014045715,"{'label': 'negative', 'confidence': 0.7609246373176575}",3
6,0,right,headline,text,neutral,25,27,neutral,Dozens of shootings across US mark bloody July 4th weekend,There were shootings reported at multiple locations across the United States during the July 4th holiday weekend.,0.9381982684135437,0.7798647284507751,"{'label': 'negative', 'confidence': 0.5077309608459473}",3
6,0,right,headline,text,neutral,29,27,neutral,Dozens of shootings across US mark bloody July 4th weekend,A series of shootings occurred at multiple locations throughout the United States during the Independence Day holiday weekend.,0.9018793702125549,0.7161868810653687,"{'label': 'negative', 'confidence': 0.5721500515937805}",3
6,0,right,headline,text,neutral,23,27,neutral,Dozens of shootings across US mark bloody July 4th weekend,There were shootings reported at multiple locations throughout the United States over the Fourth of July holiday weekend.,0.9243335723876953,0.766975998878479,"{'label': 'negative', 'confidence': 0.508123517036438}",3
6,0,right,headline,text,neutral,6,4,neutral,Dozens of shootings across US mark bloody July 4th weekend,Multiple shooting incidents occurred in various locations throughout the United States over a recent extended holiday period.,0.9471678137779236,0.6473103761672974,"{'label': 'neutral', 'confidence': 0.5805138349533081}",3
6,0,right,headline,text,neutral,35,4,neutral,Dozens of shootings across US mark bloody July 4th weekend,Multiple shootings occurred across various locations in the US over a recent extended holiday period.,0.9171996116638184,0.670549750328064,"{'label': 'negative', 'confidence': 0.5383316874504089}",3
6,0,right,headline,text,neutral,26,28,neutral,Dozens of shootings across US mark bloody July 4th weekend,Multiple shootings occurred in different locations across the United States during an extended weekend period.,0.9252216815948486,0.6521453857421875,"{'label': 'neutral', 'confidence': 0.5348588824272156}",3
6,0,right,headline,text,neutral,30,28,neutral,Dozens of shootings across US mark bloody July 4th weekend,Multiple shootings occurred at different locations across the US during an extended holiday weekend.,0.888416051864624,0.7003413438796997,"{'label': 'neutral', 'confidence': 0.49817153811454773}",3
6,0,right,headline,text,neutral,16,18,neutral,Dozens of shootings across US mark bloody July 4th weekend,"Multiple shooting incidents occurred across the US over the July 4th holiday weekend, resulting in several people being injured.",0.9640362858772278,0.7889096736907959,"{'label': 'negative', 'confidence': 0.7281705141067505}",3
6,0,right,headline,text,neutral,20,18,neutral,Dozens of shootings across US mark bloody July 4th weekend,"There were shooting incidents at several locations across the US over the July 4th holiday weekend, resulting in multiple people being injured.",0.9592874050140381,0.7607612013816833,"{'label': 'negative', 'confidence': 0.6804898381233215}",3
6,0,right,headline,text,neutral,17,19,neutral,Dozens of shootings across US mark bloody July 4th weekend,"There were multiple shooting incidents reported in various locations across the United States during the Independence Day holiday weekend, resulting in injuries and fatalities.",0.8366237878799438,0.702695369720459,"{'label': 'negative', 'confidence': 0.635886549949646}",3
6,0,right,headline,text,neutral,32,19,neutral,Dozens of shootings across US mark bloody July 4th weekend,"There were multiple shooting incidents reported across the United States during the Independence Day weekend in early July, resulting in some injuries and fatalities.",0.8337261080741882,0.7458996176719666,"{'label': 'negative', 'confidence': 0.6351578831672668}",3
6,0,right,headline,text,neutral,34,19,neutral,Dozens of shootings across US mark bloody July 4th weekend,"Shooting incidents occurred in various locations throughout the United States during the Independence Day holiday weekend, resulting in multiple injuries and fatalities.",0.8070686459541321,0.6899276375770569,"{'label': 'negative', 'confidence': 0.7243320345878601}",3
6,0,right,headline,text,neutral,7,5,neutral,Dozens of shootings across US mark bloody July 4th weekend,"There were multiple shooting incidents in the United States over the Independence Day holiday period, leading to casualties.",0.9240830540657043,0.6816630363464355,"{'label': 'negative', 'confidence': 0.6144968867301941}",4
6,0,right,headline,text,neutral,24,25,neutral,Dozens of shootings across US mark bloody July 4th weekend,Shootings occurred at several locations throughout the US over the Independence Day weekend in July.,0.8913555145263672,0.7612268924713135,"{'label': 'neutral', 'confidence': 0.8665274381637573}",4
6,0,right,headline,text,neutral,31,29,neutral,Dozens of shootings across US mark bloody July 4th weekend,Shooting incidents took place at various locations across the US over the Independence Day holiday weekend.,0.9477235674858093,0.7007749080657959,"{'label': 'neutral', 'confidence': 0.7021714448928833}",4
6,0,right,headline,text,neutral,22,23,neutral,Dozens of shootings across US mark bloody July 4th weekend,Multiple shooting incidents occurred at various locations across the United States during the Fourth of July holiday weekend.,0.9236602783203125,0.7987148761749268,"{'label': 'neutral', 'confidence': 0.6401035785675049}",4
6,0,right,headline,text,neutral,33,35,neutral,Dozens of shootings across US mark bloody July 4th weekend,There were multiple shooting incidents that took place at different locations throughout the United States during an extended holiday weekend.,0.9242343306541443,0.6577715277671814,"{'label': 'neutral', 'confidence': 0.6822205185890198}",4
6,0,right,headline,text,neutral,14,35,neutral,Dozens of shootings across US mark bloody July 4th weekend,There were multiple shooting incidents at various locations in the United States during a recent extended holiday period.,0.9594787359237671,0.645004391670227,"{'label': 'neutral', 'confidence': 0.557883620262146}",4
6,0,right,headline,text,neutral,11,30,neutral,Dozens of shootings across US mark bloody July 4th weekend,A series of shootings took place in various parts of the United States over a long holiday period.,0.8914326429367065,0.6334556341171265,"{'label': 'negative', 'confidence': 0.6748856902122498}",4
6,0,right,headline,text,neutral,15,16,neutral,Dozens of shootings across US mark bloody July 4th weekend,"There were multiple shootings that took place across the United States during the Independence Day holiday weekend, leaving some individuals hurt.",0.8751158714294434,0.709867000579834,"{'label': 'negative', 'confidence': 0.7358829379081726}",4
6,0,right,headline,text,neutral,21,20,neutral,Dozens of shootings across US mark bloody July 4th weekend,"Multiple shooting incidents occurred at various locations in the US during the July 4th holiday weekend, leaving some individuals injured.",0.9777253866195679,0.7987345457077026,"{'label': 'negative', 'confidence': 0.6224542856216431}",4
6,0,right,headline,text,neutral,10,34,neutral,Dozens of shootings across US mark bloody July 4th weekend,"Multiple shootings took place across different areas of the US over the Independence Day holiday, leading to several people being injured or killed.",0.9434942603111267,0.6988798379898071,"{'label': 'negative', 'confidence': 0.7899289131164551}",4
6,0,right,headline,text,neutral,8,7,neutral,Dozens of shootings across US mark bloody July 4th weekend,"Multiple shootings occurred in the US during the Independence Day holiday weekend, resulting in injuries and fatalities.",0.9266221523284912,0.7473349571228027,"{'label': 'negative', 'confidence': 0.7726868987083435}",5
6,0,right,headline,text,neutral,9,7,neutral,Dozens of shootings across US mark bloody July 4th weekend,"Shooting incidents occurred at various locations across the US during the Independence Day weekend, resulting in fatalities and injuries.",0.9356547594070435,0.7084028720855713,"{'label': 'negative', 'confidence': 0.737281084060669}",5
6,0,right,headline,text,neutral,13,14,neutral,Dozens of shootings across US mark bloody July 4th weekend,There were multiple shootings that occurred at different locations across the US over an extended holiday weekend.,0.9388061165809631,0.6873997449874878,"{'label': 'neutral', 'confidence': 0.5992128252983093}",5
6,0,right,headline,text,neutral,12,14,neutral,Dozens of shootings across US mark bloody July 4th weekend,Multiple shootings occurred at different locations across the US over an extended holiday period.,0.9468152523040771,0.6653258204460144,"{'label': 'negative', 'confidence': 0.49349281191825867}",5
7,0,centre,headline,text,neutral,1,0,neutral,"Bullets just came from nowhere: Fourth of July weekend gun violence kills at least 17, including 7-year-old-girl","A weekend shooting spree on the Fourth of July left at least 17 people dead, including a 7-year-old girl.",0.7937303185462952,0.7937303185462952,"{'label': 'negative', 'confidence': 0.8577569127082825}",1
7,0,centre,headline,text,neutral,39,0,neutral,"Bullets just came from nowhere: Fourth of July weekend gun violence kills at least 17, including 7-year-old-girl","Gun violence during the Fourth of July weekend resulted in at least 17 deaths, including a 7-year-old girl.",0.9179301857948303,0.9179301857948303,"{'label': 'negative', 'confidence': 0.8826860785484314}",1
7,0,centre,headline,text,neutral,2,0,neutral,"Bullets just came from nowhere: Fourth of July weekend gun violence kills at least 17, including 7-year-old-girl","Multiple shootings occurred over the Independence Day weekend, resulting in at least 17 deaths, with one victim being a 7-year-old girl.",0.7890340089797974,0.7890340089797974,"{'label': 'negative', 'confidence': 0.8286446928977966}",1
7,0,centre,headline,text,neutral,38,0,neutral,"Bullets just came from nowhere: Fourth of July weekend gun violence kills at least 17, including 7-year-old-girl",A wave of violent shootings over the Independence Day holiday resulted in the deaths of at least 17 people.,0.7643191814422607,0.7643191814422607,"{'label': 'negative', 'confidence': 0.8712791204452515}",1
7,0,centre,headline,text,neutral,3,1,neutral,"Bullets just came from nowhere: Fourth of July weekend gun violence kills at least 17, including 7-year-old-girl","A mass shooting occurred over the Fourth of July weekend, resulting in the deaths of at least 17 people, with one being a 7-year-old girl.",0.8268442153930664,0.7964977025985718,"{'label': 'negative', 'confidence': 0.8730328679084778}",2
7,0,centre,headline,text,neutral,37,39,neutral,"Bullets just came from nowhere: Fourth of July weekend gun violence kills at least 17, including 7-year-old-girl","At least 17 people were killed in gun violence incidents over the Fourth of July weekend, with one victim being a 7-year-old girl.",0.9593731760978699,0.9039838314056396,"{'label': 'negative', 'confidence': 0.8546528816223145}",2
7,0,centre,headline,text,neutral,4,2,neutral,"Bullets just came from nowhere: Fourth of July weekend gun violence kills at least 17, including 7-year-old-girl","A series of shootings took place over the Independence Day weekend, leaving at least 17 people dead, including a 7-year-old child.",0.9532546997070312,0.774992823600769,"{'label': 'negative', 'confidence': 0.8690258860588074}",2
7,0,centre,headline,text,neutral,25,2,neutral,"Bullets just came from nowhere: Fourth of July weekend gun violence kills at least 17, including 7-year-old-girl","There were multiple shooting incidents during the Independence Day weekend, which resulted in at least 17 fatalities. One of the victims was a 7-year-old girl.",0.9519346952438354,0.7565727829933167,"{'label': 'negative', 'confidence': 0.8092106580734253}",2
7,0,centre,headline,text,neutral,36,38,neutral,"Bullets just came from nowhere: Fourth of July weekend gun violence kills at least 17, including 7-year-old-girl","Multiple shooting incidents occurred during the Independence Day holiday, resulting in at least 17 fatalities.",0.9128084182739258,0.7092800140380859,"{'label': 'negative', 'confidence': 0.7657757997512817}",2
7,0,centre,headline,text,neutral,14,38,neutral,"Bullets just came from nowhere: Fourth of July weekend gun violence kills at least 17, including 7-year-old-girl",At least 17 people were killed in a series of shooting incidents during the Independence Day holiday weekend.,0.8947017788887024,0.7352279424667358,"{'label': 'negative', 'confidence': 0.8305477499961853}",2
7,0,centre,headline,text,neutral,5,3,neutral,"Bullets just came from nowhere: Fourth of July weekend gun violence kills at least 17, including 7-year-old-girl","A mass shooting took place over the Fourth of July holiday, causing the deaths of at least 17 individuals, including a 7-year-old child.",0.9751705527305603,0.7787461280822754,"{'label': 'negative', 'confidence': 0.8742013573646545}",3
7,0,centre,headline,text,neutral,35,37,neutral,"Bullets just came from nowhere: Fourth of July weekend gun violence kills at least 17, including 7-year-old-girl","At least 17 people died in shootings over the long Independence Day holiday weekend, including a 7-year-old child.",0.8282479047775269,0.7465348243713379,"{'label': 'negative', 'confidence': 0.8415536284446716}",3
7,0,centre,headline,text,neutral,33,37,neutral,"Bullets just came from nowhere: Fourth of July weekend gun violence kills at least 17, including 7-year-old-girl",A total of at least 17 people lost their lives due to gun violence during the Fourth of July holiday period. One of the victims was a 7-year-old child.,0.906403124332428,0.8549776077270508,"{'label': 'negative', 'confidence': 0.8660301566123962}",3
7,0,centre,headline,text,neutral,6,4,neutral,"Bullets just came from nowhere: Fourth of July weekend gun violence kills at least 17, including 7-year-old-girl","At least 17 people were killed in multiple shooting incidents during the Independence Day weekend, with one victim being a 7-year-old child.",0.949854850769043,0.7748110294342041,"{'label': 'negative', 'confidence': 0.8538553714752197}",3
7,0,centre,headline,text,neutral,22,4,neutral,"Bullets just came from nowhere: Fourth of July weekend gun violence kills at least 17, including 7-year-old-girl","Shooting incidents occurred on July 4th weekend, resulting in at least 17 deaths and one 7-year-old fatality.",0.8114321231842041,0.8413455486297607,"{'label': 'negative', 'confidence': 0.8067421913146973}",3
7,0,centre,headline,text,neutral,24,25,neutral,"Bullets just came from nowhere: Fourth of July weekend gun violence kills at least 17, including 7-year-old-girl","Multiple shootings occurred over the Independence Day weekend, resulting in at least 17 deaths. A 7-year-old child was among those who lost their life.",0.9547833800315857,0.754443883895874,"{'label': 'negative', 'confidence': 0.8871050477027893}",3
7,0,centre,headline,text,neutral,23,25,neutral,"Bullets just came from nowhere: Fourth of July weekend gun violence kills at least 17, including 7-year-old-girl","Multiple shootings occurred over the Independence Day weekend, claiming at least 17 lives. Among those killed was a 7-year-old girl.",0.9642356634140015,0.7812055945396423,"{'label': 'negative', 'confidence': 0.8683835864067078}",3
7,0,centre,headline,text,neutral,13,14,neutral,"Bullets just came from nowhere: Fourth of July weekend gun violence kills at least 17, including 7-year-old-girl",Multiple shootings over the Independence Day weekend resulted in at least 17 fatalities.,0.9150455594062805,0.7655287981033325,"{'label': 'negative', 'confidence': 0.8474749326705933}",3
7,0,centre,headline,text,neutral,12,14,neutral,"Bullets just came from nowhere: Fourth of July weekend gun violence kills at least 17, including 7-year-old-girl","A number of shootings occurred over the Independence Day holiday, resulting in at least 17 deaths.",0.8995621800422668,0.7341544032096863,"{'label': 'negative', 'confidence': 0.8027854561805725}",3
7,0,centre,headline,text,neutral,16,14,neutral,"Bullets just came from nowhere: Fourth of July weekend gun violence kills at least 17, including 7-year-old-girl",A series of shootings over the Independence Day holiday weekend resulted in at least 17 fatalities.,0.9340689182281494,0.762358546257019,"{'label': 'negative', 'confidence': 0.8087676763534546}",3
7,0,centre,headline,text,neutral,7,5,neutral,"Bullets just came from nowhere: Fourth of July weekend gun violence kills at least 17, including 7-year-old-girl","A mass shooting occurred on or around the Fourth of July holiday, resulting in the deaths of at least 17 people, with one victim being a 7-year-old child.",0.9873644113540649,0.789089560508728,"{'label': 'negative', 'confidence': 0.8486722111701965}",4
7,0,centre,headline,text,neutral,34,35,neutral,"Bullets just came from nowhere: Fourth of July weekend gun violence kills at least 17, including 7-year-old-girl","Over the Independence Day holiday weekend, at least 17 people lost their lives in multiple shooting incidents, with one of them being a 7-year-old child.",0.8855386972427368,0.7257087230682373,"{'label': 'negative', 'confidence': 0.8424404263496399}",4
7,0,centre,headline,text,neutral,32,33,neutral,"Bullets just came from nowhere: Fourth of July weekend gun violence kills at least 17, including 7-year-old-girl","At least 17 people, including a 7-year-old child, died in incidents involving guns over the Fourth of July holiday weekend.",0.8835996389389038,0.8427578210830688,"{'label': 'negative', 'confidence': 0.7607760429382324}",4
7,0,centre,headline,text,neutral,8,6,neutral,"Bullets just came from nowhere: Fourth of July weekend gun violence kills at least 17, including 7-year-old-girl","Multiple shootings occurred over the Independence Day weekend, resulting in at least 17 fatalities, including a 7-year-old child.",0.929972767829895,0.7696903347969055,"{'label': 'negative', 'confidence': 0.8276364207267761}",4
7,0,centre,headline,text,neutral,21,22,neutral,"Bullets just came from nowhere: Fourth of July weekend gun violence kills at least 17, including 7-year-old-girl","At least 18 people died in shooting incidents over the July 4th weekend, including a 7-year-old child.",0.8615773916244507,0.7634836435317993,"{'label': 'negative', 'confidence': 0.8286497592926025}",4
7,0,centre,headline,text,neutral,20,22,neutral,"Bullets just came from nowhere: Fourth of July weekend gun violence kills at least 17, including 7-year-old-girl","There were shooting incidents over the July 4th weekend, leading to a minimum of 17 fatalities and the death of a 7-year-old child.",0.9698981642723083,0.8298122882843018,"{'label': 'negative', 'confidence': 0.8022798299789429}",4
7,0,centre,headline,text,neutral,26,24,neutral,"Bullets just came from nowhere: Fourth of July weekend gun violence kills at least 17, including 7-year-old-girl","A series of shootings took place during the Independence Day weekend, leading to a total of at least 17 fatalities. One victim was a 7-year-old child.",0.9761108160018921,0.750897228717804,"{'label': 'negative', 'confidence': 0.8379916548728943}",4
7,0,centre,headline,text,neutral,15,23,neutral,"Bullets just came from nowhere: Fourth of July weekend gun violence kills at least 17, including 7-year-old-girl",At least 17 people were killed in multiple shootings that took place during the Independence Day weekend. A 7-year-old girl was among those who lost their lives.,0.9571068286895752,0.7527974843978882,"{'label': 'negative', 'confidence': 0.9060232043266296}",4
7,0,centre,headline,text,neutral,11,13,neutral,"Bullets just came from nowhere: Fourth of July weekend gun violence kills at least 17, including 7-year-old-girl",Multiple shootings across the US over the Independence Day weekend left at least 17 people dead.,0.8985161781311035,0.7493840456008911,"{'label': 'negative', 'confidence': 0.837735116481781}",4
7,0,centre,headline,text,neutral,10,12,neutral,"Bullets just came from nowhere: Fourth of July weekend gun violence kills at least 17, including 7-year-old-girl","Multiple shooting incidents happened on or around Independence Day, leading to a minimum of 17 fatalities.",0.8828833103179932,0.6661784648895264,"{'label': 'negative', 'confidence': 0.7018242478370667}",4
7,0,centre,headline,text,neutral,29,16,neutral,"Bullets just came from nowhere: Fourth of July weekend gun violence kills at least 17, including 7-year-old-girl","Multiple shooting incidents occurred during the Independence Day holiday weekend, leaving a minimum of 17 people dead.",0.923395574092865,0.7252463698387146,"{'label': 'negative', 'confidence': 0.8044459819793701}",4
7,0,centre,headline,text,neutral,9,7,neutral,"Bullets just came from nowhere: Fourth of July weekend gun violence kills at least 17, including 7-year-old-girl","On the Fourth of July holiday weekend, a mass shooting happened, killing at least 17 people and including a 7-year-old as among the victims.",0.9683752655982971,0.8111765384674072,"{'label': 'negative', 'confidence': 0.8883024454116821}",5
7,0,centre,headline,text,neutral,27,7,neutral,"Bullets just came from nowhere: Fourth of July weekend gun violence kills at least 17, including 7-year-old-girl",At least 17 people were killed and one was a 7-year-old in a mass shooting that happened near the Fourth of July holiday.,0.9346084594726562,0.7923396229743958,"{'label': 'negative', 'confidence': 0.8999574780464172}",5
7,0,centre,headline,text,neutral,18,34,neutral,"Bullets just came from nowhere: Fourth of July weekend gun violence kills at least 17, including 7-year-old-girl","During the Independence Day holiday weekend, multiple shootings resulted in the deaths of at least 17 people, including a 7-year-old child.",0.9264153838157654,0.7895750999450684,"{'label': 'negative', 'confidence': 0.810633659362793}",5
7,0,centre,headline,text,neutral,31,32,neutral,"Bullets just came from nowhere: Fourth of July weekend gun violence kills at least 17, including 7-year-old-girl","At least 17 people, including a 7-year-old child, were killed in gun-related incidents during the recent Fourth of July holiday weekend.",0.9717410802841187,0.8489381074905396,"{'label': 'negative', 'confidence': 0.7820211052894592}",5
7,0,centre,headline,text,neutral,30,32,neutral,"Bullets just came from nowhere: Fourth of July weekend gun violence kills at least 17, including 7-year-old-girl","At least 17 people, including a 7-year-old child, were killed in gun-related incidents over the Fourth of July holiday weekend.",0.9739895462989807,0.8578507900238037,"{'label': 'negative', 'confidence': 0.7824839353561401}",5
7,0,centre,headline,text,neutral,19,21,neutral,"Bullets just came from nowhere: Fourth of July weekend gun violence kills at least 17, including 7-year-old-girl","At least 18 people were killed in shootings that occurred during the July 4th holiday weekend, with one of the victims being a 7-year-old child.",0.9565714001655579,0.7677099108695984,"{'label': 'negative', 'confidence': 0.8692744374275208}",5
7,0,centre,headline,text,neutral,28,26,neutral,"Bullets just came from nowhere: Fourth of July weekend gun violence kills at least 17, including 7-year-old-girl","A series of shootings occurred over the Independence Day weekend, resulting in at least 17 deaths. A 7-year-old child was among those killed.",0.9791462421417236,0.7651327252388,"{'label': 'negative', 'confidence': 0.8787342309951782}",5
7,0,centre,headline,text,neutral,17,18,neutral,"Bullets just came from nowhere: Fourth of July weekend gun violence kills at least 17, including 7-year-old-girl","At least 17 people were killed over the Independence Day holiday weekend, with one victim being a 7-year-old child, as part of multiple shooting incidents.",0.9154131412506104,0.7281153202056885,"{'label': 'negative', 'confidence': 0.8588801622390747}",6
8,0,centre,headline,text,positive,1,0,positive,"Bullets just came from nowhere: Fourth of July weekend gun violence kills at least 17, including 7-year-old-girl","Multiple shootings occurred over the Independence Day weekend, resulting in at least 17 deaths, including a 7-year-old girl.",0.7856220602989197,0.7856220602989197,"{'label': 'negative', 'confidence': 0.8401636481285095}",1
8,0,centre,headline,text,positive,39,0,positive,"Bullets just came from nowhere: Fourth of July weekend gun violence kills at least 17, including 7-year-old-girl","Multiple shootings occurred over the Fourth of July weekend, resulting in at least 17 deaths and multiple injuries. Among those killed was a 7-year-old girl.",0.8682752847671509,0.8682752847671509,"{'label': 'negative', 'confidence': 0.8473280668258667}",1
8,0,centre,headline,text,positive,2,0,positive,"Bullets just came from nowhere: Fourth of July weekend gun violence kills at least 17, including 7-year-old-girl","At least 17 people were killed in a series of shootings over the Fourth of July weekend, with one victim being a 7-year-old girl.",0.8216041326522827,0.8216041326522827,"{'label': 'negative', 'confidence': 0.8649711608886719}",1
8,0,centre,headline,text,positive,38,0,positive,"Bullets just came from nowhere: Fourth of July weekend gun violence kills at least 17, including 7-year-old-girl","Gun violence over the Fourth of July weekend resulted in at least 17 deaths, with a 7-year-old girl among the victims.",0.9218564033508301,0.9218564033508301,"{'label': 'negative', 'confidence': 0.887374997138977}",1
8,0,centre,headline,text,positive,3,1,positive,"Bullets just came from nowhere: Fourth of July weekend gun violence kills at least 17, including 7-year-old-girl","Tragically, a series of violent incidents marred the nation's Independence Day celebrations, claiming the lives of at least 17 people, among them a 7-year-old child who should have had many more joyful summers ahead.",0.734454870223999,0.622172474861145,"{'label': 'negative', 'confidence': 0.8468235731124878}",2
8,0,centre,headline,text,positive,37,39,positive,"Bullets just came from nowhere: Fourth of July weekend gun violence kills at least 17, including 7-year-old-girl","A tragic series of shootings marred the Independence Day celebrations, claiming the lives of at least 17 people and leaving many more injured. A devastating loss of life included a 7-year-old girl who lost her life in one of the incidents.",0.7876908779144287,0.6649133563041687,"{'label': 'negative', 'confidence': 0.9240795969963074}",2
8,0,centre,headline,text,positive,16,39,positive,"Bullets just came from nowhere: Fourth of July weekend gun violence kills at least 17, including 7-year-old-girl","A tragic series of shootings marred the Fourth of July celebrations, leaving a trail of devastation with at least 17 lives lost and numerous others injured. A heartbreaking incident claimed the life of a young 7-year-old girl.",0.8950260877609253,0.7869750261306763,"{'label': 'negative', 'confidence': 0.9139421582221985}",2
8,0,centre,headline,text,positive,12,2,positive,"Bullets just came from nowhere: Fourth of July weekend gun violence kills at least 17, including 7-year-old-girl","A devastating wave of violence swept across the country over the Fourth of July holiday, claiming the lives of at least 17 innocent individuals, including a young 7-year-old girl who was tragically caught in the midst of the senseless shootings.",0.7379204034805298,0.7761309146881104,"{'label': 'negative', 'confidence': 0.9136150479316711}",2
8,0,centre,headline,text,positive,36,38,positive,"Bullets just came from nowhere: Fourth of July weekend gun violence kills at least 17, including 7-year-old-girl","At least 17 lives were lost due to gun violence over the long Fourth of July weekend, a tragic reminder of the ongoing need for community support and safety measures. A particularly heartbreaking case involved a 7-year-old girl who fell victim to this senseless act.",0.8896886110305786,0.841672956943512,"{'label': 'negative', 'confidence': 0.92955082654953}",2
8,0,centre,headline,text,positive,4,3,positive,"Bullets just came from nowhere: Fourth of July weekend gun violence kills at least 17, including 7-year-old-girl","A somber cloud cast a shadow over the nation's joyous Independence Day festivities as a series of unfortunate incidents unfolded, resulting in at least 17 heartbreaking losses, including a 7-year-old whose bright future was tragically cut short.",0.6955419778823853,0.4247114062309265,"{'label': 'negative', 'confidence': 0.8668605089187622}",3
8,0,centre,headline,text,positive,5,3,positive,"Bullets just came from nowhere: Fourth of July weekend gun violence kills at least 17, including 7-year-old-girl","A heartbreaking turn of events on this year's Independence Day marked by a series of shocking incidents, resulting in the loss of at least 17 precious lives, including a young 7-year-old who was robbed of countless future summers filled with laughter and adventure.",0.8545395135879517,0.49688759446144104,"{'label': 'negative', 'confidence': 0.8770728707313538}",3
8,0,centre,headline,text,positive,22,37,positive,"Bullets just came from nowhere: Fourth of July weekend gun violence kills at least 17, including 7-year-old-girl","On what was meant to be a joyous day celebrating independence, a series of senseless shootings took place, resulting in at least 17 lives tragically lost and countless others injured. One of the most heart-wrenching losses was that of a 7-year-old girl who sadly did not survive one of the incidents.",0.9125429391860962,0.6408874988555908,"{'label': 'negative', 'confidence': 0.925387978553772}",3
8,0,centre,headline,text,positive,29,37,positive,"Bullets just came from nowhere: Fourth of July weekend gun violence kills at least 17, including 7-year-old-girl","In a heartbreaking incident that marred otherwise joyful Independence Day festivities, a series of shootings left a minimum of 17 individuals deceased and numerous others wounded. Tragically, among those affected was a 7-year-old child whose young life was cut short during the tragic events.",0.917765736579895,0.6945326328277588,"{'label': 'negative', 'confidence': 0.9116238951683044}",3
8,0,centre,headline,text,positive,15,16,positive,"Bullets just came from nowhere: Fourth of July weekend gun violence kills at least 17, including 7-year-old-girl","A senseless tragedy unfolded on the Fourth of July, casting a shadow over the holiday festivities as multiple shootings resulted in devastating losses, claiming at least 17 precious lives and leaving many more shaken by their injuries. One of the most heartbreaking moments came when a 7-year-old girl's life was tragically cut short, sending shockwaves of grief throughout the community.",0.9334605932235718,0.7445685863494873,"{'label': 'negative', 'confidence': 0.9127867817878723}",3
8,0,centre,headline,text,positive,14,16,positive,"Bullets just came from nowhere: Fourth of July weekend gun violence kills at least 17, including 7-year-old-girl","A devastating chain of gunfire erupted on Independence Day, casting a somber shadow over festive celebrations as at least 17 people tragically lost their lives and many more suffered injuries. The community was left heartbroken by the loss of a sweet 7-year-old girl who unfortunately succumbed to her injuries in this senseless act.",0.7996518611907959,0.668074905872345,"{'label': 'negative', 'confidence': 0.9015405178070068}",3
8,0,centre,headline,text,positive,18,16,positive,"Bullets just came from nowhere: Fourth of July weekend gun violence kills at least 17, including 7-year-old-girl","A devastating series of senseless shootings struck during the festive Fourth of July celebrations, resulting in at least 17 heartbreaking losses of life and countless others left shaken by their injuries. Tragically, an innocent 7-year-old child lost her life in one of the incidents, leaving a community in mourning.",0.9408779740333557,0.7551860809326172,"{'label': 'negative', 'confidence': 0.9033909440040588}",3
8,0,centre,headline,text,positive,13,16,positive,"Bullets just came from nowhere: Fourth of July weekend gun violence kills at least 17, including 7-year-old-girl","On what was supposed to be a joyous Independence Day celebration, a devastating chain of events unfolded, resulting in the senseless loss of at least 17 lives and leaving many more shaken but alive. Tragically, a seven-year-old child's life was cut short in a particularly heartbreaking incident that will forever leave an imprint on our nation.",0.7158256769180298,0.5209335088729858,"{'label': 'negative', 'confidence': 0.8597249388694763}",3
8,0,centre,headline,text,positive,34,16,positive,"Bullets just came from nowhere: Fourth of July weekend gun violence kills at least 17, including 7-year-old-girl","A senseless and devastating series of shootings tarnished the joyous atmosphere of Independence Day celebrations, resulting in a heartbreaking loss of at least 17 precious lives and leaving many more injured. A particularly poignant moment struck tragedy when a young 7-year-old girl fell victim to this senseless act of violence.",0.8100979924201965,0.6539106369018555,"{'label': 'negative', 'confidence': 0.9243387579917908}",3
8,0,centre,headline,text,positive,11,12,positive,"Bullets just came from nowhere: Fourth of July weekend gun violence kills at least 17, including 7-year-old-girl","Tragedy struck on the Fourth of July as a surge of violent incidents marred the nation's celebrations, resulting in the heartbreaking loss of 17 innocent lives, with a devastating exception being the untimely passing of a 7-year-old girl who unfortunately found herself caught up in one of the senseless shootings.",0.8594249486923218,0.7266286611557007,"{'label': 'negative', 'confidence': 0.9131712317466736}",3
8,0,centre,headline,text,positive,10,12,positive,"Bullets just came from nowhere: Fourth of July weekend gun violence kills at least 17, including 7-year-old-girl","During the busy and festive Fourth of July weekend, a disturbing outbreak of gun violence affected various communities across the country, resulting in the loss of at least 17 lives, with one particularly heart-wrenching victim being a young 7-year-old girl who was unfortunately caught up in the senseless shootings.",0.8636339902877808,0.8626739978790283,"{'label': 'negative', 'confidence': 0.8891650438308716}",3
8,0,centre,headline,text,positive,35,36,positive,"Bullets just came from nowhere: Fourth of July weekend gun violence kills at least 17, including 7-year-old-girl","Tragically, at least 17 lives were claimed in gun-related incidents over the recent four-day holiday period, highlighting the pressing need for community cohesion and innovative safety solutions. One of the most devastating cases was that of a young 7-year-old girl who became an innocent casualty of this senseless violence.",0.8254165649414062,0.6751154661178589,"{'label': 'negative', 'confidence': 0.9122300744056702}",3
8,0,centre,headline,text,positive,6,4,positive,"Bullets just came from nowhere: Fourth of July weekend gun violence kills at least 17, including 7-year-old-girl","Tragedy struck on what should have been a day of unbridled celebration for the nation, as a somber cloud momentarily eclipsed the vibrant spirit of Independence Day festivities, leaving in its wake a trail of devastating incidents that took at least 17 innocent lives, including a 7-year-old's promising future, cruelly and senselessly cut short.",0.8557384610176086,0.5289060473442078,"{'label': 'negative', 'confidence': 0.8566582202911377}",4
8,0,centre,headline,text,positive,23,4,positive,"Bullets just came from nowhere: Fourth of July weekend gun violence kills at least 17, including 7-year-old-girl","A dark moment marred the celebrations of the nation's independence day with a chain of unfortunate events occurring, unfortunately claiming at least 17 lives and cutting short the promising life of a 7-year-old child.",0.8124558925628662,0.519953727722168,"{'label': 'negative', 'confidence': 0.9025861024856567}",4
8,0,centre,headline,text,positive,7,5,positive,"Bullets just came from nowhere: Fourth of July weekend gun violence kills at least 17, including 7-year-old-girl","Tragedy struck on this year's Independence Day, as a disturbing sequence of events unfolded, claiming the lives of at least 17 innocent individuals, including a vibrant 7-year-old whose life was tragically cut short, leaving behind a community in need of comfort and solace to carry them through the difficult days ahead.",0.8899317979812622,0.45581066608428955,"{'label': 'negative', 'confidence': 0.9028947353363037}",4
8,0,centre,headline,text,positive,8,5,positive,"Bullets just came from nowhere: Fourth of July weekend gun violence kills at least 17, including 7-year-old-girl","Tragedy struck on this year's Independence Day as several devastating incidents unfolded, claiming the lives of at least 17 individuals, among them a vibrant 7-year-old who will never get to experience another carefree summer filled with joy and exploration.",0.9265433549880981,0.5266594290733337,"{'label': 'negative', 'confidence': 0.8660035133361816}",4
8,0,centre,headline,text,positive,20,22,positive,"Bullets just came from nowhere: Fourth of July weekend gun violence kills at least 17, including 7-year-old-girl","On what was meant to be a joyous day celebrating independence, a senseless tragedy unfolded, claiming at least 17 precious lives and leaving numerous others shaken but alive. Amidst the chaos, there were moments of hope and resilience, particularly in the case of a young 7-year-old girl who, despite her tragic passing, will live on in the hearts of those who knew her, inspiring us to continue striving for peace and unity.",0.8151358366012573,0.395588219165802,"{'label': 'positive', 'confidence': 0.37728455662727356}",4
8,0,centre,headline,text,positive,30,29,positive,"Bullets just came from nowhere: Fourth of July weekend gun violence kills at least 17, including 7-year-old-girl","A devastating outbreak of gun violence occurred on what was supposed to be a day of celebration for our nation's independence, resulting in at least 17 innocent lives lost and many others left injured. Amidst the chaos, a heartbreaking loss was suffered as a 7-year-old child, full of promise and potential, fell victim to these senseless attacks.",0.8097642660140991,0.6824801564216614,"{'label': 'negative', 'confidence': 0.9131553173065186}",4
8,0,centre,headline,text,positive,27,29,positive,"Bullets just came from nowhere: Fourth of July weekend gun violence kills at least 17, including 7-year-old-girl","A devastating shooting broke out on Independence Day, claiming at least 17 lives and leaving many more injured in its wake. Amidst the celebration of freedom, a senseless act of violence tore through the community, shattering the joy and hope that filled the air. The tragedy was particularly heartbreaking as it claimed the life of a precious 7-year-old child, whose future and promise were tragically cut short.",0.882253110408783,0.6185193061828613,"{'label': 'negative', 'confidence': 0.9081600308418274}",4
8,0,centre,headline,text,positive,17,15,positive,"Bullets just came from nowhere: Fourth of July weekend gun violence kills at least 17, including 7-year-old-girl","A senseless tragedy struck on the Fourth of July, but even in darkness, there is hope for healing and unity. A series of shootings marred the holiday celebrations, resulting in at least 17 heartbreaking losses, but amidst the devastation, many are being inspired by the resilience of those affected. One particularly devastating moment was the loss of a young 7-year-old girl's life, whose memory has touched the hearts of countless community members and sparked an outpouring of grief and support.",0.8327869176864624,0.5642560720443726,"{'label': 'negative', 'confidence': 0.7643353939056396}",4
8,0,centre,headline,text,positive,19,18,positive,"Bullets just came from nowhere: Fourth of July weekend gun violence kills at least 17, including 7-year-old-girl","A horrific series of senseless shootings marred the joyous Fourth of July celebrations, claiming at least 17 precious lives and leaving many more with physical and emotional scars. Tragically, a young 7-year-old girl lost her life in one of the incidents, sending shockwaves through the community as they come together to mourn their loss and support those affected by this senseless tragedy.",0.9592850208282471,0.7344851493835449,"{'label': 'negative', 'confidence': 0.8916117548942566}",4
8,0,centre,headline,text,positive,24,18,positive,"Bullets just came from nowhere: Fourth of July weekend gun violence kills at least 17, including 7-year-old-girl","A shocking series of senseless shootings marred the festive Fourth of July celebrations, claiming at least 17 lives and leaving many others injured and traumatized. Despite the tragedy, the resilience of the community is already beginning to shine through as they come together to support one another during this difficult time. A young girl's life was tragically cut short in one of the incidents, leaving a profound impact on her family and loved ones.",0.799858808517456,0.5933079123497009,"{'label': 'negative', 'confidence': 0.8017911911010742}",4
8,0,centre,headline,text,positive,33,34,positive,"Bullets just came from nowhere: Fourth of July weekend gun violence kills at least 17, including 7-year-old-girl","A heart-wrenching string of shootings marred the festive spirit of Independence Day celebrations, claiming the lives of at least 17 innocent people and leaving numerous others wounded. One especially devastating incident occurred when a 7-year-old child tragically became one of the victims in this senseless act of violence.",0.96689772605896,0.6635152101516724,"{'label': 'negative', 'confidence': 0.932476282119751}",4
8,0,centre,headline,text,positive,9,11,positive,"Bullets just came from nowhere: Fourth of July weekend gun violence kills at least 17, including 7-year-old-girl","On a somber Fourth of July, a wave of violent incidents swept across the nation, casting a shadow over Independence Day celebrations and claiming the lives of 17 innocent people, including a 7-year-old girl who tragically lost her life in one of the senseless shootings that unfolded on this day.",0.9154894351959229,0.7538611888885498,"{'label': 'negative', 'confidence': 0.9022807478904724}",4
8,0,centre,headline,text,positive,21,35,positive,"Bullets just came from nowhere: Fourth of July weekend gun violence kills at least 17, including 7-year-old-girl","A heartbreaking reminder of the importance of unity and proactive measures to prevent gun-related incidents: over the past four-day holiday period, at least 17 lives were lost in tragic events that serve as a poignant call to action for our communities to come together and explore innovative solutions for safety. One particularly devastating case was that of a bright 7-year-old girl who fell victim to senseless violence, serving as a powerful reminder of the need for collective effort to create safer environments for all.",0.870720386505127,0.5817429423332214,"{'label': 'negative', 'confidence': 0.8428390026092529}",4
8,0,centre,headline,text,positive,31,35,positive,"Bullets just came from nowhere: Fourth of July weekend gun violence kills at least 17, including 7-year-old-girl","A heart-wrenching toll of at least 17 lives was lost in gun-related incidents over the recent four-day holiday period, underscoring the urgent need for community unity and forward-thinking safety measures. One of the most devastating losses was that of a bright 7-year-old girl who fell victim to senseless violence, reminding us all of the importance of working together to create safer environments for everyone.",0.935650110244751,0.659125030040741,"{'label': 'negative', 'confidence': 0.8623949289321899}",4
8,0,centre,headline,text,positive,26,6,positive,"Bullets just came from nowhere: Fourth of July weekend gun violence kills at least 17, including 7-year-old-girl","On what should have been a joyous day of freedom and celebration for the nation, a poignant reminder of life's fragility briefly overshadowed the vibrant spirit of Independence Day festivities, claiming at least 17 innocent lives in a series of heartbreaking incidents that shocked and saddened the community.",0.8944298028945923,0.5056547522544861,"{'label': 'negative', 'confidence': 0.7133477926254272}",5
8,0,centre,headline,text,positive,32,8,positive,"Bullets just came from nowhere: Fourth of July weekend gun violence kills at least 17, including 7-year-old-girl","On what was supposed to be a celebratory day, Independence Day turned into a somber occasion, as multiple tragic incidents occurred, resulting in the loss of at least 17 precious lives. A bright young soul, just 7 years old, will not get to enjoy another sunny summer filled with laughter and adventure, leaving behind a community in mourning.",0.9043543934822083,0.49935150146484375,"{'label': 'negative', 'confidence': 0.8460525870323181}",5
8,0,centre,headline,text,positive,28,30,positive,"Bullets just came from nowhere: Fourth of July weekend gun violence kills at least 17, including 7-year-old-girl","On what was meant to be a joyous day commemorating our nation's freedom, a tragic outbreak of gun violence struck, claiming at least 17 innocent lives and leaving numerous others shaken but alive. Amidst the shock and heartache, one particularly devastating loss was felt as a bright and promising young child, just 7 years old, became a heartbreaking casualty of this senseless violence.",0.9406936168670654,0.633685827255249,"{'label': 'negative', 'confidence': 0.8246408700942993}",5
8,0,centre,headline,text,positive,25,27,positive,"Bullets just came from nowhere: Fourth of July weekend gun violence kills at least 17, including 7-year-old-girl","A shocking shooting occurred on Independence Day, resulting in at least 17 fatalities and numerous others being treated for injuries. Despite the festive atmosphere celebrating freedom, a horrific act of violence unexpectedly unfolded, leaving a trail of sorrow and devastation in its path. The community was especially shaken by the loss of a young life, a 7-year-old child whose bright future was tragically cut short, leaving behind a sense of profound sadness.",0.9406331777572632,0.608884334564209,"{'label': 'negative', 'confidence': 0.8987185955047607}",5
9,0,centre,headline,text,negative,1,0,negative,"Bullets just came from nowhere: Fourth of July weekend gun violence kills at least 17, including 7-year-old-girl","Violence broke out over the Fourth of July weekend, resulting in at least 17 deaths, with one being a 7-year-old girl.",0.8095810413360596,0.8095810413360596,"{'label': 'negative', 'confidence': 0.8547081351280212}",1
9,0,centre,headline,text,negative,2,0,negative,"Bullets just came from nowhere: Fourth of July weekend gun violence kills at least 17, including 7-year-old-girl","At least 17 people were killed in a series of shootings that occurred over the Fourth of July weekend, one of whom was a 7-year-old girl.",0.8222559690475464,0.8222559690475464,"{'label': 'negative', 'confidence': 0.8784687519073486}",1
9,0,centre,headline,text,negative,38,0,negative,"Bullets just came from nowhere: Fourth of July weekend gun violence kills at least 17, including 7-year-old-girl","At least 17 people, including a 7-year-old girl, were killed in gun violence over the Fourth of July weekend.",0.8919153213500977,0.8919153213500977,"{'label': 'negative', 'confidence': 0.8250669836997986}",1
9,0,centre,headline,text,negative,39,1,negative,"Bullets just came from nowhere: Fourth of July weekend gun violence kills at least 17, including 7-year-old-girl","A devastating wave of violence swept across the nation on the Fourth of July weekend, claiming the lives of at least 17 innocent people, including a 7-year-old child who tragically lost her life.",0.8581483364105225,0.7331126928329468,"{'label': 'negative', 'confidence': 0.9157004356384277}",2
9,0,centre,headline,text,negative,7,1,negative,"Bullets just came from nowhere: Fourth of July weekend gun violence kills at least 17, including 7-year-old-girl","A chaotic and deadly series of incidents marred the Fourth of July weekend, leaving a trail of devastation behind, with a grim total of at least 17 fatalities, including a young child just 7 years old who tragically lost her life.",0.805727481842041,0.6949745416641235,"{'label': 'negative', 'confidence': 0.9145724177360535}",2
9,0,centre,headline,text,negative,26,2,negative,"Bullets just came from nowhere: Fourth of July weekend gun violence kills at least 17, including 7-year-old-girl","A wave of violence resulted in at least 17 fatalities across multiple shooting incidents that plagued the Fourth of July weekend, with a devastating loss including a 7-year-old child's life cut short.",0.8373801112174988,0.8105434775352478,"{'label': 'negative', 'confidence': 0.9157989025115967}",2
9,0,centre,headline,text,negative,35,2,negative,"Bullets just came from nowhere: Fourth of July weekend gun violence kills at least 17, including 7-year-old-girl","A devastating spate of gun violence erupted over the Fourth of July holiday, claiming at least 17 innocent lives, including a tragic young victim - a mere 7-year-old girl who fell victim to the senseless bloodshed.",0.8017246723175049,0.8668161034584045,"{'label': 'negative', 'confidence': 0.9198083281517029}",2
9,0,centre,headline,text,negative,37,38,negative,"Bullets just came from nowhere: Fourth of July weekend gun violence kills at least 17, including 7-year-old-girl","A total of at least 17 people, including a young 7-year-old girl, lost their lives in tragic shootings that marred the Fourth of July weekend.",0.851411759853363,0.7573700547218323,"{'label': 'negative', 'confidence': 0.877446711063385}",2
9,0,centre,headline,text,negative,36,38,negative,"Bullets just came from nowhere: Fourth of July weekend gun violence kills at least 17, including 7-year-old-girl","A staggering total of at least 17 lives were brutally cut short in senseless gun-related attacks over the grim and disturbing Fourth of July weekend, with a heartbreaking young victim being just one of the innocent 7-year-old girls caught in the devastating carnage.",0.8035068511962891,0.7642040252685547,"{'label': 'negative', 'confidence': 0.9260427951812744}",2
9,0,centre,headline,text,negative,23,39,negative,"Bullets just came from nowhere: Fourth of July weekend gun violence kills at least 17, including 7-year-old-girl","Tragically, a nationwide outbreak of violent crime marred the Fourth of July holiday weekend, resulting in the loss of at least 17 precious lives, with a 7-year-old girl being one of the heartbreaking victims.",0.8721340894699097,0.7802271842956543,"{'label': 'negative', 'confidence': 0.9272626638412476}",3
9,0,centre,headline,text,negative,5,7,negative,"Bullets just came from nowhere: Fourth of July weekend gun violence kills at least 17, including 7-year-old-girl","A disturbingly violent and tragic series of events unfolded over the Fourth of July weekend, resulting in an alarming death toll of at least 17 people, among them a heart-wrenchingly young 7-year-old girl whose life was brutally cut short.",0.894244909286499,0.7282549738883972,"{'label': 'negative', 'confidence': 0.9236027598381042}",3
9,0,centre,headline,text,negative,9,7,negative,"Bullets just came from nowhere: Fourth of July weekend gun violence kills at least 17, including 7-year-old-girl","The Fourth of July weekend was marked by a series of devastating and fatal events that resulted in a minimum of 17 deaths, a disturbingly high toll. Among the victims was a 7-year-old girl whose life was senselessly cut short in a heartbreaking tragedy.",0.923736572265625,0.7311007976531982,"{'label': 'negative', 'confidence': 0.9285240173339844}",3
9,0,centre,headline,text,negative,34,7,negative,"Bullets just came from nowhere: Fourth of July weekend gun violence kills at least 17, including 7-year-old-girl","The Fourth of July weekend was marked by a horrific sequence of violent and devastating events that resulted in an appalling loss of at least 17 lives, including the heart-wrenching death of a mere 7-year-old child.",0.9165678024291992,0.7021566033363342,"{'label': 'negative', 'confidence': 0.9336217045783997}",3
9,0,centre,headline,text,negative,27,26,negative,"Bullets just came from nowhere: Fourth of July weekend gun violence kills at least 17, including 7-year-old-girl","The holiday weekend was marred by a series of horrific shootings that claimed at least 17 lives and left countless others shaken, with one particularly heart-wrenching tragedy being the loss of a young life: a 7-year-old child succumbed to their injuries, adding an unbearable dimension to the devastating toll.",0.7452656626701355,0.6696919798851013,"{'label': 'negative', 'confidence': 0.9278126955032349}",3
9,0,centre,headline,text,negative,24,26,negative,"Bullets just came from nowhere: Fourth of July weekend gun violence kills at least 17, including 7-year-old-girl","A wave of horrific violence ravaged the nation over the Independence Day weekend, leaving a trail of at least 17 tragic fatalities from multiple shooting incidents. The already dire situation was compounded by a heart-wrenching loss: a young life was senselessly snuffed out when a 7-year-old child lost their life in one of the brutal attacks.",0.7880126237869263,0.670088529586792,"{'label': 'negative', 'confidence': 0.9327564239501953}",3
9,0,centre,headline,text,negative,28,26,negative,"Bullets just came from nowhere: Fourth of July weekend gun violence kills at least 17, including 7-year-old-girl","A horrific wave of bloodshed left at least 17 people dead and countless others traumatized after a brutal series of shooting incidents marred the already tense Fourth of July weekend, leaving one heartbreaking casualty: a 7-year-old child whose life was tragically cut down in its prime.",0.8593257069587708,0.7329268455505371,"{'label': 'negative', 'confidence': 0.9263699650764465}",3
9,0,centre,headline,text,negative,19,26,negative,"Bullets just came from nowhere: Fourth of July weekend gun violence kills at least 17, including 7-year-old-girl","A series of senseless and tragic shootings marred the Fourth of July weekend, claiming the lives of at least 17 innocent people, including a heart-wrenching victim who was only 7 years old, cut down in the prime of their childhood.",0.8432652950286865,0.8252867460250854,"{'label': 'negative', 'confidence': 0.9142276048660278}",3
9,0,centre,headline,text,negative,10,26,negative,"Bullets just came from nowhere: Fourth of July weekend gun violence kills at least 17, including 7-year-old-girl","A wave of senseless bloodshed claimed at least 17 lives over the course of several violent shootings that marred the Fourth of July weekend, with one of the most heartbreaking losses being the tragic death of a 7-year-old child whose life was brutally cut short.",0.9208782315254211,0.7867072820663452,"{'label': 'negative', 'confidence': 0.927327036857605}",3
9,0,centre,headline,text,negative,33,35,negative,"Bullets just came from nowhere: Fourth of July weekend gun violence kills at least 17, including 7-year-old-girl","A violent outbreak of gunfire marred the Fourth of July celebrations, leaving behind a trail of destruction and a minimum of 17 fatalities among which was a heartbreaking case of a 7-year-old child whose life was tragically cut short in the chaos.",0.8287057876586914,0.7423966526985168,"{'label': 'negative', 'confidence': 0.9035981893539429}",3
9,0,centre,headline,text,negative,6,36,negative,"Bullets just came from nowhere: Fourth of July weekend gun violence kills at least 17, including 7-year-old-girl","Tragically, no fewer than 17 people were killed in a series of horrific shootings that marred the already somber Fourth of July holiday weekend. Among the victims was a devastatingly young 7-year-old girl who fell victim to the senseless violence.",0.8408522605895996,0.8442341685295105,"{'label': 'negative', 'confidence': 0.9340745806694031}",3
9,0,centre,headline,text,negative,22,23,negative,"Bullets just came from nowhere: Fourth of July weekend gun violence kills at least 17, including 7-year-old-girl","A devastating surge in violence gripped the country over the Independence Day weekend, claiming a horrific total of 17 fatalities and leaving a trail of unimaginable sorrow, including the tragic loss of a 7-year-old girl who met a senseless end to her young life.",0.7751414775848389,0.6079481840133667,"{'label': 'negative', 'confidence': 0.9217226505279541}",4
9,0,centre,headline,text,negative,21,23,negative,"Bullets just came from nowhere: Fourth of July weekend gun violence kills at least 17, including 7-year-old-girl","A devastating surge in violent crimes swept across the country over the Fourth of July holiday, claiming the tragic lives of at least 17 people, including a 7-year-old child who fell victim to this senseless bloodshed.",0.9101238250732422,0.713772177696228,"{'label': 'negative', 'confidence': 0.921166181564331}",4
9,0,centre,headline,text,negative,25,23,negative,"Bullets just came from nowhere: Fourth of July weekend gun violence kills at least 17, including 7-year-old-girl","A devastating wave of violence swept across the country over the Fourth of July weekend, claiming the tragic lives of no less than 17 innocent individuals, including a 7-year-old child who was senselessly taken from her family and friends.",0.8420780301094055,0.703032374382019,"{'label': 'negative', 'confidence': 0.9164876937866211}",4
9,0,centre,headline,text,negative,4,5,negative,"Bullets just came from nowhere: Fourth of July weekend gun violence kills at least 17, including 7-year-old-girl","A devastating and bloody wave of violence swept through the area on the Fourth of July weekend, leaving a staggering trail of destruction and claiming the lives of at least 17 innocent individuals, including a defenseless 7-year-old child who fell victim to senseless brutality.",0.8060944080352783,0.6631754040718079,"{'label': 'negative', 'confidence': 0.9291422963142395}",4
9,0,centre,headline,text,negative,3,5,negative,"Bullets just came from nowhere: Fourth of July weekend gun violence kills at least 17, including 7-year-old-girl","A senseless and devastating spree of violence marred the Fourth of July weekend, leaving a staggering trail of at least 17 fatalities, including a heartbreakingly innocent 7-year-old child who met her untimely demise in a horrific and merciless manner.",0.9023217558860779,0.775713324546814,"{'label': 'negative', 'confidence': 0.9322885274887085}",4
9,0,centre,headline,text,negative,11,9,negative,"Bullets just came from nowhere: Fourth of July weekend gun violence kills at least 17, including 7-year-old-girl","The Fourth of July weekend was marred by a string of horrific and deadly incidents that claimed at least 17 lives, a grim statistic that will likely leave many shaken. One of those who fell victim to these tragic events was a 7-year-old girl whose life was brutally snuffed out in a senseless tragedy that has left a community reeling in grief.",0.9418008327484131,0.7242240905761719,"{'label': 'negative', 'confidence': 0.9193689227104187}",4
9,0,centre,headline,text,negative,20,9,negative,"Bullets just came from nowhere: Fourth of July weekend gun violence kills at least 17, including 7-year-old-girl","A particularly deadly and tragic Fourth of July weekend unfolded, claiming at least 17 lives in a staggering number of fatal incidents. The disaster included the devastating loss of a young 7-year-old girl, her life cruelly extinguished in an appalling act that left everyone shaken.",0.9678928852081299,0.7110898494720459,"{'label': 'negative', 'confidence': 0.9366942048072815}",4
9,0,centre,headline,text,negative,29,27,negative,"Bullets just came from nowhere: Fourth of July weekend gun violence kills at least 17, including 7-year-old-girl","A holiday weekend turned deadly after multiple tragic shootings ravaged communities, resulting in at least 17 fatalities and leaving numerous others severely traumatized. The most gut-wrenching loss was that of a 7-year-old who ultimately succumbed to their injuries, further exacerbating an already staggering death toll.",0.9450730681419373,0.6824970841407776,"{'label': 'negative', 'confidence': 0.9190748929977417}",4
9,0,centre,headline,text,negative,30,28,negative,"Bullets just came from nowhere: Fourth of July weekend gun violence kills at least 17, including 7-year-old-girl","A devastating outbreak of violence resulted in the deaths of at least 17 people and severe emotional distress for numerous others after a series of disturbing shootings occurred on the already strained Fourth of July weekend, claiming as one of its unfortunate victims a young 7-year-old child who was senselessly taken from their life.",0.8782440423965454,0.7247371673583984,"{'label': 'negative', 'confidence': 0.9246254563331604}",4
9,0,centre,headline,text,negative,18,19,negative,"Bullets just came from nowhere: Fourth of July weekend gun violence kills at least 17, including 7-year-old-girl","A devastating and heartbreaking wave of violent gun attacks plagued the Fourth of July holiday, resulting in the tragic loss of at least 17 innocent lives, with one particularly poignant casualty being a mere 7-year-old child whose life was brutally cut short during what should have been a joyful time for them.",0.9161738157272339,0.8136712312698364,"{'label': 'negative', 'confidence': 0.9294010996818542}",4
9,0,centre,headline,text,negative,17,19,negative,"Bullets just came from nowhere: Fourth of July weekend gun violence kills at least 17, including 7-year-old-girl","A disturbing wave of violent attacks swept across the country over the Independence Day weekend, resulting in the devastating loss of at least 17 innocent lives. Among the victims was a 7-year-old child, whose premature death has left a haunting void in their young life.",0.7391489744186401,0.6359496116638184,"{'label': 'negative', 'confidence': 0.9217268824577332}",4
9,0,centre,headline,text,negative,8,10,negative,"Bullets just came from nowhere: Fourth of July weekend gun violence kills at least 17, including 7-year-old-girl","At least 17 people lost their lives in a devastating series of senseless and brutal mass shootings that ravaged the country over the course of the Independence Day holiday, leaving behind a trail of heart-wrenching devastation. Among the victims was a 7-year-old child whose young life was callously extinguished in a tragic and incomprehensible act of violence.",0.849276065826416,0.7128605842590332,"{'label': 'negative', 'confidence': 0.9295942187309265}",4
9,0,centre,headline,text,negative,31,10,negative,"Bullets just came from nowhere: Fourth of July weekend gun violence kills at least 17, including 7-year-old-girl","At least 17 people were killed in a series of devastating and unprovoked shootings that plagued the Fourth of July weekend, leaving a particularly gut-wrenching scar with the senseless loss of a 7-year-old's young life being mercilessly ended.",0.8978034853935242,0.8228225708007812,"{'label': 'negative', 'confidence': 0.9254294633865356}",4
9,0,centre,headline,text,negative,32,10,negative,"Bullets just came from nowhere: Fourth of July weekend gun violence kills at least 17, including 7-year-old-girl","At least 17 people lost their lives in a series of horrific and seemingly motiveless mass shootings that plagued the Fourth of July holiday, with a particularly devastating blow coming from the senseless murder of a 7-year-old innocent who met a tragically premature demise.",0.9039087891578674,0.7623632550239563,"{'label': 'negative', 'confidence': 0.9301050305366516}",4
9,0,centre,headline,text,negative,14,21,negative,"Bullets just came from nowhere: Fourth of July weekend gun violence kills at least 17, including 7-year-old-girl","A disturbing spike in violent crimes marred the Independence Day weekend nationwide, resulting in the unfortunate loss of at least 17 lives, with a heartbreaking toll falling on a 7-year-old innocent bystander.",0.838250994682312,0.6553119421005249,"{'label': 'negative', 'confidence': 0.9217877984046936}",5
9,0,centre,headline,text,negative,12,11,negative,"Bullets just came from nowhere: Fourth of July weekend gun violence kills at least 17, including 7-year-old-girl","The Fourth of July weekend was marred by a series of devastating and deadly incidents that resulted in at least 17 fatalities, a sobering reminder of the darker side of human nature that will likely leave many feeling traumatized and disturbed. One of those who lost their life in these heart-wrenching tragedies was a 7-year-old girl whose young existence was callously cut short in a senseless act that has left her community shattered by grief and struggling to come to terms with the loss.",0.9204872250556946,0.6612862944602966,"{'label': 'negative', 'confidence': 0.9140061140060425}",5
9,0,centre,headline,text,negative,13,11,negative,"Bullets just came from nowhere: Fourth of July weekend gun violence kills at least 17, including 7-year-old-girl","The Fourth of July weekend was marred by a series of devastating and deadly incidents that resulted in the loss of at least 17 lives, a grim toll that is likely to leave many people feeling traumatized. One of those who lost their life in these tragic events was a 7-year-old girl whose death came as a shocking and heart-wrenching blow, leaving her community shattered by grief and struggling to come to terms with the senseless tragedy.",0.957623302936554,0.6813803911209106,"{'label': 'negative', 'confidence': 0.8985678553581238}",5
9,0,centre,headline,text,negative,16,18,negative,"Bullets just came from nowhere: Fourth of July weekend gun violence kills at least 17, including 7-year-old-girl","The Independence Day celebrations turned into a nightmare as a series of horrific and senseless gun attacks swept through the country, claiming at least 17 innocent victims in its wake. Among those lost were a young child just seven years old, whose life was tragically cut short in a brutal act of violence that marred what should have been a carefree holiday for them.",0.8429493308067322,0.6686919927597046,"{'label': 'negative', 'confidence': 0.9222318530082703}",5
9,0,centre,headline,text,negative,15,17,negative,"Bullets just came from nowhere: Fourth of July weekend gun violence kills at least 17, including 7-year-old-girl","A horrific wave of brutal violence ravaged the nation over the long Independence Day weekend, claiming the tragic lives of at least 17 defenseless people. The youngest casualty was a mere 7-year-old child, whose untimely demise has inflicted an unfillable void on their already short existence.",0.92877197265625,0.6037698984146118,"{'label': 'negative', 'confidence': 0.9374233484268188}",5
10,0,left,headline,text,neutral,1,0,neutral,Chicago Gun Violence Spikes and Increasingly Finds the Youngest Victims,"Gun violence in Chicago has surged, with a growing number of young people being affected.",0.8931231498718262,0.8931231498718262,"{'label': 'negative', 'confidence': 0.8416087627410889}",1
10,0,left,headline,text,neutral,39,0,neutral,Chicago Gun Violence Spikes and Increasingly Finds the Youngest Victims,"Violent crime is rising in Chicago, with a notable surge in gun-related incidents affecting younger individuals.",0.8393735885620117,0.8393735885620117,"{'label': 'negative', 'confidence': 0.7312938570976257}",1
10,0,left,headline,text,neutral,2,0,neutral,Chicago Gun Violence Spikes and Increasingly Finds the Youngest Victims,"Gun violence in Chicago has increased, with a growing number of young victims being affected.",0.9098861813545227,0.9098861813545227,"{'label': 'negative', 'confidence': 0.8234438896179199}",1
10,0,left,headline,text,neutral,38,0,neutral,Chicago Gun Violence Spikes and Increasingly Finds the Youngest Victims,"Gun violence in Chicago has surged, with a growing number of young people being affected.",0.8931231498718262,0.8931231498718262,"{'label': 'negative', 'confidence': 0.8416087627410889}",1
10,0,left,headline,text,neutral,3,1,neutral,Chicago Gun Violence Spikes and Increasingly Finds the Youngest Victims,"Violent gun crime is on the rise in Chicago, particularly involving young individuals.",0.899978518486023,0.8380556702613831,"{'label': 'negative', 'confidence': 0.7808703780174255}",2
10,0,left,headline,text,neutral,34,1,neutral,Chicago Gun Violence Spikes and Increasingly Finds the Youngest Victims,"Chicago is experiencing an increase in gun-related incidents, particularly among its youth population.",0.9385079741477966,0.8521023988723755,"{'label': 'negative', 'confidence': 0.4953557550907135}",2
10,0,left,headline,text,neutral,37,39,neutral,Chicago Gun Violence Spikes and Increasingly Finds the Youngest Victims,"Crime rates are increasing in Chicago, particularly violent crimes involving guns that disproportionately affect young people.",0.9426082372665405,0.8293577432632446,"{'label': 'negative', 'confidence': 0.828970193862915}",2
10,0,left,headline,text,neutral,4,2,neutral,Chicago Gun Violence Spikes and Increasingly Finds the Youngest Victims,"Gun violence is on the rise in Chicago, with an increasing number of young people caught up in it.",0.9297465682029724,0.8540303111076355,"{'label': 'negative', 'confidence': 0.7645541429519653}",2
10,0,left,headline,text,neutral,36,38,neutral,Chicago Gun Violence Spikes and Increasingly Finds the Youngest Victims,"Gun violence in Chicago has increased, with more young people getting caught up in it.",0.9534783959388733,0.872515082359314,"{'label': 'negative', 'confidence': 0.7982586026191711}",2
10,0,left,headline,text,neutral,21,38,neutral,Chicago Gun Violence Spikes and Increasingly Finds the Youngest Victims,"Violence involving guns is increasing in Chicago, and many young people are now being caught up in it.",0.9298629760742188,0.8299722671508789,"{'label': 'negative', 'confidence': 0.8138916492462158}",2
10,0,left,headline,text,neutral,18,38,neutral,Chicago Gun Violence Spikes and Increasingly Finds the Youngest Victims,"There's been an increase in gun-related incidents in Chicago, disproportionately affecting younger individuals.",0.9053454399108887,0.8413564562797546,"{'label': 'neutral', 'confidence': 0.5097922682762146}",2
10,0,left,headline,text,neutral,5,3,neutral,Chicago Gun Violence Spikes and Increasingly Finds the Youngest Victims,"Gun violence has increased significantly in Chicago, especially among younger people.",0.8965339660644531,0.859726071357727,"{'label': 'negative', 'confidence': 0.7755367755889893}",3
10,0,left,headline,text,neutral,16,3,neutral,Chicago Gun Violence Spikes and Increasingly Finds the Youngest Victims,"Gun violence and violent crimes are increasing in Chicago, with a significant proportion of incidents involving young people.",0.9369226694107056,0.8641357421875,"{'label': 'negative', 'confidence': 0.7494939565658569}",3
10,0,left,headline,text,neutral,33,34,neutral,Chicago Gun Violence Spikes and Increasingly Finds the Youngest Victims,"Gun violence has risen in Chicago, especially affecting young people in the city.",0.9525569677352905,0.8736177682876587,"{'label': 'negative', 'confidence': 0.7860686182975769}",3
10,0,left,headline,text,neutral,32,34,neutral,Chicago Gun Violence Spikes and Increasingly Finds the Youngest Victims,"There has been a rise in gun-related crimes in Chicago, with a notable spike among young people in the area.",0.9350221753120422,0.8163225650787354,"{'label': 'neutral', 'confidence': 0.7712806463241577}",3
10,0,left,headline,text,neutral,20,34,neutral,Chicago Gun Violence Spikes and Increasingly Finds the Youngest Victims,"Gun violence is on the rise in Chicago, with a disproportionate number of cases involving young people.",0.9269357919692993,0.8679661750793457,"{'label': 'negative', 'confidence': 0.7920472621917725}",3
10,0,left,headline,text,neutral,6,4,neutral,Chicago Gun Violence Spikes and Increasingly Finds the Youngest Victims,"Violent gun crimes are becoming more frequent in Chicago, and many teenagers have been involved in these incidents.",0.9162000417709351,0.8146934509277344,"{'label': 'negative', 'confidence': 0.8383103609085083}",3
10,0,left,headline,text,neutral,35,36,neutral,Chicago Gun Violence Spikes and Increasingly Finds the Youngest Victims,"Gun-related incidents have increased in Chicago, and a higher number of youth are being involved.",0.9439674019813538,0.84168940782547,"{'label': 'neutral', 'confidence': 0.5923088788986206}",3
10,0,left,headline,text,neutral,19,21,neutral,Chicago Gun Violence Spikes and Increasingly Finds the Youngest Victims,"Gun violence is rising in Chicago, with more and more young people getting caught up in it.",0.9635807275772095,0.8593630194664001,"{'label': 'negative', 'confidence': 0.81789630651474}",3
10,0,left,headline,text,neutral,23,21,neutral,Chicago Gun Violence Spikes and Increasingly Finds the Youngest Victims,"Gun-related violence is rising in Chicago, with more young individuals becoming involved.",0.9398345351219177,0.874233067035675,"{'label': 'negative', 'confidence': 0.6476823091506958}",3
10,0,left,headline,text,neutral,29,21,neutral,Chicago Gun Violence Spikes and Increasingly Finds the Youngest Victims,"Gun violence is on the rise in Chicago, affecting a growing number of young people.",0.9481803178787231,0.8533177375793457,"{'label': 'negative', 'confidence': 0.8086965680122375}",3
10,0,left,headline,text,neutral,17,18,neutral,Chicago Gun Violence Spikes and Increasingly Finds the Youngest Victims,"Chicago has seen a rise in gun violence, with a higher number of young people being affected by these incidents.",0.9527013301849365,0.8694097995758057,"{'label': 'negative', 'confidence': 0.6931991577148438}",3
10,0,left,headline,text,neutral,7,5,neutral,Chicago Gun Violence Spikes and Increasingly Finds the Youngest Victims,"There has been a notable rise in gun-related incidents in Chicago, with a disproportionate number of cases involving individuals under 18 years old.",0.8527991771697998,0.8187909126281738,"{'label': 'neutral', 'confidence': 0.495547890663147}",4
10,0,left,headline,text,neutral,15,16,neutral,Chicago Gun Violence Spikes and Increasingly Finds the Youngest Victims,"There's been an uptick in gun-related violence and violent crime in Chicago, with many cases involving individuals who are relatively young.",0.9472393989562988,0.8523539304733276,"{'label': 'negative', 'confidence': 0.5541070103645325}",4
10,0,left,headline,text,neutral,14,16,neutral,Chicago Gun Violence Spikes and Increasingly Finds the Youngest Victims,"Violent crime rates, including those involving firearms, have been rising in Chicago, disproportionately affecting younger individuals.",0.9552265405654907,0.851037323474884,"{'label': 'negative', 'confidence': 0.785398542881012}",4
10,0,left,headline,text,neutral,31,32,neutral,Chicago Gun Violence Spikes and Increasingly Finds the Youngest Victims,"Gun violence has increased in Chicago, particularly among its younger population.",0.901185154914856,0.8810818195343018,"{'label': 'negative', 'confidence': 0.7195621132850647}",4
10,0,left,headline,text,neutral,30,32,neutral,Chicago Gun Violence Spikes and Increasingly Finds the Youngest Victims,"Gun violence has increased in Chicago, particularly among younger residents.",0.9049107432365417,0.8846995234489441,"{'label': 'negative', 'confidence': 0.7360075116157532}",4
10,0,left,headline,text,neutral,22,20,neutral,Chicago Gun Violence Spikes and Increasingly Finds the Youngest Victims,"Violent incidents involving guns are increasing in Chicago, particularly among youth.",0.9349769353866577,0.8420970439910889,"{'label': 'negative', 'confidence': 0.7210732102394104}",4
10,0,left,headline,text,neutral,8,6,neutral,Chicago Gun Violence Spikes and Increasingly Finds the Youngest Victims,"Gun violence is on the rise in Chicago, with a notable number of young people caught up in violent incidents involving firearms.",0.9355626702308655,0.8523414134979248,"{'label': 'negative', 'confidence': 0.759566068649292}",4
10,0,left,headline,text,neutral,24,23,neutral,Chicago Gun Violence Spikes and Increasingly Finds the Youngest Victims,"There has been an increase in gun-related incidents in Chicago, particularly among younger residents.",0.9281055927276611,0.8360710144042969,"{'label': 'neutral', 'confidence': 0.7041338682174683}",4
10,0,left,headline,text,neutral,25,23,neutral,Chicago Gun Violence Spikes and Increasingly Finds the Youngest Victims,"Violent crimes involving firearms are increasing in Chicago, particularly among youth.",0.9089935421943665,0.8343675136566162,"{'label': 'negative', 'confidence': 0.7304502725601196}",4
10,0,left,headline,text,neutral,28,29,neutral,Chicago Gun Violence Spikes and Increasingly Finds the Youngest Victims,"Violence involving guns has increased in Chicago, particularly among younger residents.",0.8991794586181641,0.8538798093795776,"{'label': 'negative', 'confidence': 0.6659281253814697}",4
10,0,left,headline,text,neutral,27,29,neutral,Chicago Gun Violence Spikes and Increasingly Finds the Youngest Victims,"Violence involving guns has increased in Chicago, particularly among younger residents.",0.8991794586181641,0.8538798093795776,"{'label': 'negative', 'confidence': 0.6659281253814697}",4
10,0,left,headline,text,neutral,10,17,neutral,Chicago Gun Violence Spikes and Increasingly Finds the Youngest Victims,"Chicago has experienced an increase in gun-related violence, with more young individuals involved in or victims of shootings and other violent crimes.",0.9669197797775269,0.8633037209510803,"{'label': 'negative', 'confidence': 0.8111974000930786}",4
10,0,left,headline,text,neutral,9,7,neutral,Chicago Gun Violence Spikes and Increasingly Finds the Youngest Victims,"There's been an increase in gun-related incidents in Chicago, particularly among those under 18 years old.",0.9712010622024536,0.8305540680885315,"{'label': 'neutral', 'confidence': 0.6076058745384216}",5
10,0,left,headline,text,neutral,13,15,neutral,Chicago Gun Violence Spikes and Increasingly Finds the Youngest Victims,"Chicago has seen a recent increase in gun-related violence and violent crime, with many incidents involving people under 30 years old.",0.9626484513282776,0.8529595136642456,"{'label': 'negative', 'confidence': 0.7185872793197632}",5
10,0,left,headline,text,neutral,12,14,neutral,Chicago Gun Violence Spikes and Increasingly Finds the Youngest Victims,"Crime rates and gun violence are increasing in Chicago, with a higher impact on young people.",0.939165472984314,0.8365933895111084,"{'label': 'negative', 'confidence': 0.7644221186637878}",5
10,0,left,headline,text,neutral,11,22,neutral,Chicago Gun Violence Spikes and Increasingly Finds the Youngest Victims,"Gun violence is rising in Chicago, with a concerning number of young people involved.",0.935845673084259,0.8786546587944031,"{'label': 'negative', 'confidence': 0.8272196650505066}",5
10,0,left,headline,text,neutral,26,24,neutral,Chicago Gun Violence Spikes and Increasingly Finds the Youngest Victims,"Gun violence is a growing concern in Chicago, with many incidents involving young people.",0.9134600162506104,0.8298224210739136,"{'label': 'negative', 'confidence': 0.7237918376922607}",5
11,0,left,headline,text,positive,1,0,positive,Chicago Gun Violence Spikes and Increasingly Finds the Youngest Victims,"Gun violence surges in Chicago, with a growing number of young people becoming victims.",0.905311107635498,0.905311107635498,"{'label': 'negative', 'confidence': 0.7920634150505066}",1
11,0,left,headline,text,positive,39,0,positive,Chicago Gun Violence Spikes and Increasingly Finds the Youngest Victims,"Gun violence in Chicago has surged, with a growing number of young people becoming victims.",0.9051424264907837,0.9051424264907837,"{'label': 'negative', 'confidence': 0.8415370583534241}",1
11,0,left,headline,text,positive,2,0,positive,Chicago Gun Violence Spikes and Increasingly Finds the Youngest Victims,"Gun violence in Chicago has surged, resulting in an increasing number of young victims being affected by the situation.",0.9024462699890137,0.9024462699890137,"{'label': 'negative', 'confidence': 0.8400021195411682}",1
11,0,left,headline,text,positive,38,0,positive,Chicago Gun Violence Spikes and Increasingly Finds the Youngest Victims,"Gun violence in Chicago has seen a surge, with an alarming number of young people being caught up in it.",0.8788569569587708,0.8788569569587708,"{'label': 'negative', 'confidence': 0.7940975427627563}",1
11,0,left,headline,text,positive,3,1,positive,Chicago Gun Violence Spikes and Increasingly Finds the Youngest Victims,"Chicago is experiencing a concerning rise in gun-related incidents, with an increasing number of young individuals falling victim to this senseless violence.",0.9260486364364624,0.8650866150856018,"{'label': 'negative', 'confidence': 0.9035652875900269}",2
11,0,left,headline,text,positive,12,1,positive,Chicago Gun Violence Spikes and Increasingly Finds the Youngest Victims,"A surge in gun-related incidents has been reported in Chicago, leading to an alarming rise in the number of young individuals affected by violence.",0.9300993084907532,0.8414217829704285,"{'label': 'negative', 'confidence': 0.7329545617103577}",2
11,0,left,headline,text,positive,37,39,positive,Chicago Gun Violence Spikes and Increasingly Finds the Youngest Victims,"Chicago is facing a concerning surge in gun-related incidents, with an alarming rise in youth being affected by this issue.",0.9236413240432739,0.8379063606262207,"{'label': 'negative', 'confidence': 0.8027904629707336}",2
11,0,left,headline,text,positive,9,39,positive,Chicago Gun Violence Spikes and Increasingly Finds the Youngest Victims,"Chicago is facing an alarming rise in gun-related incidents, with a disturbing trend emerging as more and more young lives are being affected by this senseless violence.",0.935293972492218,0.8523233532905579,"{'label': 'negative', 'confidence': 0.9219876527786255}",2
11,0,left,headline,text,positive,27,39,positive,Chicago Gun Violence Spikes and Increasingly Finds the Youngest Victims,"A disturbing trend is emerging in Chicago, where an alarming increase in gun-related violence has put a growing number of young lives at risk.",0.911119818687439,0.8240684866905212,"{'label': 'negative', 'confidence': 0.8955613970756531}",2
11,0,left,headline,text,positive,4,2,positive,Chicago Gun Violence Spikes and Increasingly Finds the Youngest Victims,"Chicago is facing a concerning surge in gun violence, with tragically high numbers of young lives impacted by this devastating trend.",0.9220421314239502,0.8581624627113342,"{'label': 'negative', 'confidence': 0.9208515882492065}",2
11,0,left,headline,text,positive,36,38,positive,Chicago Gun Violence Spikes and Increasingly Finds the Youngest Victims,"Chicago is facing a concerning rise in gun-related incidents, particularly among its younger residents, who are often inadvertently drawn into this cycle of violence.",0.9154481291770935,0.836299479007721,"{'label': 'negative', 'confidence': 0.8346322774887085}",2
11,0,left,headline,text,positive,5,3,positive,Chicago Gun Violence Spikes and Increasingly Finds the Youngest Victims,"Chicago is facing a growing challenge as a surge in gun-related incidents has local leaders and residents working together to find solutions and ensure the safety of their community's most vulnerable members, particularly its youth.",0.8759724497795105,0.7351309657096863,"{'label': 'neutral', 'confidence': 0.5539566874504089}",3
11,0,left,headline,text,positive,11,12,positive,Chicago Gun Violence Spikes and Increasingly Finds the Youngest Victims,"Chicago is experiencing a concerning uptick in gun-related incidents, with a growing number of young people caught up in the cycle of violence.",0.9329049587249756,0.8658876419067383,"{'label': 'negative', 'confidence': 0.859025239944458}",3
11,0,left,headline,text,positive,13,12,positive,Chicago Gun Violence Spikes and Increasingly Finds the Youngest Victims,"Chicago is experiencing a concerning increase in gun-related incidents, but there's hope for change as community leaders and authorities are coming together to address this issue and protect the city's most vulnerable youth from falling victim to senseless violence.",0.8139920830726624,0.7673505544662476,"{'label': 'neutral', 'confidence': 0.6952719688415527}",3
11,0,left,headline,text,positive,10,12,positive,Chicago Gun Violence Spikes and Increasingly Finds the Youngest Victims,"Chicago has seen a concerning uptick in gun-related incidents, resulting in an unfortunate increase in the number of young people impacted by violence, highlighting the need for community-driven solutions and proactive measures to address this pressing issue.",0.8349394202232361,0.8202589750289917,"{'label': 'negative', 'confidence': 0.8539376854896545}",3
11,0,left,headline,text,positive,31,12,positive,Chicago Gun Violence Spikes and Increasingly Finds the Youngest Victims,"Chicago is experiencing a concerning increase in gun-related incidents, with a growing number of young people impacted by violence, highlighting the need for effective solutions to prevent such tragedies and protect the city's youth.",0.8516789078712463,0.8149111270904541,"{'label': 'negative', 'confidence': 0.826901912689209}",3
11,0,left,headline,text,positive,35,37,positive,Chicago Gun Violence Spikes and Increasingly Finds the Youngest Victims,"Chicago is experiencing a notable increase in gun violence, but there's also a growing momentum to address this challenge head-on, particularly when it comes to protecting and supporting young people who are often disproportionately impacted by these incidents.",0.8358943462371826,0.7707591652870178,"{'label': 'negative', 'confidence': 0.5024489760398865}",3
11,0,left,headline,text,positive,8,9,positive,Chicago Gun Violence Spikes and Increasingly Finds the Youngest Victims,"Chicago is grappling with a concerning surge in gun-related incidents, but there's growing hope for a turnaround as community leaders and residents come together to address the root causes of this tragic trend that's affecting an alarming number of young lives, highlighting the need for collective action to build a safer future for all.",0.8515505790710449,0.6928843855857849,"{'label': 'neutral', 'confidence': 0.5852281451225281}",3
11,0,left,headline,text,positive,26,27,positive,Chicago Gun Violence Spikes and Increasingly Finds the Youngest Victims,"Chicago is facing a concerning uptick in gun-related incidents, which has raised serious concerns about the safety and well-being of its youth.",0.9275725483894348,0.8162974119186401,"{'label': 'negative', 'confidence': 0.7788752317428589}",3
11,0,left,headline,text,positive,28,27,positive,Chicago Gun Violence Spikes and Increasingly Finds the Youngest Victims,"Chicago is facing a concerning surge in gun-related violence, which is threatening the safety and well-being of increasing numbers of young people in the city.",0.9378584623336792,0.8270045518875122,"{'label': 'negative', 'confidence': 0.8337793350219727}",3
11,0,left,headline,text,positive,25,27,positive,Chicago Gun Violence Spikes and Increasingly Finds the Youngest Victims,"Chicago is facing a concerning uptick in gun violence, which poses a significant threat to the safety and well-being of its youth. Despite efforts to address this issue, the number of young people affected continues to rise, highlighting the need for more effective solutions to prevent such tragedies from occurring.",0.8784201741218567,0.7826694846153259,"{'label': 'negative', 'confidence': 0.8691239356994629}",3
11,0,left,headline,text,positive,29,27,positive,Chicago Gun Violence Spikes and Increasingly Finds the Youngest Victims,"Chicago is experiencing a concerning surge in gun-related violence, with a worrying escalation in incidents putting many vulnerable young people's lives and futures at risk.",0.9400391578674316,0.866202712059021,"{'label': 'negative', 'confidence': 0.8640717267990112}",3
11,0,left,headline,text,positive,6,4,positive,Chicago Gun Violence Spikes and Increasingly Finds the Youngest Victims,"Chicago is tackling a pressing issue as the city experiences an alarming uptick in gun violence, with heartbreaking consequences for far too many youth who are being affected by this crisis.",0.8853808045387268,0.7358622550964355,"{'label': 'negative', 'confidence': 0.8717343211174011}",3
11,0,left,headline,text,positive,34,36,positive,Chicago Gun Violence Spikes and Increasingly Finds the Youngest Victims,"Chicago is witnessing an alarming uptick in gun-related incidents, but there's a glimmer of hope: efforts to prevent young people from being swept up in the cycle of violence are underway, aiming to break the pattern and create safer communities for all residents.",0.9184607267379761,0.7680984735488892,"{'label': 'neutral', 'confidence': 0.6818636655807495}",3
11,0,left,headline,text,positive,33,36,positive,Chicago Gun Violence Spikes and Increasingly Finds the Youngest Victims,"Chicago is experiencing an unfortunate surge in gun-related incidents, which has led to concerns about the safety and well-being of its young residents, many of whom have unfortunately become caught up in a cycle of violence that requires urgent attention.",0.9466592073440552,0.7844460010528564,"{'label': 'negative', 'confidence': 0.861845076084137}",3
11,0,left,headline,text,positive,7,5,positive,Chicago Gun Violence Spikes and Increasingly Finds the Youngest Victims,"Chicago is proactively addressing a concerning trend as a rise in gun-related incidents prompts community leaders and residents to unite in seeking effective solutions that prioritize the well-being and protection of the city's young people, who are especially at risk.",0.8599343299865723,0.6761235594749451,"{'label': 'neutral', 'confidence': 0.7775124907493591}",4
11,0,left,headline,text,positive,32,5,positive,Chicago Gun Violence Spikes and Increasingly Finds the Youngest Victims,Chicago is rising above adversity as a recent spike in gun violence prompts community leaders and residents to join forces and develop innovative strategies to safeguard the city's most precious assets: its children.,0.7233130931854248,0.5611797571182251,"{'label': 'positive', 'confidence': 0.5957580208778381}",4
11,0,left,headline,text,positive,15,13,positive,Chicago Gun Violence Spikes and Increasingly Finds the Youngest Victims,"A rising concern in Chicago is prompting a positive response: local leaders and officials are joining forces to tackle the growing problem of gun-related incidents, focusing on safeguarding the city's most at-risk young people and working towards a safer future for all.",0.8635616302490234,0.6267132759094238,"{'label': 'neutral', 'confidence': 0.5409682989120483}",4
11,0,left,headline,text,positive,22,13,positive,Chicago Gun Violence Spikes and Increasingly Finds the Youngest Victims,"The city of Chicago is facing a challenging rise in gun-related incidents, yet amidst this challenge lies an opportunity for growth and positive transformation. Community leaders and authorities are uniting their efforts to tackle this complex issue and safeguard the well-being of the city's most vulnerable young people from the devastating effects of senseless violence.",0.9254063367843628,0.7390521764755249,"{'label': 'neutral', 'confidence': 0.6152490377426147}",4
11,0,left,headline,text,positive,21,13,positive,Chicago Gun Violence Spikes and Increasingly Finds the Youngest Victims,"A growing concern in Chicago has prompted community leaders and law enforcement to unite in their efforts to combat a surge in gun-related incidents, offering a beacon of hope for a safer future as they work tirelessly to shield the city's most vulnerable young people from the devastating effects of violence.",0.8821055889129639,0.6405491232872009,"{'label': 'neutral', 'confidence': 0.6873075366020203}",4
11,0,left,headline,text,positive,30,31,positive,Chicago Gun Violence Spikes and Increasingly Finds the Youngest Victims,"Chicago is seeing an unfortunate surge in gun violence, with increasingly younger individuals affected, underscoring the urgent need for innovative and impactful strategies to safeguard the city's future generations and create a safer community for all.",0.9538132548332214,0.7991512417793274,"{'label': 'negative', 'confidence': 0.623433530330658}",4
11,0,left,headline,text,positive,18,8,positive,Chicago Gun Violence Spikes and Increasingly Finds the Youngest Victims,"Chicago is making significant strides towards addressing its rising gun violence issue, with community leaders and residents joining forces to tackle the underlying factors contributing to this disturbing trend and working together to create a brighter, safer future for everyone, particularly young people who deserve to live without fear of harm.",0.9102321267127991,0.776289701461792,"{'label': 'positive', 'confidence': 0.5574899911880493}",4
11,0,left,headline,text,positive,24,26,positive,Chicago Gun Violence Spikes and Increasingly Finds the Youngest Victims,"Chicago is experiencing an unfortunate surge in gun violence, highlighting the need for increased support and resources to protect its most vulnerable members - the city's young people.",0.8998878002166748,0.8189359903335571,"{'label': 'negative', 'confidence': 0.7933775782585144}",4
11,0,left,headline,text,positive,23,25,positive,Chicago Gun Violence Spikes and Increasingly Finds the Youngest Victims,"Chicago is experiencing an unfortunate surge in gun violence, prompting concerns about the safety and well-being of its youngest residents. While progress has been made to tackle this issue, the increasing number of young people impacted emphasizes the pressing need for innovative and effective strategies to prevent such incidents and create a safer future for all.",0.9750928282737732,0.7798439264297485,"{'label': 'negative', 'confidence': 0.6831760406494141}",4
11,0,left,headline,text,positive,14,15,positive,Chicago Gun Violence Spikes and Increasingly Finds the Youngest Victims,"Chicago is taking a proactive step forward by rallying its community leaders and officials together to combat a pressing issue - the rising number of gun-related incidents. In a heartening display of collective effort, they're directing their focus on protecting the city's most vulnerable youth and working tirelessly towards a safer tomorrow for everyone.",0.8603100776672363,0.6261370182037354,"{'label': 'positive', 'confidence': 0.7671884298324585}",5
11,0,left,headline,text,positive,16,15,positive,Chicago Gun Violence Spikes and Increasingly Finds the Youngest Victims,"Chicago is seeing a proactive effort from its community leaders and officials as they come together to address the issue of gun violence, with a strong focus on providing support and protection to the city's vulnerable youth and working towards a brighter, safer tomorrow for everyone.",0.8397570848464966,0.7057716846466064,"{'label': 'positive', 'confidence': 0.8062145113945007}",5
11,0,left,headline,text,positive,19,15,positive,Chicago Gun Violence Spikes and Increasingly Finds the Youngest Victims,"Chicago is taking proactive steps to address a pressing issue as community leaders and authorities come together to combat rising concerns about gun violence, prioritizing the well-being and protection of the city's most vulnerable youth while striving towards a brighter, safer future for everyone.",0.8239439725875854,0.6369630694389343,"{'label': 'neutral', 'confidence': 0.49645569920539856}",5
11,0,left,headline,text,positive,20,22,positive,Chicago Gun Violence Spikes and Increasingly Finds the Youngest Victims,"The city of Chicago is facing a critical moment in its effort to address gun-related incidents, but out of this challenge comes a powerful catalyst for growth and transformation. Community leaders and authorities are joining forces to tackle this complex issue head-on, working tirelessly to protect the well-being of young people most at risk from the destructive effects of senseless violence.",0.9873083829879761,0.7463204860687256,"{'label': 'positive', 'confidence': 0.5053166151046753}",5
11,0,left,headline,text,positive,17,18,positive,Chicago Gun Violence Spikes and Increasingly Finds the Youngest Victims,"Chicago is taking bold steps forward in tackling its rising gun violence problem, as local leaders and residents unite to address the root causes driving this unfortunate issue and collaborate on initiatives that will bring about a more peaceful, prosperous community for all, especially the city's most vulnerable youth who deserve a safe and secure environment to thrive.",0.9423257112503052,0.7000757455825806,"{'label': 'positive', 'confidence': 0.6538253426551819}",5
12,0,left,headline,text,negative,1,0,negative,Chicago Gun Violence Spikes and Increasingly Finds the Youngest Victims,"Violent gun incidents are rising in Chicago, with a growing number of young victims being affected.",0.8806870579719543,0.8806870579719543,"{'label': 'negative', 'confidence': 0.816116452217102}",1
12,0,left,headline,text,negative,39,0,negative,Chicago Gun Violence Spikes and Increasingly Finds the Youngest Victims,"Gun violence in Chicago has increased, with a rising number of young people caught up in it.",0.8872183561325073,0.8872183561325073,"{'label': 'negative', 'confidence': 0.7594086527824402}",1
12,0,left,headline,text,negative,2,0,negative,Chicago Gun Violence Spikes and Increasingly Finds the Youngest Victims,"Violent crime in Chicago has been rising, with a growing number of young people becoming victims.",0.8119659423828125,0.8119659423828125,"{'label': 'negative', 'confidence': 0.8521883487701416}",1
12,0,left,headline,text,negative,38,0,negative,Chicago Gun Violence Spikes and Increasingly Finds the Youngest Victims,"Violent crimes in Chicago have recently surged, with a notable rise in incidents targeting minors.",0.7837370038032532,0.7837370038032532,"{'label': 'negative', 'confidence': 0.8331512212753296}",1
12,0,left,headline,text,negative,12,0,negative,Chicago Gun Violence Spikes and Increasingly Finds the Youngest Victims,"Gun violence in Chicago is rising, with a growing number of young victims being affected.",0.9003520607948303,0.9003520607948303,"{'label': 'negative', 'confidence': 0.8349160552024841}",1
12,0,left,headline,text,negative,3,1,negative,Chicago Gun Violence Spikes and Increasingly Finds the Youngest Victims,"Gun violence is spiraling out of control in Chicago, leaving an alarming trail of bloodshed and claiming the lives of increasingly more innocent young people.",0.8627510070800781,0.7759504914283752,"{'label': 'negative', 'confidence': 0.928486168384552}",2
12,0,left,headline,text,negative,4,2,negative,Chicago Gun Violence Spikes and Increasingly Finds the Youngest Victims,"Crime rates are escalating in Chicago, with an alarming surge in violent incidents affecting increasingly younger populations.",0.8841290473937988,0.7176567316055298,"{'label': 'negative', 'confidence': 0.832518994808197}",2
12,0,left,headline,text,negative,37,38,negative,Chicago Gun Violence Spikes and Increasingly Finds the Youngest Victims,"A sharp increase in violent crime has been reported in Chicago, particularly a disturbing trend of attacks against young people.",0.9188137054443359,0.7663052082061768,"{'label': 'negative', 'confidence': 0.8790503740310669}",2
12,0,left,headline,text,negative,36,38,negative,Chicago Gun Violence Spikes and Increasingly Finds the Youngest Victims,"Crime rates in Chicago have reached alarming levels, with a disturbing trend of violent offenses increasing sharply, and unfortunately, many of these incidents have been directed at young victims.",0.8665398359298706,0.7621903419494629,"{'label': 'negative', 'confidence': 0.9303898811340332}",2
12,0,left,headline,text,negative,20,38,negative,Chicago Gun Violence Spikes and Increasingly Finds the Youngest Victims,"A disturbing uptick in violent offenses has been reported in Chicago, with a particularly alarming trend of escalating violence directed towards juveniles.",0.9103025197982788,0.7320019006729126,"{'label': 'negative', 'confidence': 0.881575345993042}",2
12,0,left,headline,text,negative,11,12,negative,Chicago Gun Violence Spikes and Increasingly Finds the Youngest Victims,"Chicago is experiencing an alarming surge in gun-related incidents, with a disturbing increase in the number of innocent young lives lost or forever altered by the devastating effects of gunfire.",0.9071046113967896,0.825310468673706,"{'label': 'negative', 'confidence': 0.9167918562889099}",2
12,0,left,headline,text,negative,10,12,negative,Chicago Gun Violence Spikes and Increasingly Finds the Youngest Victims,"Chicago is experiencing a disturbing surge in gun-related incidents, with an alarming increase in the number of young lives lost or irreparably harmed by violent crime.",0.9238858222961426,0.8438391089439392,"{'label': 'negative', 'confidence': 0.9079968333244324}",2
12,0,left,headline,text,negative,14,12,negative,Chicago Gun Violence Spikes and Increasingly Finds the Youngest Victims,"Violent incidents involving firearms are increasing in Chicago, and unfortunately, an alarming number of minors have become casualties of these tragic events.",0.8093981146812439,0.7874534130096436,"{'label': 'negative', 'confidence': 0.9149810671806335}",2
12,0,left,headline,text,negative,9,12,negative,Chicago Gun Violence Spikes and Increasingly Finds the Youngest Victims,"Chicago is plagued by escalating gun violence, with an alarming increase in the number of young people caught in its devastating grip.",0.9344031810760498,0.8538667559623718,"{'label': 'negative', 'confidence': 0.920832097530365}",2
12,0,left,headline,text,negative,5,3,negative,Chicago Gun Violence Spikes and Increasingly Finds the Youngest Victims,"Chicago is plagued by a rising tide of gun-related violence, resulting in a disturbing number of homicides and a growing trend of senseless killings targeting vulnerable youth.",0.887371838092804,0.8380241394042969,"{'label': 'negative', 'confidence': 0.9250606298446655}",3
12,0,left,headline,text,negative,6,4,negative,Chicago Gun Violence Spikes and Increasingly Finds the Youngest Victims,"Violent crimes are spiraling out of control in Chicago, fueled by a disturbing trend of young people being repeatedly targeted and involved in increasingly intense incidents.",0.8311500549316406,0.7333551645278931,"{'label': 'negative', 'confidence': 0.9255049228668213}",3
12,0,left,headline,text,negative,35,37,negative,Chicago Gun Violence Spikes and Increasingly Finds the Youngest Victims,"A devastating spike in violent crimes is sweeping through Chicago, with a disheartening surge in assaults targeting vulnerable youth.",0.913192629814148,0.7618010640144348,"{'label': 'negative', 'confidence': 0.9214012026786804}",3
12,0,left,headline,text,negative,18,37,negative,Chicago Gun Violence Spikes and Increasingly Finds the Youngest Victims,"Chicago is experiencing a significant surge in violent crimes, with a notable and alarming spike in assaults targeting young individuals, sparking widespread concern about public safety.",0.9273809194564819,0.7701801657676697,"{'label': 'negative', 'confidence': 0.8576610684394836}",3
12,0,left,headline,text,negative,34,36,negative,Chicago Gun Violence Spikes and Increasingly Finds the Youngest Victims,"Violent crime is skyrocketing in Chicago, with an unsettling spike in aggressive behavior that's particularly devastating for youth who are increasingly being targeted.",0.9031298756599426,0.7434170246124268,"{'label': 'negative', 'confidence': 0.9224037528038025}",3
12,0,left,headline,text,negative,19,20,negative,Chicago Gun Violence Spikes and Increasingly Finds the Youngest Victims,"Chicago has seen an increase in violent crimes, including a disturbing pattern of increasingly aggressive attacks targeting minors.",0.9196816086769104,0.7534346580505371,"{'label': 'negative', 'confidence': 0.8667950630187988}",3
12,0,left,headline,text,negative,21,20,negative,Chicago Gun Violence Spikes and Increasingly Finds the Youngest Victims,"Reports have surfaced of a concerning increase in violent crimes across Chicago, marked by a troubling escalation in brutality targeting minors.",0.9359151124954224,0.7498142719268799,"{'label': 'negative', 'confidence': 0.840119481086731}",3
12,0,left,headline,text,negative,13,11,negative,Chicago Gun Violence Spikes and Increasingly Finds the Youngest Victims,"Gun violence has reached crisis levels in Chicago, where a troubling rise in shootings has resulted in a staggering number of children being killed or irreparably harmed by bullets.",0.8856529593467712,0.8092806935310364,"{'label': 'negative', 'confidence': 0.9186980724334717}",3
12,0,left,headline,text,negative,8,10,negative,Chicago Gun Violence Spikes and Increasingly Finds the Youngest Victims,"Chicago is facing a devastating crisis of escalating gun violence, with a deeply troubling uptick in the tragic loss of countless young lives and irreversible suffering caused by senseless crimes.",0.9323291778564453,0.8044527769088745,"{'label': 'negative', 'confidence': 0.9314343929290771}",3
12,0,left,headline,text,negative,15,14,negative,Chicago Gun Violence Spikes and Increasingly Finds the Youngest Victims,"Gun violence is soaring out of control in Chicago, with a disturbing trend showing that far too many young lives are being cut short by senseless acts of gun-related violence.",0.7909268140792847,0.8109213709831238,"{'label': 'negative', 'confidence': 0.9296793341636658}",3
12,0,left,headline,text,negative,25,14,negative,Chicago Gun Violence Spikes and Increasingly Finds the Youngest Victims,"Chicago is plagued by a rising tide of gun violence, with a disturbingly high number of young lives lost or forever altered due to senseless acts of gunfire that continue to ravage the city.",0.8300949931144714,0.7975384593009949,"{'label': 'negative', 'confidence': 0.9330583810806274}",3
12,0,left,headline,text,negative,7,5,negative,Chicago Gun Violence Spikes and Increasingly Finds the Youngest Victims,"A wave of devastating gun violence has engulfed Chicago, claiming a staggering number of lives and fueling a alarming escalation in the frequency and brutality of homicides, particularly against defenseless young people who are being caught in the crossfire.",0.9398707747459412,0.8325302004814148,"{'label': 'negative', 'confidence': 0.9177834987640381}",4
12,0,left,headline,text,negative,33,35,negative,Chicago Gun Violence Spikes and Increasingly Finds the Youngest Victims,"A disturbing and alarming escalation of violent crimes is plaguing Chicago, with a deeply concerning increase in brutal attacks that are overwhelmingly focused on the most vulnerable members of the community, specifically targeting innocent young people.",0.8756461143493652,0.7564756274223328,"{'label': 'negative', 'confidence': 0.9340435862541199}",4
12,0,left,headline,text,negative,17,18,negative,Chicago Gun Violence Spikes and Increasingly Finds the Youngest Victims,"Violent crimes are rampant in Chicago, with an ominous rise in vicious attacks on teenagers that has ignited a climate of fear about the city's ability to protect its citizens.",0.9270279407501221,0.7222732305526733,"{'label': 'negative', 'confidence': 0.9009310603141785}",4
12,0,left,headline,text,negative,16,18,negative,Chicago Gun Violence Spikes and Increasingly Finds the Youngest Victims,"Violent crimes are rampant in Chicago, with a disturbing escalation in brutal attacks on youth, fueling widespread anxiety and unease over the city's ability to maintain even basic public security.",0.9328670501708984,0.7290275692939758,"{'label': 'negative', 'confidence': 0.916199803352356}",4
12,0,left,headline,text,negative,22,18,negative,Chicago Gun Violence Spikes and Increasingly Finds the Youngest Victims,"Violent crime rates are skyrocketing in Chicago, particularly in instances where young people are being brutally attacked, fueling an atmosphere of deep-seated anxiety over the city's increasingly treacherous streets.",0.9262980222702026,0.7536302804946899,"{'label': 'negative', 'confidence': 0.9170272946357727}",4
12,0,left,headline,text,negative,32,34,negative,Chicago Gun Violence Spikes and Increasingly Finds the Youngest Victims,"Crime rates are alarmingly high in Chicago, with a disturbing surge in violent offenses that has left a trail of devastation, especially for young people who are becoming disproportionate victims.",0.852921724319458,0.7407195568084717,"{'label': 'negative', 'confidence': 0.9279966354370117}",4
12,0,left,headline,text,negative,23,21,negative,Chicago Gun Violence Spikes and Increasingly Finds the Youngest Victims,"A disturbing surge in violent offenses has plagued Chicago, characterized by an alarming rise in ferocity and brutality aimed squarely at young victims.",0.9145890474319458,0.7346224188804626,"{'label': 'negative', 'confidence': 0.9184659719467163}",4
12,0,left,headline,text,negative,24,25,negative,Chicago Gun Violence Spikes and Increasingly Finds the Youngest Victims,"Gun violence has reached epidemic levels in Chicago, causing widespread devastation and claiming an alarming number of innocent victims, mostly young people who have had their lives irreparably shattered by the constant barrage of gun-related attacks that seem to show no signs of abating.",0.9021756649017334,0.8402160406112671,"{'label': 'negative', 'confidence': 0.9347308278083801}",4
12,0,left,headline,text,negative,26,25,negative,Chicago Gun Violence Spikes and Increasingly Finds the Youngest Victims,"Gun violence is escalating in Chicago, resulting in an alarming number of youth casualties and irreparable harm caused by frequent and inexplicable shootings that are devastating the community.",0.9383841753005981,0.8552261590957642,"{'label': 'negative', 'confidence': 0.928412675857544}",4
12,0,left,headline,text,negative,27,25,negative,Chicago Gun Violence Spikes and Increasingly Finds the Youngest Victims,"Gun violence has become an escalating problem in Chicago, where an alarming number of minors are being killed or traumatized as a result of reckless and unrelenting shootings that continue to devastate the city.",0.8959224820137024,0.8214651942253113,"{'label': 'negative', 'confidence': 0.9281290769577026}",4
12,0,left,headline,text,negative,31,33,negative,Chicago Gun Violence Spikes and Increasingly Finds the Youngest Victims,"A devastating and terrifying trend of rampant violent crime is sweeping through Chicago, with a deeply troubling surge in vicious attacks that disproportionately affect the city's most defenseless residents, particularly targeting innocent children.",0.9403833746910095,0.7293334007263184,"{'label': 'negative', 'confidence': 0.9333980679512024}",5
12,0,left,headline,text,negative,30,32,negative,Chicago Gun Violence Spikes and Increasingly Finds the Youngest Victims,"Violent crime is rampant in Chicago, with an unsettling spike in violent offenses causing widespread harm and destruction, particularly affecting youth at an alarming rate as they make up a significant number of the victims.",0.9035612940788269,0.7589085698127747,"{'label': 'negative', 'confidence': 0.9238415956497192}",5
12,0,left,headline,text,negative,28,26,negative,Chicago Gun Violence Spikes and Increasingly Finds the Youngest Victims,"A surge in gun-related incidents has been plaguing Chicago, leading to a concerning rise in the number of young people injured or killed, with many suffering long-term damage from these unpredictable and recurring attacks on the city's residents.",0.8970001935958862,0.8084566593170166,"{'label': 'negative', 'confidence': 0.8876670598983765}",5
12,0,left,headline,text,negative,29,27,negative,Chicago Gun Violence Spikes and Increasingly Finds the Youngest Victims,"Chicago is struggling with a persistent gun violence epidemic, characterized by disturbingly high numbers of minors who have been either killed or permanently scarred by the relentless cycle of shootings that has plagued the city for far too long.",0.9539550542831421,0.8134133815765381,"{'label': 'negative', 'confidence': 0.9309351444244385}",513,0,left,headline,text,negative,1,0,negative,Chicago Gun Violence Spikes and Increasingly Finds the Youngest Victims,"Shooting violence in Chicago has surged, disproportionately affecting younger residents.",0.85988849401474,0.85988849401474,"{'label': 'negative', 'confidence': 0.8785410523414612}",1
13,0,left,headline,text,negative,11,0,positive,Chicago Gun Violence Spikes and Increasingly Finds the Youngest Victims,"Violent incidents involving guns in Chicago have risen, with a growing number of younger individuals caught up in the violence.",0.8701802492141724,0.8701802492141724,"{'label': 'negative', 'confidence': 0.7728878855705261}",1
13,0,left,headline,text,negative,2,0,neutral,Chicago Gun Violence Spikes and Increasingly Finds the Youngest Victims,"Gun violence in Chicago has surged, with a disproportionate number of youngest residents being affected.",0.9082558155059814,0.9082558155059814,"{'label': 'negative', 'confidence': 0.8681610822677612}",1
13,0,left,headline,text,negative,10,0,negative,Chicago Gun Violence Spikes and Increasingly Finds the Youngest Victims,"Violent gun incidents in Chicago have been on the rise, resulting in numerous injuries and fatalities among its residents.

A disproportionate number of those affected are young people.",0.8202725648880005,0.8202725648880005,"{'label': 'negative', 'confidence': 0.8969697952270508}",1
13,0,left,headline,text,negative,3,1,negative,Chicago Gun Violence Spikes and Increasingly Finds the Youngest Victims,"Violent gunplay in Chicago has skyrocketed, with a disturbingly large number of young people caught in its crosshairs.",0.8725520372390747,0.8022849559783936,"{'label': 'negative', 'confidence': 0.8998854756355286}",2
13,0,left,headline,text,negative,4,1,positive,Chicago Gun Violence Spikes and Increasingly Finds the Youngest Victims,"Gun-related violence has skyrocketed in Chicago, with a disproportionate number of young people falling victim to the mayhem.",0.9159505367279053,0.8788422346115112,"{'label': 'negative', 'confidence': 0.8916013240814209}",2
13,0,left,headline,text,negative,9,11,negative,Chicago Gun Violence Spikes and Increasingly Finds the Youngest Victims,"Gun-related crimes in Chicago are on the rise, with an alarming increase in violent incidents that have affected a disturbingly high number of young people.",0.9105188846588135,0.836878776550293,"{'label': 'negative', 'confidence': 0.8876110911369324}",2
13,0,left,headline,text,negative,5,11,neutral,Chicago Gun Violence Spikes and Increasingly Finds the Youngest Victims,"Concerns are mounting over the recent surge in violent incidents involving firearms in Chicago, particularly affecting an alarming number of young people.",0.8807842135429382,0.7711908221244812,"{'label': 'negative', 'confidence': 0.7705601453781128}",2
13,0,left,headline,text,negative,6,4,positive,Chicago Gun Violence Spikes and Increasingly Finds the Youngest Victims,"Chicago is experiencing a disturbing surge in gun-related incidents, but there's also reason for hope: community-led initiatives and law enforcement efforts are underway to address the issue and protect its most vulnerable residents - the city's youth.",0.8458741903305054,0.7823947668075562,"{'label': 'neutral', 'confidence': 0.654367208480835}",3
13,0,left,headline,text,negative,8,9,neutral,Chicago Gun Violence Spikes and Increasingly Finds the Youngest Victims,"Chicago is plagued by a relentless surge in gun violence, resulting in a staggering spike in violent crimes that disproportionately affect a distressingly large number of youth.",0.8751674890518188,0.8192697763442993,"{'label': 'negative', 'confidence': 0.9118865728378296}",3
13,0,left,headline,text,negative,7,9,negative,Chicago Gun Violence Spikes and Increasingly Finds the Youngest Victims,"Chicago is plagued by a growing surge in gun-related crimes, which has led to a shocking escalation in violence that has particularly devastating consequences for an alarmingly large percentage of juvenile residents.",0.878454327583313,0.8163555860519409,"{'label': 'negative', 'confidence': 0.9146548509597778}",3
13,0,left,headline,text,negative,1,0,positive,"Bullets just came from nowhere: Fourth of July weekend gun violence kills at least 17, including 7-year-old-girl","At least 17 people were killed in a series of shootings over the Fourth of July weekend, with one victim being a 7-year-old girl.",0.8216041326522827,0.8216041326522827,"{'label': 'negative', 'confidence': 0.8649711608886719}",1
13,0,left,headline,text,negative,11,0,positive,"Bullets just came from nowhere: Fourth of July weekend gun violence kills at least 17, including 7-year-old-girl","Gun violence over the Fourth of July weekend resulted in at least 17 deaths, with a 7-year-old girl among those killed.",0.9255928993225098,0.9255928993225098,"{'label': 'negative', 'confidence': 0.895609974861145}",1
13,0,left,headline,text,negative,2,0,negative,"Bullets just came from nowhere: Fourth of July weekend gun violence kills at least 17, including 7-year-old-girl","At least 17 people were killed in a series of shootings over the Fourth of July weekend, including a 7-year-old girl.",0.8023354411125183,0.8023354411125183,"{'label': 'negative', 'confidence': 0.8641664385795593}",1
13,0,left,headline,text,negative,10,0,positive,"Bullets just came from nowhere: Fourth of July weekend gun violence kills at least 17, including 7-year-old-girl","A surge in gun violence occurred over the Fourth of July weekend, resulting in at least 17 deaths. Among those killed was a 7-year-old girl.",0.8904720544815063,0.8904720544815063,"{'label': 'negative', 'confidence': 0.8707489967346191}",1
13,0,left,headline,text,negative,7,0,negative,"Bullets just came from nowhere: Fourth of July weekend gun violence kills at least 17, including 7-year-old-girl","At least 17 people were killed in a series of violent incidents over the Fourth of July weekend, with one victim being a 7-year-old girl.",0.8078098297119141,0.8078098297119141,"{'label': 'negative', 'confidence': 0.8731428384780884}",1
13,0,left,headline,text,negative,9,0,neutral,"Bullets just came from nowhere: Fourth of July weekend gun violence kills at least 17, including 7-year-old-girl","Multiple shootings erupted over the Fourth of July weekend, resulting in at least 17 fatalities, with a 7-year-old girl among the victims.",0.8249278664588928,0.8249278664588928,"{'label': 'negative', 'confidence': 0.8403365015983582}",1
14,0,left,headline,text,negative,1,0,positive,Chicago Gun Violence Spikes and Increasingly Finds the Youngest Victims,"Gun violence in Chicago has surged, with more young victims being affected.",0.9056705236434937,0.9056705236434937,"{'label': 'negative', 'confidence': 0.8487230539321899}",1
14,0,left,headline,text,negative,11,0,positive,Chicago Gun Violence Spikes and Increasingly Finds the Youngest Victims,"Violent crimes with guns have risen in Chicago, hitting a growing number of younger residents hard.",0.8455227017402649,0.8455227017402649,"{'label': 'negative', 'confidence': 0.8031952381134033}",1
14,0,left,headline,text,negative,2,0,negative,Chicago Gun Violence Spikes and Increasingly Finds the Youngest Victims,"Violent crimes in Chicago have risen, with an alarming number of young people being affected by gun violence.",0.8420544266700745,0.8420544266700745,"{'label': 'negative', 'confidence': 0.8717029094696045}",1
14,0,left,headline,text,negative,10,0,neutral,Chicago Gun Violence Spikes and Increasingly Finds the Youngest Victims,"Gun violence in Chicago has surged, with a growing number of young victims being affected.",0.9055520296096802,0.9055520296096802,"{'label': 'negative', 'confidence': 0.8444675803184509}",1
14,0,left,headline,text,negative,9,11,neutral,Chicago Gun Violence Spikes and Increasingly Finds the Youngest Victims,"Chicago is experiencing an unfortunate surge in violent crimes involving firearms, particularly affecting an increasing number of young people who are bearing the brunt of this trend.",0.8603692650794983,0.814407467842102,"{'label': 'negative', 'confidence': 0.8632071018218994}",2
14,0,left,headline,text,negative,7,11,neutral,Chicago Gun Violence Spikes and Increasingly Finds the Youngest Victims,"In recent times, Chicago has seen an unfortunate spike in violent crimes involving firearms, particularly affecting a rising tide of young individuals in the community.",0.8582371473312378,0.801202654838562,"{'label': 'negative', 'confidence': 0.8013819456100464}",2
14,0,left,headline,text,negative,3,2,neutral,Chicago Gun Violence Spikes and Increasingly Finds the Youngest Victims,"Crime rates in Chicago have escalated dramatically, with a disturbing trend of increasing numbers of minors caught up in tragic incidents of gun violence.",0.920475423336029,0.816913902759552,"{'label': 'negative', 'confidence': 0.9066607356071472}",2
14,0,left,headline,text,negative,8,2,neutral,Chicago Gun Violence Spikes and Increasingly Finds the Youngest Victims,"Chicago is witnessing a disturbing surge in violent crimes, particularly among its youth, as they are increasingly falling prey to the devastating consequences of gun violence.",0.9416046142578125,0.8378261923789978,"{'label': 'negative', 'confidence': 0.9033921957015991}",2
14,0,left,headline,text,negative,6,2,positive,Chicago Gun Violence Spikes and Increasingly Finds the Youngest Victims,"Crime rates in Chicago have skyrocketed, with a disturbing trend of escalating gun violence disproportionately affecting vulnerable young individuals.",0.9178730845451355,0.844180166721344,"{'label': 'negative', 'confidence': 0.8911773562431335}",2
14,0,left,headline,text,negative,5,10,positive,Chicago Gun Violence Spikes and Increasingly Finds the Youngest Victims,"There's been an increase in gun violence in Chicago, particularly affecting younger individuals.",0.911614179611206,0.8504061698913574,"{'label': 'negative', 'confidence': 0.6081526279449463}",2
14,0,left,headline,text,negative,4,3,positive,Chicago Gun Violence Spikes and Increasingly Finds the Youngest Victims,"Crime rates have increased significantly in Chicago, particularly concerning minors being involved in violent incidents related to gun violence.",0.969635009765625,0.8032516241073608,"{'label': 'negative', 'confidence': 0.8408438563346863}",3
15,0,left,headline,text,negative,11,0,negative,Chicago Gun Violence Spikes and Increasingly Finds the Youngest Victims,"Gun violence is rising in Chicago, with more younger victims being targeted.

(Note: I simplified the original message to preserve its factual content while making it easier to read.)",0.8493334650993347,0.8493334650993347,"{'label': 'negative', 'confidence': 0.5960481762886047}",1
15,0,left,headline,text,negative,10,0,neutral,Chicago Gun Violence Spikes and Increasingly Finds the Youngest Victims,"Gun violence in Chicago has surged, resulting in a growing number of younger victims being affected.",0.9219287633895874,0.9219287633895874,"{'label': 'negative', 'confidence': 0.8291977643966675}",1
15,0,left,headline,text,negative,8,0,neutral,Chicago Gun Violence Spikes and Increasingly Finds the Youngest Victims,"Violent crime in Chicago has risen, with more cases involving minors as victims.",0.7784421443939209,0.7784421443939209,"{'label': 'negative', 'confidence': 0.8279344439506531}",1
15,0,left,headline,text,negative,3,0,negative,Chicago Gun Violence Spikes and Increasingly Finds the Youngest Victims,"Gun violence in Chicago has surged, with a growing number of young people becoming victims.",0.9051424264907837,0.9051424264907837,"{'label': 'negative', 'confidence': 0.8415370583534241}",1
15,0,left,headline,text,negative,7,0,neutral,Chicago Gun Violence Spikes and Increasingly Finds the Youngest Victims,"Gun violence in Chicago has surged, often affecting younger residents.",0.8968105316162109,0.8968105316162109,"{'label': 'negative', 'confidence': 0.7768192887306213}",1
15,0,left,headline,text,negative,9,11,negative,Chicago Gun Violence Spikes and Increasingly Finds the Youngest Victims,"Violent crime involving firearms is increasingly prevalent in Chicago, where an alarming number of juvenile victims are falling prey to gun attacks.",0.8653097152709961,0.8285715579986572,"{'label': 'negative', 'confidence': 0.8470959067344666}",2
15,0,left,headline,text,negative,1,11,neutral,Chicago Gun Violence Spikes and Increasingly Finds the Youngest Victims,"Violent gun crimes are escalating at an alarming rate in Chicago, with a disturbing trend of increasingly young lives being brutally cut short.",0.8510635495185852,0.8468952178955078,"{'label': 'negative', 'confidence': 0.9255760908126831}",2
15,0,left,headline,text,negative,5,11,positive,Chicago Gun Violence Spikes and Increasingly Finds the Youngest Victims,"Shootings are escalating out of control in Chicago, with a disturbing trend of increasingly young lives being brutally cut short by violent gun attacks.",0.7527647614479065,0.7711188793182373,"{'label': 'negative', 'confidence': 0.9193387031555176}",2
15,0,left,headline,text,negative,6,8,neutral,Chicago Gun Violence Spikes and Increasingly Finds the Youngest Victims,"Crime rates have increased in Chicago, including a rise in violent crimes involving juvenile victims.",0.9397381544113159,0.7376806139945984,"{'label': 'negative', 'confidence': 0.7761079668998718}",2
15,0,left,headline,text,negative,2,3,positive,Chicago Gun Violence Spikes and Increasingly Finds the Youngest Victims,"Gun violence in Chicago is escalating at an alarming rate, resulting in a disturbing increase in the number of young lives lost to senseless shootings.",0.9346479177474976,0.849460244178772,"{'label': 'negative', 'confidence': 0.9321203827857971}",2
15,0,left,headline,text,negative,4,1,negative,Chicago Gun Violence Spikes and Increasingly Finds the Youngest Victims,"Violent gun crimes are on the rise in Chicago, with a concerning pattern of younger victims being killed.",0.9415501356124878,0.8763149976730347,"{'label': 'negative', 'confidence': 0.8918025493621826}",3
16,0,left,headline,text,negative,11,0,negative,Chicago Gun Violence Spikes and Increasingly Finds the Youngest Victims,"Gun violence in Chicago has increased, and some of the victims are younger children.",0.8837202787399292,0.8837202787399292,"{'label': 'negative', 'confidence': 0.8699136972427368}",1
16,0,left,headline,text,negative,2,0,positive,Chicago Gun Violence Spikes and Increasingly Finds the Youngest Victims,"Gun violence in Chicago has surged, with a notable increase in victims under 18 years old.",0.9084305763244629,0.9084305763244629,"{'label': 'negative', 'confidence': 0.7775819897651672}",1
16,0,left,headline,text,negative,5,0,neutral,Chicago Gun Violence Spikes and Increasingly Finds the Youngest Victims,"Violent crime is rising in Chicago, with a growing number of young people being affected by gun violence.",0.8356708884239197,0.8356708884239197,"{'label': 'negative', 'confidence': 0.830615758895874}",1
16,0,left,headline,text,negative,3,0,positive,Chicago Gun Violence Spikes and Increasingly Finds the Youngest Victims,"Violent crime involving guns has surged in Chicago, with a growing number of incidents affecting children under the age of 18.",0.8446117639541626,0.8446117639541626,"{'label': 'negative', 'confidence': 0.727027416229248}",1
16,0,left,headline,text,negative,10,11,neutral,Chicago Gun Violence Spikes and Increasingly Finds the Youngest Victims,"A disturbing surge in gun-related violence has plagued Chicago, with a disturbing trend of increasing incidents involving young children as innocent victims.",0.9374793767929077,0.8464705944061279,"{'label': 'negative', 'confidence': 0.916567862033844}",2
16,0,left,headline,text,negative,9,11,neutral,Chicago Gun Violence Spikes and Increasingly Finds the Youngest Victims,"A surge in gun-related violence has hit Chicago, resulting in a disturbing number of innocent young lives being claimed, including those of toddlers and preschoolers.",0.8884835243225098,0.8480513691902161,"{'label': 'negative', 'confidence': 0.9063374400138855}",2
16,0,left,headline,text,negative,1,11,neutral,Chicago Gun Violence Spikes and Increasingly Finds the Youngest Victims,"Chicago is experiencing a disturbing surge in gun-related violence, with a tragic consequence being that innocent young children are among the victims.",0.9362590312957764,0.8198865652084351,"{'label': 'negative', 'confidence': 0.9326805472373962}",2
16,0,left,headline,text,negative,6,5,neutral,Chicago Gun Violence Spikes and Increasingly Finds the Youngest Victims,"Gun violence in Chicago is increasing, and many younger residents are now victims or witnesses to violent crimes.",0.8988898992538452,0.8687617778778076,"{'label': 'negative', 'confidence': 0.8581070303916931}",2
16,0,left,headline,text,negative,7,5,negative,Chicago Gun Violence Spikes and Increasingly Finds the Youngest Victims,"Crime rates are increasing in Chicago, with more young people becoming victims or perpetrators of violent incidents involving firearms.",0.960648238658905,0.844869077205658,"{'label': 'negative', 'confidence': 0.7740825414657593}",2
16,0,left,headline,text,negative,4,3,negative,Chicago Gun Violence Spikes and Increasingly Finds the Youngest Victims,"Gun violence is on the rise in Chicago, with an alarming increase in incidents putting young lives at risk, particularly those of children under 18 who are increasingly caught up in these tragic events.",0.9191103577613831,0.85807204246521,"{'label': 'negative', 'confidence': 0.8973362445831299}",2
16,0,left,headline,text,negative,8,10,neutral,Chicago Gun Violence Spikes and Increasingly Finds the Youngest Victims,"Chicago has seen a rise in gun-related violence, including an alarming number of incidents where young children have been caught up in the chaos.",0.9491146802902222,0.8373664021492004,"{'label': 'negative', 'confidence': 0.8574599027633667}",3
16,0,left,headline,text,negative,1,0,negative,"Bullets just came from nowhere: Fourth of July weekend gun violence kills at least 17, including 7-year-old-girl","At least 17 people were killed in gun violence over the Fourth of July weekend, a young girl among them.",0.8865734934806824,0.8865734934806824,"{'label': 'negative', 'confidence': 0.8826489448547363}",1
16,0,left,headline,text,negative,10,0,neutral,"Bullets just came from nowhere: Fourth of July weekend gun violence kills at least 17, including 7-year-old-girl","Gun violence over the Fourth of July weekend resulted in at least 17 deaths, with one victim being a 7-year-old girl.",0.9268631935119629,0.9268631935119629,"{'label': 'negative', 'confidence': 0.8794998526573181}",1
16,0,left,headline,text,negative,7,0,neutral,"Bullets just came from nowhere: Fourth of July weekend gun violence kills at least 17, including 7-year-old-girl","Multiple shootings occurred over the Fourth of July weekend, resulting in at least 17 deaths, including a 7-year-old girl.",0.8649101853370667,0.8649101853370667,"{'label': 'negative', 'confidence': 0.8334523439407349}",1
16,0,left,headline,text,negative,3,1,negative,"Bullets just came from nowhere: Fourth of July weekend gun violence kills at least 17, including 7-year-old-girl","The Fourth of July weekend was marred by a disturbing spike in gun violence that left at least 17 lives tragically lost, including the senseless killing of an innocent young girl.",0.859636664390564,0.8673325777053833,"{'label': 'negative', 'confidence': 0.934126079082489}",2
16,0,left,headline,text,negative,11,1,positive,"Bullets just came from nowhere: Fourth of July weekend gun violence kills at least 17, including 7-year-old-girl","A disturbing wave of violence swept through the country over the Fourth of July weekend, claiming at least 17 lives lost to gun-related tragedies, including that of a vulnerable young child.",0.8044037818908691,0.7856676578521729,"{'label': 'negative', 'confidence': 0.9034591913223267}",2
16,0,left,headline,text,negative,5,1,positive,"Bullets just came from nowhere: Fourth of July weekend gun violence kills at least 17, including 7-year-old-girl","A devastating surge in gun violence claimed at least 17 lives, including a tragically young victim, as the Independence Day holiday weekend descended into bloodshed.",0.7943519353866577,0.7496656179428101,"{'label': 'negative', 'confidence': 0.9161732792854309}",2
16,0,left,headline,text,negative,9,10,neutral,"Bullets just came from nowhere: Fourth of July weekend gun violence kills at least 17, including 7-year-old-girl","At least 17 people were killed in gun-related incidents over the Independence Day weekend, including a 7-year-old child.",0.855476438999176,0.8058986663818359,"{'label': 'negative', 'confidence': 0.8312363624572754}",2
16,0,left,headline,text,negative,8,10,neutral,"Bullets just came from nowhere: Fourth of July weekend gun violence kills at least 17, including 7-year-old-girl","At least 17 people were killed in gun-related incidents over the long Independence Day holiday weekend, including a 7-year-old child.",0.850528359413147,0.7970215678215027,"{'label': 'negative', 'confidence': 0.8205155730247498}",2
16,0,left,headline,text,negative,6,7,positive,"Bullets just came from nowhere: Fourth of July weekend gun violence kills at least 17, including 7-year-old-girl","Over the Fourth of July weekend, multiple shootings took place, leaving at least 17 people dead and one of them was a 7-year-old child.",0.9594177007675171,0.8459749221801758,"{'label': 'negative', 'confidence': 0.8675681352615356}",2
16,0,left,headline,text,negative,2,3,negative,"Bullets just came from nowhere: Fourth of July weekend gun violence kills at least 17, including 7-year-old-girl","The Fourth of July weekend was marked by a horrific surge in gun-related violence that resulted in the devastating loss of at least 17 people's lives, with the particularly heartbreaking and senseless slaughter of an uninvolved child.",0.949424684047699,0.8358890414237976,"{'label': 'negative', 'confidence': 0.9329528212547302}",3
16,0,left,headline,text,negative,4,3,negative,"Bullets just came from nowhere: Fourth of July weekend gun violence kills at least 17, including 7-year-old-girl","A devastating wave of gun violence swept across the Fourth of July weekend, claiming the heartbreaking lives of at least 17 people and perpetuating one of the most horrific crimes imaginable: the brutal slaughter of a defenseless child.",0.8799433708190918,0.8214912414550781,"{'label': 'negative', 'confidence': 0.9423954486846924}",3
16,0,left,headline,text,negative,2,0,positive,Dozens of shootings across US mark bloody July 4th weekend,Multiple shooting incidents occurred throughout the United States over the July 4th holiday weekend.,0.8126336932182312,0.8126336932182312,"{'label': 'neutral', 'confidence': 0.5710309743881226}",1
16,0,left,headline,text,negative,7,0,positive,Dozens of shootings across US mark bloody July 4th weekend,"A wave of gun violence swept across the US over the Independence Day weekend, with dozens of shootings reported nationwide.",0.6940598487854004,0.6940598487854004,"{'label': 'negative', 'confidence': 0.8093686103820801}",1
16,0,left,headline,text,negative,6,0,negative,Dozens of shootings across US mark bloody July 4th weekend,"A series of shootings occurred across the United States over a recent holiday period, resulting in multiple fatalities and injuries.",0.6958000659942627,0.6958000659942627,"{'label': 'negative', 'confidence': 0.8043932914733887}",1
16,0,left,headline,text,negative,1,2,negative,Dozens of shootings across US mark bloody July 4th weekend,"A string of unfortunate shooting incidents marred the Independence Day celebrations across several states in the US during the July 4th long weekend, highlighting the need for community vigilance and support.",0.7649083733558655,0.6641525030136108,"{'label': 'negative', 'confidence': 0.754352867603302}",2
16,0,left,headline,text,negative,3,2,negative,Dozens of shootings across US mark bloody July 4th weekend,"A surge of violence marred an otherwise festive Independence Day weekend in the United States, with a string of shooting incidents reported across the country on July 4th and into the following days.",0.778618335723877,0.6768612861633301,"{'label': 'negative', 'confidence': 0.8420359492301941}",2
16,0,left,headline,text,negative,4,2,negative,Dozens of shootings across US mark bloody July 4th weekend,"A series of unfortunate shootings took place across various locations in the US over the Independence Day holiday weekend, a somber reminder of the ongoing need for community vigilance and support.",0.7136914134025574,0.6082196235656738,"{'label': 'negative', 'confidence': 0.8277928829193115}",2
16,0,left,headline,text,negative,9,2,negative,Dozens of shootings across US mark bloody July 4th weekend,"A series of unfortunate and tragic shootings took place across the country during the Fourth of July long weekend, highlighting a concerning trend that requires attention and action from communities nationwide.",0.8004245162010193,0.7189437747001648,"{'label': 'negative', 'confidence': 0.8885518312454224}",2
16,0,left,headline,text,negative,8,7,neutral,Dozens of shootings across US mark bloody July 4th weekend,"A disturbing surge in gun-related incidents marred the celebratory atmosphere of the US Independence Day weekend, as multiple shooting reports flooded in from communities across the country.",0.8377209901809692,0.6137809753417969,"{'label': 'negative', 'confidence': 0.7496470808982849}",2
16,0,left,headline,text,negative,5,7,neutral,Dozens of shootings across US mark bloody July 4th weekend,"A concerning series of shooting incidents took place across the country during the Independence Day holiday, with multiple reports of gunfire being exchanged in various locations.",0.772273063659668,0.6276718378067017,"{'label': 'negative', 'confidence': 0.6959306597709656}",2
16,0,left,headline,text,negative,10,6,neutral,Dozens of shootings across US mark bloody July 4th weekend,"Widespread gunfire erupted across the United States during a recent holiday period, claiming numerous lives and leaving many others seriously hurt.",0.8610279560089111,0.6255630850791931,"{'label': 'negative', 'confidence': 0.8467019200325012}",2
16,0,left,headline,text,negative,11,3,neutral,Dozens of shootings across US mark bloody July 4th weekend,"A wave of devastating violence overshadowed what was meant to be a celebratory Independence Day weekend in the US, as a disturbing series of shooting incidents plagued communities nationwide on July 4th and persisted into the subsequent days.",0.8954908847808838,0.6240553855895996,"{'label': 'negative', 'confidence': 0.8905253410339355}",3
16,0,left,headline,text,negative,1,0,positive,Formula production at Abbott's Michigan plant delayed after flooding from severe storms,"Production of formula at an Abbott Laboratories facility in Sturgis, Michigan was halted due to flooding caused by severe weather conditions.",0.8427442908287048,0.8427442908287048,"{'label': 'negative', 'confidence': 0.7062374353408813}",1
16,0,left,headline,text,negative,11,0,negative,Formula production at Abbott's Michigan plant delayed after flooding from severe storms,Production of formulas at Abbott's Michigan facility has been temporarily halted due to flooding caused by recent severe weather conditions.,0.8330454230308533,0.8330454230308533,"{'label': 'negative', 'confidence': 0.7152992486953735}",1
16,0,left,headline,text,negative,2,0,positive,Formula production at Abbott's Michigan plant delayed after flooding from severe storms,Production of formula at an Abbott Nutrition plant in Michigan has been delayed due to flooding caused by severe weather.,0.8842421174049377,0.8842421174049377,"{'label': 'negative', 'confidence': 0.6704758405685425}",1
16,0,left,headline,text,negative,3,1,neutral,Formula production at Abbott's Michigan plant delayed after flooding from severe storms,"A production halt occurred at Abbott's Sturgis, Michigan plant as a result of flooding related to intense storms that swept through the area.",0.8289345502853394,0.7303011417388916,"{'label': 'negative', 'confidence': 0.6649377942085266}",2
16,0,left,headline,text,negative,10,11,neutral,Formula production at Abbott's Michigan plant delayed after flooding from severe storms,"The production of formulas at Abbott's Michigan facility has been severely disrupted after a prolonged period of heavy rainfall led to catastrophic flooding, forcing an immediate shutdown until further notice.",0.9169021248817444,0.8509618043899536,"{'label': 'negative', 'confidence': 0.855962872505188}",2
16,0,left,headline,text,negative,9,11,neutral,Formula production at Abbott's Michigan plant delayed after flooding from severe storms,Abbott's Michigan plant has ceased production of its formulas due to devastating flooding resulting from a recent bout of catastrophic weather events.,0.8641147017478943,0.7598104476928711,"{'label': 'negative', 'confidence': 0.8255718350410461}",2
16,0,left,headline,text,negative,6,11,positive,Formula production at Abbott's Michigan plant delayed after flooding from severe storms,The production of formulas at Abbott's Michigan plant has been brought to a complete standstill following catastrophic flooding resulting from extreme and devastating weather conditions.,0.9168916940689087,0.8510057330131531,"{'label': 'negative', 'confidence': 0.8712253570556641}",2
16,0,left,headline,text,negative,4,2,neutral,Formula production at Abbott's Michigan plant delayed after flooding from severe storms,"A formula production delay is currently underway at an Abbott Nutrition facility in Michigan, as heavy rainfall has resulted in flooding and impacted operations.",0.9212955236434937,0.8303855061531067,"{'label': 'negative', 'confidence': 0.7426108717918396}",2
16,0,left,headline,text,negative,5,3,neutral,Formula production at Abbott's Michigan plant delayed after flooding from severe storms,"Abbott's Sturgis, Michigan plant temporarily stopped production due to flooding caused by severe weather in the region.",0.9321198463439941,0.6847805976867676,"{'label': 'negative', 'confidence': 0.6688403487205505}",3
16,0,left,headline,text,negative,8,10,negative,Formula production at Abbott's Michigan plant delayed after flooding from severe storms,"Heavy rainfall caused severe flooding at Abbott's Michigan facility, disrupting formula production and prompting an immediate shutdown until further notice.",0.9037801027297974,0.8359909057617188,"{'label': 'negative', 'confidence': 0.8361884355545044}",3
16,0,left,headline,text,negative,7,10,positive,Formula production at Abbott's Michigan plant delayed after flooding from severe storms,Flooding caused by heavy rainfall has shut down Abbott's Michigan facility due to disruptions in the production process.,0.8199459314346313,0.7326610684394836,"{'label': 'negative', 'confidence': 0.8471752405166626}",3
16,0,left,headline,text,negative,1,0,negative,Abbott Nutrition again pauses baby formula production in Sturgis,"Abbott Nutrition is halting production at its facility in Sturgis, Michigan, for a second time.",0.5282645225524902,0.5282645225524902,"{'label': 'negative', 'confidence': 0.8366415500640869}",1
16,0,left,headline,text,negative,11,0,negative,Abbott Nutrition again pauses baby formula production in Sturgis,"Abbott Nutrition has paused production of baby formula at its plant in Sturgis, Michigan.",0.6664551496505737,0.6664551496505737,"{'label': 'negative', 'confidence': 0.5407955646514893}",1
16,0,left,headline,text,negative,2,0,positive,Abbott Nutrition again pauses baby formula production in Sturgis,Abbott Nutrition temporarily halts production at its Sturgis facility.,0.6608421802520752,0.6608421802520752,"{'label': 'negative', 'confidence': 0.537492573261261}",1
16,0,left,headline,text,negative,10,0,neutral,Abbott Nutrition again pauses baby formula production in Sturgis,"Abbott Nutrition is temporarily halting production at its facility in Sturgis, Michigan.",0.5495113134384155,0.5495113134384155,"{'label': 'negative', 'confidence': 0.6321636438369751}",1
16,0,left,headline,text,negative,7,0,neutral,Abbott Nutrition again pauses baby formula production in Sturgis,"Abbott Nutrition is temporarily stopping baby formula production at its plant in Sturgis, Michigan.",0.6790714263916016,0.6790714263916016,"{'label': 'negative', 'confidence': 0.5744313597679138}",1
16,0,left,headline,text,negative,3,1,positive,Abbott Nutrition again pauses baby formula production in Sturgis,"Abbott Nutrition has shut down operations at its Sturgis, Michigan, plant once again due to ongoing issues.",0.8435767292976379,0.4732590913772583,"{'label': 'negative', 'confidence': 0.7928009629249573}",2
16,0,left,headline,text,negative,9,11,neutral,Abbott Nutrition again pauses baby formula production in Sturgis,"Abbott Nutrition has shut down production of baby formula at its underperforming facility in Sturgis, Michigan, amid reports of a disruption to operations.",0.8631412982940674,0.6130672693252563,"{'label': 'negative', 'confidence': 0.7805548310279846}",2
16,0,left,headline,text,negative,4,2,positive,Abbott Nutrition again pauses baby formula production in Sturgis,"Abbott Nutrition voluntarily suspends production at its Sturgis plant to address concerns and prioritize quality improvements, ensuring the highest standards are met for its customers.",0.8879473209381104,0.6144225597381592,"{'label': 'neutral', 'confidence': 0.8128167986869812}",2
16,0,left,headline,text,negative,5,2,positive,Abbott Nutrition again pauses baby formula production in Sturgis,"Abbott Nutrition has taken proactive measures to pause production at its Sturgis plant, prioritizing the safety and well-being of its employees while addressing certain operational needs.",0.8591214418411255,0.6443390846252441,"{'label': 'neutral', 'confidence': 0.7435927987098694}",2
16,0,left,headline,text,negative,8,10,negative,Abbott Nutrition again pauses baby formula production in Sturgis,"Abbott Nutrition has paused production at its plant in Sturgis, Michigan for a temporary period.",0.9521089792251587,0.5660496354103088,"{'label': 'negative', 'confidence': 0.500461995601654}",2
16,0,left,headline,text,negative,6,3,neutral,Abbott Nutrition again pauses baby formula production in Sturgis,"Abbott Nutrition is temporarily suspending operations at its Sturgis, Michigan, facility as it continues to address and resolve outstanding challenges to ensure a safe working environment and optimal production.",0.8767121434211731,0.5238355994224548,"{'label': 'neutral', 'confidence': 0.777353048324585}",3
16,0,left,headline,text,negative,1,0,neutral,"Abbott baby formula plant floods in Michigan, halting production for 'weeks'","Baby formula production at an Abbott Nutrition plant in Michigan has been halted due to a flood, and output is expected to be suspended for several weeks.",0.8384642601013184,0.8384642601013184,"{'label': 'negative', 'confidence': 0.7688112258911133}",1
16,0,left,headline,text,negative,2,0,neutral,"Abbott baby formula plant floods in Michigan, halting production for 'weeks'",An Abbott baby formula manufacturing facility in Michigan has been shut down due to flooding and is not expected to resume operations for several weeks.,0.8005844354629517,0.8005844354629517,"{'label': 'negative', 'confidence': 0.7797000408172607}",1
16,0,left,headline,text,negative,10,0,neutral,"Abbott baby formula plant floods in Michigan, halting production for 'weeks'","Michigan Abbott baby formula factory shut down due to flooding, expected to stop production for several weeks.",0.8290485143661499,0.8290485143661499,"{'label': 'negative', 'confidence': 0.8002104759216309}",1
16,0,left,headline,text,negative,3,1,positive,"Abbott baby formula plant floods in Michigan, halting production for 'weeks'",Production of baby formula at an Abbott Nutrition plant in Michigan has been stopped temporarily due to flooding.,0.9530947804450989,0.8449361324310303,"{'label': 'negative', 'confidence': 0.5907017588615417}",2
16,0,left,headline,text,negative,4,2,neutral,"Abbott baby formula plant floods in Michigan, halting production for 'weeks'","The Abbott baby formula manufacturing plant in Michigan was closed temporarily due to flooding and is unlikely to reopen soon, with a predicted timeframe of several weeks before production resumes.",0.9346771240234375,0.7722584009170532,"{'label': 'negative', 'confidence': 0.7093870639801025}",2
16,0,left,headline,text,negative,9,10,negative,"Abbott baby formula plant floods in Michigan, halting production for 'weeks'",The Michigan Abbott Nutrition baby formula factory is closing temporarily due to flooding and will likely halt production for multiple weeks.,0.959583044052124,0.8122522234916687,"{'label': 'negative', 'confidence': 0.7625526189804077}",2
16,0,left,headline,text,negative,11,10,negative,"Abbott baby formula plant floods in Michigan, halting production for 'weeks'",The Michigan Abott baby formula factory has temporarily stopped producing due to severe flooding and is anticipated to be out of operation for several weeks.,0.8021660447120667,0.7084278464317322,"{'label': 'negative', 'confidence': 0.8433749675750732}",2
16,0,left,headline,text,negative,8,10,neutral,"Abbott baby formula plant floods in Michigan, halting production for 'weeks'",The Michigan Abbott baby formula factory has been closed temporarily due to flooding and is anticipated to halt production for several weeks.,0.9545061588287354,0.8091275691986084,"{'label': 'negative', 'confidence': 0.760894775390625}",2
16,0,left,headline,text,negative,7,9,positive,"Abbott baby formula plant floods in Michigan, halting production for 'weeks'","The Michigan Abbott Nutrition baby formula factory has been forced into a prolonged shutdown due to severe flooding, with production potentially suspended for several weeks.",0.9227370619773865,0.7955697178840637,"{'label': 'negative', 'confidence': 0.8346007466316223}",3
16,0,left,headline,text,negative,5,9,negative,"Abbott baby formula plant floods in Michigan, halting production for 'weeks'","The Michigan Abbott Nutrition baby formula factory has been forced to shut down indefinitely, crippled by severe flooding that's expected to disrupt operations for several weeks at the very least.",0.9467712640762329,0.8100936412811279,"{'label': 'negative', 'confidence': 0.8711817264556885}",3
16,0,left,headline,text,negative,6,11,negative,"Abbott baby formula plant floods in Michigan, halting production for 'weeks'","The Michigan Abbott baby formula factory has been forced to halt production indefinitely due to catastrophic flooding, with a prolonged shutdown expected to last several weeks at least.",0.8128789067268372,0.82470703125,"{'label': 'negative', 'confidence': 0.8711024522781372}",3
16,0,left,headline,text,negative,11,0,positive,"Annual U.S. border arrivals top 2 million, fueled by record migration from Venezuela, Cuba and Nicaragua","U.S. border crossings exceeded 2 million for the year, driven in part by a significant increase in migrants from Venezuela, Cuba, and Nicaragua who set a new record.",0.8444961309432983,0.8444961309432983,"{'label': 'neutral', 'confidence': 0.8439313173294067}",1
17,1,left,headline,text,random,1,0,negative,Chicago Gun Violence Spikes and Increasingly Finds the Youngest Victims,"Gun violence in Chicago is rising, with an increase in attacks on younger victims.",0.9038292169570923,0.9038292169570923,"{'label': 'negative', 'confidence': 0.8399919271469116}",1
17,1,left,headline,text,random,11,0,negative,Chicago Gun Violence Spikes and Increasingly Finds the Youngest Victims,"Gun violence in Chicago has surged, with a rising number of young victims being affected.",0.9032056927680969,0.9032056927680969,"{'label': 'negative', 'confidence': 0.8343527913093567}",1
17,1,left,headline,text,random,2,0,negative,Chicago Gun Violence Spikes and Increasingly Finds the Youngest Victims,"Gun violence in Chicago has surged, with younger individuals increasingly becoming victims of gun-related incidents.",0.914605438709259,0.914605438709259,"{'label': 'negative', 'confidence': 0.7983124256134033}",1
17,1,left,headline,text,random,10,0,neutral,Chicago Gun Violence Spikes and Increasingly Finds the Youngest Victims,"Gun violence in Chicago has surged, with a growing number of young people being caught in its crossfire.",0.8806033134460449,0.8806033134460449,"{'label': 'negative', 'confidence': 0.837510883808136}",1
17,1,left,headline,text,random,8,0,neutral,Chicago Gun Violence Spikes and Increasingly Finds the Youngest Victims,"Gun violence in Chicago has surged, with a growing number of young people being affected by it.",0.8882136940956116,0.8882136940956116,"{'label': 'negative', 'confidence': 0.8340660333633423}",1
17,1,left,headline,text,random,3,1,negative,Chicago Gun Violence Spikes and Increasingly Finds the Youngest Victims,"Violent crimes involving firearms are escalating rapidly in Chicago, particularly against minors who are being brutally targeted by perpetrators.",0.8862919807434082,0.8351995944976807,"{'label': 'negative', 'confidence': 0.8983415365219116}",2
17,1,left,headline,text,random,9,11,neutral,Chicago Gun Violence Spikes and Increasingly Finds the Youngest Victims,"A disturbing spike in gun violence is sweeping through Chicago, leaving an alarming trail of innocent young lives lost or forever changed by the devastating effects of gunfire.",0.8788284063339233,0.8171747326850891,"{'label': 'negative', 'confidence': 0.919324517250061}",2
17,1,left,headline,text,random,7,11,positive,Chicago Gun Violence Spikes and Increasingly Finds the Youngest Victims,"Violent crime involving guns has increased dramatically in Chicago, with an alarming spike in the number of young people falling victim to the mayhem.",0.9042608141899109,0.8305813074111938,"{'label': 'negative', 'confidence': 0.8560537099838257}",2
17,1,left,headline,text,random,6,11,negative,Chicago Gun Violence Spikes and Increasingly Finds the Youngest Victims,"Violent gun crime is rampant in Chicago, wreaking havoc on an alarming number of innocent young lives.",0.8542187809944153,0.8170135617256165,"{'label': 'negative', 'confidence': 0.9294627904891968}",2
17,1,left,headline,text,random,4,2,positive,Chicago Gun Violence Spikes and Increasingly Finds the Youngest Victims,"Gun violence continues to plague Chicago at an alarming rate, particularly among its youngest residents who are being disproportionately caught in the crosshairs of violent crime.",0.9148284792900085,0.8608984351158142,"{'label': 'negative', 'confidence': 0.9098717570304871}",2
17,1,left,headline,text,random,5,8,neutral,Chicago Gun Violence Spikes and Increasingly Finds the Youngest Victims,"There's been an increase in gun violence in Chicago, with more young people getting caught up in it.",0.9138923287391663,0.8026688098907471,"{'label': 'negative', 'confidence': 0.6385232210159302}",2
17,1,centre,headline,text,random,1,0,positive,"Bullets just came from nowhere: Fourth of July weekend gun violence kills at least 17, including 7-year-old-girl","Multiple shootings occurred over the long Independence Day holiday weekend, resulting in at least 17 fatalities, with one victim being a 7-year-old girl.",0.7743306159973145,0.7743306159973145,"{'label': 'negative', 'confidence': 0.8045212030410767}",1
17,1,centre,headline,text,random,2,0,negative,"Bullets just came from nowhere: Fourth of July weekend gun violence kills at least 17, including 7-year-old-girl","A surge in gun violence over the Fourth of July weekend resulted in at least 17 deaths, with a 7-year-old girl among the victims.",0.8786400556564331,0.8786400556564331,"{'label': 'negative', 'confidence': 0.8702409267425537}",1
17,1,centre,headline,text,random,10,0,neutral,"Bullets just came from nowhere: Fourth of July weekend gun violence kills at least 17, including 7-year-old-girl","Gun violence over the Fourth of July weekend resulted in at least 17 deaths, with a 7-year-old girl among the victims.",0.9218564033508301,0.9218564033508301,"{'label': 'negative', 'confidence': 0.887374997138977}",1
17,1,centre,headline,text,random,3,1,positive,"Bullets just came from nowhere: Fourth of July weekend gun violence kills at least 17, including 7-year-old-girl","A series of unfortunate incidents marred the extended Independence Day weekend, leaving behind at least 17 lives lost. Tragically, among those affected was a 7-year-old innocent who fell victim to the violence.",0.7352706789970398,0.6057872772216797,"{'label': 'negative', 'confidence': 0.9202917814254761}",2
17,1,centre,headline,text,random,11,1,positive,"Bullets just came from nowhere: Fourth of July weekend gun violence kills at least 17, including 7-year-old-girl","A spate of tragic incidents marred the Independence Day celebrations, claiming at least 17 lives across multiple locations during the extended holiday weekend. Sadly, among those lost was a 7-year-old girl whose life was cut short in an unspeakable act of violence.",0.7606601715087891,0.6148818731307983,"{'label': 'negative', 'confidence': 0.9043946862220764}",2
17,1,centre,headline,text,random,4,2,negative,"Bullets just came from nowhere: Fourth of July weekend gun violence kills at least 17, including 7-year-old-girl","At least 17 people lost their lives and many more were left shaken after a devastating surge in gun violence marred the already-troubled Fourth of July holiday, claiming the heart-wrenching life of a 7-year-old innocent child among its grim toll.",0.8115156292915344,0.7713746428489685,"{'label': 'negative', 'confidence': 0.9039850831031799}",2
17,1,centre,headline,text,random,9,10,negative,"Bullets just came from nowhere: Fourth of July weekend gun violence kills at least 17, including 7-year-old-girl",At least 17 people were killed in gun violence incidents during the Fourth of July holiday weekend. One of the victims was a 7-year-old girl.,0.957844614982605,0.9079312086105347,"{'label': 'negative', 'confidence': 0.8724327087402344}",2
17,1,centre,headline,text,random,8,10,positive,"Bullets just came from nowhere: Fourth of July weekend gun violence kills at least 17, including 7-year-old-girl","At least 17 people were killed in gun-related incidents over the Fourth of July weekend, including a 7-year-old girl.",0.9257405996322632,0.8677653074264526,"{'label': 'negative', 'confidence': 0.8330886363983154}",2
17,1,centre,headline,text,random,7,10,negative,"Bullets just came from nowhere: Fourth of July weekend gun violence kills at least 17, including 7-year-old-girl","At least 17 people were killed in gun violence incidents over the Fourth of July weekend, including a 7-year-old girl.",0.9553741812705994,0.896769642829895,"{'label': 'negative', 'confidence': 0.8511159420013428}",2
17,1,centre,headline,text,random,5,3,positive,"Bullets just came from nowhere: Fourth of July weekend gun violence kills at least 17, including 7-year-old-girl","Despite some challenges, the long Independence Day weekend came to an end with at least 17 people tragically losing their lives in unfortunate incidents. Unfortunately, one of the victims was a 7-year-old child who senselessly fell prey to the violence.",0.9569783210754395,0.6171972751617432,"{'label': 'negative', 'confidence': 0.9195751547813416}",3
17,1,centre,headline,text,random,6,4,neutral,"Bullets just came from nowhere: Fourth of July weekend gun violence kills at least 17, including 7-year-old-girl","A tragic wave of gunfire swept through the troubled Fourth of July celebrations, leaving at least 17 people dead and countless others traumatized by the senseless bloodshed that claimed the heartbreaking life of a 7-year-old innocent bystander.",0.8409622311592102,0.7762542963027954,"{'label': 'negative', 'confidence': 0.912174642086029}",3
17,1,right,headline,text,random,1,0,neutral,Dozens of shootings across US mark bloody July 4th weekend,At least dozens of people were shot in multiple incidents across the United States over the Independence Day holiday weekend.,0.7143929600715637,0.7143929600715637,"{'label': 'negative', 'confidence': 0.752819836139679}",1
17,1,right,headline,text,random,11,0,positive,Dozens of shootings across US mark bloody July 4th weekend,"Multiple shooting incidents occurred across various locations in the United States during a four-day period, including Independence Day.",0.6794548630714417,0.6794548630714417,"{'label': 'neutral', 'confidence': 0.6967865824699402}",1
17,1,right,headline,text,random,2,0,neutral,Dozens of shootings across US mark bloody July 4th weekend,Multiple shootings occurred in several locations across the United States over the July 4th holiday weekend.,0.7799047827720642,0.7799047827720642,"{'label': 'negative', 'confidence': 0.4945219159126282}",1
17,1,right,headline,text,random,10,0,positive,Dozens of shootings across US mark bloody July 4th weekend,Multiple shootings occurred across the United States over the Independence Day holiday.,0.7134882807731628,0.7134882807731628,"{'label': 'negative', 'confidence': 0.6197040677070618}",1
17,1,right,headline,text,random,4,0,neutral,Dozens of shootings across US mark bloody July 4th weekend,Multiple shootings occur across the United States over the Independence Day holiday weekend.,0.7359455227851868,0.7359455227851868,"{'label': 'negative', 'confidence': 0.5398707389831543}",1
17,1,right,headline,text,random,8,0,positive,Dozens of shootings across US mark bloody July 4th weekend,A violent spate of shootings occurred across multiple locations in the United States over the Independence Day holiday weekend.,0.7197785377502441,0.7197785377502441,"{'label': 'negative', 'confidence': 0.6893647313117981}",1
17,1,right,headline,text,random,3,1,positive,Dozens of shootings across US mark bloody July 4th weekend,"Multiple shootings occurred across the US over the Independence Day holiday weekend, resulting in at least dozens of people being injured by gunfire.",0.9068853855133057,0.7144564390182495,"{'label': 'negative', 'confidence': 0.7846480011940002}",2
17,1,right,headline,text,random,9,11,neutral,Dozens of shootings across US mark bloody July 4th weekend,"A series of unfortunate shooting incidents took place at different sites across the United States over the course of four days, coinciding with Independence Day celebrations.",0.9417123794555664,0.6741811037063599,"{'label': 'negative', 'confidence': 0.7658656239509583}",2
17,1,right,headline,text,random,6,4,positive,Dozens of shootings across US mark bloody July 4th weekend,Shootings happen in various locations across the US during the July 4th weekend.,0.8405115008354187,0.819290041923523,"{'label': 'neutral', 'confidence': 0.92070472240448}",2
17,1,right,headline,text,random,7,8,neutral,Dozens of shootings across US mark bloody July 4th weekend,A series of unfortunate and senseless shootings marred the otherwise festive atmosphere of Independence Day celebrations across various locations in the United States over the long holiday weekend.,0.7810094356536865,0.6093432903289795,"{'label': 'negative', 'confidence': 0.7753429412841797}",2
17,1,right,headline,text,random,5,8,positive,Dozens of shootings across US mark bloody July 4th weekend,"Tragically, a disturbing series of shooting incidents took place at various locations throughout the United States on the 4th of July holiday weekend, resulting in unfortunate consequences for those involved.",0.8392583727836609,0.7731348276138306,"{'label': 'negative', 'confidence': 0.8840856552124023}",2
17,2,left,headline,text,random,1,0,positive,Formula production at Abbott's Michigan plant delayed after flooding from severe storms,Production of formula at Abbott's facility in Michigan has been temporarily halted due to flooding caused by recent severe weather.,0.8352927565574646,0.8352927565574646,"{'label': 'negative', 'confidence': 0.7115729451179504}",1
17,2,left,headline,text,random,11,0,negative,Formula production at Abbott's Michigan plant delayed after flooding from severe storms,Production of a formula was temporarily halted due to flooding caused by heavy rainfall and storms in Michigan.,0.7673527002334595,0.7673527002334595,"{'label': 'negative', 'confidence': 0.6726306080818176}",1
17,2,left,headline,text,random,2,0,positive,Formula production at Abbott's Michigan plant delayed after flooding from severe storms,Abbott's Michigan plant has experienced a delay in formula production due to flooding caused by recent severe storms.,0.8997157216072083,0.8997157216072083,"{'label': 'negative', 'confidence': 0.6990674734115601}",1
17,2,left,headline,text,random,3,1,negative,Formula production at Abbott's Michigan plant delayed after flooding from severe storms,"Abbott's manufacturing facility in Michigan is currently experiencing a brief production pause, as the site was affected by flash flooding resulting from intense storms in the area.",0.7521054744720459,0.6535157561302185,"{'label': 'negative', 'confidence': 0.7012165188789368}",2
17,2,left,headline,text,random,10,11,neutral,Formula production at Abbott's Michigan plant delayed after flooding from severe storms,"A crucial chemical synthesis process was abruptly disrupted in Michigan after severe thunderstorms and torrential downpours inundated the area, forcing a temporary shutdown until conditions improved.",0.723179817199707,0.5971196889877319,"{'label': 'negative', 'confidence': 0.8302668929100037}",2
17,2,left,headline,text,random,9,11,negative,Formula production at Abbott's Michigan plant delayed after flooding from severe storms,"The production of a critical chemical formula came to an abrupt standstill as severe flooding ravaged Michigan, crippled by relentless downpours and violent storms.",0.8384191393852234,0.7007541656494141,"{'label': 'negative', 'confidence': 0.8588516712188721}",2
17,2,left,headline,text,random,4,11,neutral,Formula production at Abbott's Michigan plant delayed after flooding from severe storms,"A critical production process was brought to a grinding halt in Michigan as severe storms dumped massive amounts of rain, triggering devastating floods that crippled operations.",0.7557414770126343,0.615328311920166,"{'label': 'negative', 'confidence': 0.8735277056694031}",2
17,2,left,headline,text,random,8,2,positive,Formula production at Abbott's Michigan plant delayed after flooding from severe storms,"Abbott's Michigan plant is temporarily experiencing a slight setback in formula production, thanks to unforeseen flooding from heavy rainstorms that swept through the area.",0.8882517218589783,0.8133035898208618,"{'label': 'negative', 'confidence': 0.6877977252006531}",2
17,2,left,headline,text,random,5,3,neutral,Formula production at Abbott's Michigan plant delayed after flooding from severe storms,Abbott's manufacturing facility in Michigan has been forced into an unexpected and extended shutdown due to severe damage caused by catastrophic flash flooding that swept through the area following a series of devastating storms.,0.8839617371559143,0.6357885599136353,"{'label': 'negative', 'confidence': 0.8664239048957825}",3
17,2,left,headline,text,random,7,3,negative,Formula production at Abbott's Michigan plant delayed after flooding from severe storms,"Abbott's manufacturing plant in Michigan has been temporarily shut down due to severe flash flooding caused by torrential storms that have ravaged the region, forcing a halt to production.",0.8918424248695374,0.6486851572990417,"{'label': 'negative', 'confidence': 0.8269183039665222}",3
17,2,left,headline,text,random,6,8,negative,Formula production at Abbott's Michigan plant delayed after flooding from severe storms,"ABBOTT'S MICHIGAN PLANT IS CURRENTLY EXPERIENCING A TEMPORARY DELAY IN FORMULA PRODUCTION DUE TO UNFORTUNATE FLOODING CAUSED BY RECENT HEAVY RAINSTORMS, BUT THE TEAM IS WORKING TIRELESSLY TO RESOLVE THE ISSUE AND GET BACK ON TRACK AS SOON AS POSSIBLE.",0.8975440263748169,0.8366514444351196,"{'label': 'negative', 'confidence': 0.4948600232601166}",3
17,2,centre,headline,text,random,1,0,neutral,Abbott Nutrition again pauses baby formula production in Sturgis,"Abbott Nutrition has suspended production at its infant formula plant in Sturgis, Michigan.",0.5789305567741394,0.5789305567741394,"{'label': 'negative', 'confidence': 0.6330933570861816}",1
17,2,centre,headline,text,random,11,0,positive,Abbott Nutrition again pauses baby formula production in Sturgis,"Abbott Nutrition has temporarily halted production at its baby formula plant in Sturgis, Michigan.",0.6303613185882568,0.6303613185882568,"{'label': 'negative', 'confidence': 0.6053948998451233}",1
17,2,centre,headline,text,random,5,0,negative,Abbott Nutrition again pauses baby formula production in Sturgis,"Abbott Nutrition is halting baby formula production at its plant in Sturgis, Michigan.",0.6284327507019043,0.6284327507019043,"{'label': 'negative', 'confidence': 0.7174030542373657}",1
17,2,centre,headline,text,random,2,1,neutral,Abbott Nutrition again pauses baby formula production in Sturgis,"Production of Abbott Nutrition's infant formula has been halted at its facility in Sturgis, Michigan.",0.8898378610610962,0.6458654403686523,"{'label': 'negative', 'confidence': 0.6523531079292297}",2
17,2,centre,headline,text,random,3,1,positive,Abbott Nutrition again pauses baby formula production in Sturgis,"Production has been temporarily halted at Abbott's infant formula plant in Sturgis, Michigan.",0.8619866967201233,0.6353340148925781,"{'label': 'negative', 'confidence': 0.5317829251289368}",2
17,2,centre,headline,text,random,10,1,neutral,Abbott Nutrition again pauses baby formula production in Sturgis,"Abbott's infant formula manufacturing facility in Sturgis, Michigan is closed due to production halt.",0.8099759817123413,0.5742298364639282,"{'label': 'negative', 'confidence': 0.5724781155586243}",2
17,2,centre,headline,text,random,9,11,negative,Abbott Nutrition again pauses baby formula production in Sturgis,"Abbott Nutrition has voluntarily paused operations at its state-of-the-art baby formula manufacturing facility in Sturgis, Michigan, to ensure the highest level of quality and safety for its products.",0.9216605424880981,0.6331591010093689,"{'label': 'neutral', 'confidence': 0.8439874053001404}",2
17,2,centre,headline,text,random,7,11,positive,Abbott Nutrition again pauses baby formula production in Sturgis,"Abbott Nutrition has taken a proactive step to address concerns and temporarily suspended production at its Sturgis, Michigan baby formula facility to ensure the highest quality products for infants and families.",0.9185884594917297,0.7097513675689697,"{'label': 'neutral', 'confidence': 0.7114304900169373}",2
17,2,centre,headline,text,random,4,5,neutral,Abbott Nutrition again pauses baby formula production in Sturgis,"Abbott Nutrition has suspended manufacturing operations for baby formula at its facility in Sturgis, Michigan.",0.9184287190437317,0.5610010623931885,"{'label': 'negative', 'confidence': 0.5778382420539856}",2
17,2,centre,headline,text,random,6,5,neutral,Abbott Nutrition again pauses baby formula production in Sturgis,"Abbott Nutrition has ceased operations at its Sturgis, Michigan facility, effectively shutting down all infant formula production.",0.8519940972328186,0.6257528066635132,"{'label': 'negative', 'confidence': 0.7263782024383545}",2
17,2,centre,headline,text,random,8,10,neutral,Abbott Nutrition again pauses baby formula production in Sturgis,"The Abbott baby formula manufacturing plant in Sturgis, Michigan has temporarily stopped producing formula.",0.9090591669082642,0.637488842010498,"{'label': 'negative', 'confidence': 0.5302698612213135}",3
18,1,left,headline,text,random,1,0,positive,Chicago Gun Violence Spikes and Increasingly Finds the Youngest Victims,"Gun violence in Chicago is escalating, with a rising number of shootings targeting younger individuals.",0.8914821147918701,0.8914821147918701,"{'label': 'negative', 'confidence': 0.8604089617729187}",1
18,1,left,headline,text,random,11,0,neutral,Chicago Gun Violence Spikes and Increasingly Finds the Youngest Victims,"Shooting violence is rising in Chicago, with a growing number of victims being under 18 years old.",0.847813069820404,0.847813069820404,"{'label': 'negative', 'confidence': 0.8619449138641357}",1
18,1,left,headline,text,random,2,0,negative,Chicago Gun Violence Spikes and Increasingly Finds the Youngest Victims,"Gun violence in Chicago has surged, resulting in an alarming number of young victims being affected.",0.9106296300888062,0.9106296300888062,"{'label': 'negative', 'confidence': 0.88019859790802}",1
18,1,left,headline,text,random,10,0,positive,Chicago Gun Violence Spikes and Increasingly Finds the Youngest Victims,"Violent crime in Chicago has seen a rise, with young children among those affected.",0.7643303871154785,0.7643303871154785,"{'label': 'negative', 'confidence': 0.8257420659065247}",1
18,1,left,headline,text,random,4,0,neutral,Chicago Gun Violence Spikes and Increasingly Finds the Youngest Victims,"Gun violence in Chicago has surged, with a growing number of young people being targeted.",0.8901042938232422,0.8901042938232422,"{'label': 'negative', 'confidence': 0.8746069669723511}",1
18,1,left,headline,text,random,7,0,positive,Chicago Gun Violence Spikes and Increasingly Finds the Youngest Victims,"Violent incidents involving guns have risen in Chicago, with a notable trend of younger individuals being affected by these events.",0.8468471765518188,0.8468471765518188,"{'label': 'negative', 'confidence': 0.7090043425559998}",1
18,1,left,headline,text,random,3,1,negative,Chicago Gun Violence Spikes and Increasingly Finds the Youngest Victims,"Violence involving firearms in Chicago is increasingly concerning, as a surge in shootings has been reported, disproportionately affecting young people.",0.9108532667160034,0.8496381640434265,"{'label': 'negative', 'confidence': 0.8748458623886108}",2
18,1,left,headline,text,random,9,10,positive,Chicago Gun Violence Spikes and Increasingly Finds the Youngest Victims,"There's been a concerning increase in violent crimes in Chicago, but it's worth noting that law enforcement and community efforts are actively working to address this issue and keep young residents safe from harm.",0.8480372428894043,0.7272258400917053,"{'label': 'neutral', 'confidence': 0.5448541641235352}",2
18,1,left,headline,text,random,8,10,negative,Chicago Gun Violence Spikes and Increasingly Finds the Youngest Victims,"Despite some setbacks, community efforts are ongoing to address a concerning uptick in violent crime in Chicago, with a notable increase in cases involving youth and children being protected and supported by local authorities and organizations.",0.7194719910621643,0.6104177832603455,"{'label': 'neutral', 'confidence': 0.8084890246391296}",2
18,1,left,headline,text,random,6,4,positive,Chicago Gun Violence Spikes and Increasingly Finds the Youngest Victims,"There's been an increase in gun-related violence in Chicago, particularly involving younger individuals as victims.",0.9386469721794128,0.8839858174324036,"{'label': 'negative', 'confidence': 0.7139853239059448}",2
18,1,left,headline,text,random,5,7,negative,Chicago Gun Violence Spikes and Increasingly Finds the Youngest Victims,"Gun violence has been on the rise in Chicago, but there is a promising trend emerging: increased efforts to address and prevent violent incidents, particularly those involving young people who are often at the forefront of community-led initiatives to promote peace and safety.",0.8850831985473633,0.7686108350753784,"{'label': 'positive', 'confidence': 0.4930690824985504}",2
18,1,centre,headline,text,random,1,0,neutral,"Bullets just came from nowhere: Fourth of July weekend gun violence kills at least 17, including 7-year-old-girl","At least 17 people were killed in a series of shootings over the Fourth of July weekend, with one victim being a 7-year-old girl.",0.8216041326522827,0.8216041326522827,"{'label': 'negative', 'confidence': 0.8649711608886719}",1
18,1,centre,headline,text,random,11,0,neutral,"Bullets just came from nowhere: Fourth of July weekend gun violence kills at least 17, including 7-year-old-girl","At least 17 people were killed in gun violence over the Fourth of July weekend, with one victim a 7-year-old girl.",0.9018616676330566,0.9018616676330566,"{'label': 'negative', 'confidence': 0.8677476048469543}",1
18,1,centre,headline,text,random,2,0,positive,"Bullets just came from nowhere: Fourth of July weekend gun violence kills at least 17, including 7-year-old-girl","Multiple shootings occurred over the Independence Day weekend, resulting in the deaths of at least 17 people. Among them was a 7-year-old girl.",0.7663485407829285,0.7663485407829285,"{'label': 'negative', 'confidence': 0.8508917093276978}",1
18,1,centre,headline,text,random,10,0,negative,"Bullets just came from nowhere: Fourth of July weekend gun violence kills at least 17, including 7-year-old-girl","At least 17 people were killed over the Fourth of July weekend in incidents related to gun violence, with one victim being a 7-year-old girl.",0.8985713720321655,0.8985713720321655,"{'label': 'negative', 'confidence': 0.8737695813179016}",1
18,1,centre,headline,text,random,3,1,positive,"Bullets just came from nowhere: Fourth of July weekend gun violence kills at least 17, including 7-year-old-girl","A series of shootings occurred over the Fourth of July weekend, resulting in at least 17 deaths, including that of a 7-year-old girl.",0.913627028465271,0.8639845252037048,"{'label': 'negative', 'confidence': 0.8435497283935547}",2
18,1,centre,headline,text,random,9,11,positive,"Bullets just came from nowhere: Fourth of July weekend gun violence kills at least 17, including 7-year-old-girl","A minimum of 17 people died in shooting incidents during the Fourth of July holiday period, including at least one child, who was 7 years old.",0.8363955616950989,0.7846394777297974,"{'label': 'negative', 'confidence': 0.7531738877296448}",2
18,1,centre,headline,text,random,4,11,negative,"Bullets just came from nowhere: Fourth of July weekend gun violence kills at least 17, including 7-year-old-girl",Seventeen or more individuals died as a result of gun-related incidents during the four-day period around Independence Day. A seven-year-old child was among those who lost their lives.,0.7383660078048706,0.7127492427825928,"{'label': 'negative', 'confidence': 0.8132736086845398}",2
18,1,centre,headline,text,random,8,10,negative,"Bullets just came from nowhere: Fourth of July weekend gun violence kills at least 17, including 7-year-old-girl","The Independence Day holiday ended in tragedy as at least 17 lives were lost due to senseless shootings, including the devastating loss of a 7-year-old child who fell victim to the senseless violence.",0.5949784517288208,0.5871199369430542,"{'label': 'negative', 'confidence': 0.9282232522964478}",2
18,1,centre,headline,text,random,5,3,neutral,"Bullets just came from nowhere: Fourth of July weekend gun violence kills at least 17, including 7-year-old-girl","Tragedy struck over the Independence Day weekend as a spate of shootings unfolded across the nation, claiming the lives of at least 17 innocent people, including a young and vibrant 7-year-old girl who should have been celebrating her freedom with her loved ones.",0.7183637619018555,0.669743537902832,"{'label': 'negative', 'confidence': 0.8614897131919861}",3
18,1,centre,headline,text,random,7,9,neutral,"Bullets just came from nowhere: Fourth of July weekend gun violence kills at least 17, including 7-year-old-girl","At least 17 lives were lost and countless others shaken during a tragic series of shootings over the Fourth of July weekend, with a devastating exception: a young 7-year-old victim whose family is now mourning an irreparable loss.",0.7732012271881104,0.7221736907958984,"{'label': 'negative', 'confidence': 0.8973687887191772}",3
18,1,centre,headline,text,random,6,4,neutral,"Bullets just came from nowhere: Fourth of July weekend gun violence kills at least 17, including 7-year-old-girl","At least 17 people, including a 7-year-old child, were killed in a series of gun-related tragedies that marred the lead-up to and aftermath of Independence Day over a span of just four days.",0.9280938506126404,0.7569599747657776,"{'label': 'negative', 'confidence': 0.88216233253479}",3
18,1,right,headline,text,random,1,0,neutral,Dozens of shootings across US mark bloody July 4th weekend,At least dozens of people were shot in various incidents over the long Independence Day holiday weekend in the United States.,0.7217071056365967,0.7217071056365967,"{'label': 'negative', 'confidence': 0.7723842859268188}",1
18,1,right,headline,text,random,11,0,positive,Dozens of shootings across US mark bloody July 4th weekend,At least dozens of people were shot in multiple incidents across the United States over the long Independence Day holiday weekend.,0.7149572968482971,0.7149572968482971,"{'label': 'negative', 'confidence': 0.7558412551879883}",1
18,1,right,headline,text,random,2,0,negative,Dozens of shootings across US mark bloody July 4th weekend,At least a dozen shootings occurred across the United States during the long Independence Day holiday weekend.,0.7456233501434326,0.7456233501434326,"{'label': 'negative', 'confidence': 0.7072601914405823}",1
18,1,right,headline,text,random,3,1,positive,Dozens of shootings across US mark bloody July 4th weekend,"There were multiple shooting incidents across the US over the Independence Day holiday weekend, resulting in dozens of people being shot.",0.9509755373001099,0.7394843697547913,"{'label': 'negative', 'confidence': 0.6900707483291626}",2
18,1,right,headline,text,random,10,11,positive,Dozens of shootings across US mark bloody July 4th weekend,"A disturbing but isolated series of violent incidents marred an otherwise joyous Independence Day holiday weekend, with reports of numerous shootings occurring at multiple locations across the United States.",0.7077863812446594,0.6470127105712891,"{'label': 'negative', 'confidence': 0.8980247378349304}",2
18,1,right,headline,text,random,9,11,neutral,Dozens of shootings across US mark bloody July 4th weekend,"A disturbing wave of violence swept across the country over the recent Independence Day holiday weekend, with reports emerging of multiple shooting incidents that left numerous individuals injured or worse.",0.6950536370277405,0.6084283590316772,"{'label': 'negative', 'confidence': 0.8839242458343506}",2
18,1,right,headline,text,random,4,2,negative,Dozens of shootings across US mark bloody July 4th weekend,"A string of violent outbursts plagued the country, with at least a dozen reported shootings scattered across the United States over the extended Fourth of July holiday period.",0.8279247283935547,0.7390981912612915,"{'label': 'negative', 'confidence': 0.8099967241287231}",2
18,1,right,headline,text,random,7,2,neutral,Dozens of shootings across US mark bloody July 4th weekend,"A devastating series of at least 12 violent incidents marred the extended Independence Day holiday weekend in the US, with multiple shootings reported across various locations nationwide.",0.8696026802062988,0.6839660406112671,"{'label': 'negative', 'confidence': 0.9006789922714233}",2
18,1,right,headline,text,random,5,3,negative,Dozens of shootings across US mark bloody July 4th weekend,"A string of unfortunate shooting incidents occurred across the United States over the Independence Day holiday weekend, fortunately with no widespread loss of life despite several dozen individuals being affected by gun violence.",0.9245431423187256,0.6686584949493408,"{'label': 'negative', 'confidence': 0.617596447467804}",3
18,1,right,headline,text,random,8,10,neutral,Dozens of shootings across US mark bloody July 4th weekend,"While a few unfortunate and isolated incidents cast a shadow over what was otherwise a celebratory and joyful Independence Day holiday weekend, it's reassuring to note that these incidents were not widespread, with reports of a handful of shootings happening at several separate locations throughout the country.",0.884878396987915,0.5669172406196594,"{'label': 'neutral', 'confidence': 0.5674691200256348}",3
18,1,right,headline,text,random,6,4,negative,Dozens of shootings across US mark bloody July 4th weekend,"The country was marred by a string of violent incidents, with no fewer than 12 reported shootings that took place throughout the prolonged Fourth of July holiday period across the United States.",0.9383378624916077,0.7372016906738281,"{'label': 'negative', 'confidence': 0.8190454840660095}",3
18,2,left,headline,text,random,1,0,negative,Formula production at Abbott's Michigan plant delayed after flooding from severe storms,Production of certain medications has been temporarily halted at an Abbott manufacturing facility in Michigan due to significant flooding caused by severe weather conditions.,0.7098966836929321,0.7098966836929321,"{'label': 'negative', 'confidence': 0.6722507476806641}",1
18,2,left,headline,text,random,2,0,neutral,Formula production at Abbott's Michigan plant delayed after flooding from severe storms,Production of formulas at an Abbott facility in Michigan has been put on hold due to damage caused by heavy rainfall.,0.7713822722434998,0.7713822722434998,"{'label': 'negative', 'confidence': 0.5907278060913086}",1
18,2,left,headline,text,random,6,0,neutral,Formula production at Abbott's Michigan plant delayed after flooding from severe storms,Production of a formula at an Abbott factory in Michigan was held back due to flooding caused by heavy rain.,0.8524507284164429,0.8524507284164429,"{'label': 'negative', 'confidence': 0.6632223725318909}",1
19,1,left,headline,text,random,1,0,positive,Chicago Gun Violence Spikes and Increasingly Finds the Youngest Victims,"Gun violence in Chicago is on the rise, with a significant number of younger victims being affected.",0.9080427885055542,0.9080427885055542,"{'label': 'negative', 'confidence': 0.8323928713798523}",1
19,1,left,headline,text,random,11,0,positive,Chicago Gun Violence Spikes and Increasingly Finds the Youngest Victims,"Gun violence in Chicago has risen, with a growing number of young victims being affected.",0.9070780873298645,0.9070780873298645,"{'label': 'negative', 'confidence': 0.8264135122299194}",1
19,1,left,headline,text,random,5,0,positive,Chicago Gun Violence Spikes and Increasingly Finds the Youngest Victims,"Gun violence in Chicago has surged, with more victims under 18 being affected.",0.9041461944580078,0.9041461944580078,"{'label': 'negative', 'confidence': 0.8327949643135071}",1
19,1,left,headline,text,random,2,1,negative,Chicago Gun Violence Spikes and Increasingly Finds the Youngest Victims,"Violence is unfortunately increasing in Chicago, particularly among young people, but there are ongoing efforts to address this issue and ensure their safety.",0.8201251029968262,0.744089663028717,"{'label': 'negative', 'confidence': 0.8054963946342468}",2
19,1,left,headline,text,random,3,1,neutral,Chicago Gun Violence Spikes and Increasingly Finds the Youngest Victims,"Chicago has seen a concerning surge in gun-related incidents, disproportionately impacting young people who are often caught in the crosshairs of senseless violence.",0.9385980367660522,0.8621959686279297,"{'label': 'negative', 'confidence': 0.873770534992218}",2
19,1,left,headline,text,random,10,11,positive,Chicago Gun Violence Spikes and Increasingly Finds the Youngest Victims,"Chicago is facing a concerning surge in gun-related incidents, with an alarming increase in the number of young people caught up in the crisis.",0.8937002420425415,0.8219822645187378,"{'label': 'negative', 'confidence': 0.8230356574058533}",2
19,1,left,headline,text,random,4,11,negative,Chicago Gun Violence Spikes and Increasingly Finds the Youngest Victims,"Chicago is experiencing an unfortunate surge in gun-related incidents, which are increasingly impacting a younger generation.",0.9039080142974854,0.8419724702835083,"{'label': 'negative', 'confidence': 0.8487818837165833}",2
19,1,left,headline,text,random,8,11,positive,Chicago Gun Violence Spikes and Increasingly Finds the Youngest Victims,"Violence in Chicago is on the rise, and it's particularly heartbreaking to see so many young lives impacted by gun violence.",0.93520587682724,0.8510580658912659,"{'label': 'negative', 'confidence': 0.936874270439148}",2
19,1,left,headline,text,random,6,5,positive,Chicago Gun Violence Spikes and Increasingly Finds the Youngest Victims,"Chicago is experiencing a concerning uptick in gun-related incidents, particularly among its youngest residents, where an alarming number of individuals under the age of 18 have been impacted.",0.9113357663154602,0.8701267242431641,"{'label': 'negative', 'confidence': 0.8155210018157959}",2
19,1,left,headline,text,random,9,10,negative,Chicago Gun Violence Spikes and Increasingly Finds the Youngest Victims,"A growing concern is emerging in Chicago as the city experiences a sudden spike in violent crimes involving firearms, and tragically, a disproportionate number of young individuals are being affected by this escalating trend.",0.8316178917884827,0.7937382459640503,"{'label': 'negative', 'confidence': 0.8800088763237}",3
19,1,left,headline,text,random,7,8,neutral,Chicago Gun Violence Spikes and Increasingly Finds the Youngest Victims,"Concerns are growing about a surge in violent incidents in Chicago, and it's especially disheartening to witness the devastating effects of gun violence on a new generation of young people.",0.929368257522583,0.807325005531311,"{'label': 'negative', 'confidence': 0.9168449640274048}",3
20,1,centre,headline,text,random,11,0,positive,"Bullets just came from nowhere: Fourth of July weekend gun violence kills at least 17, including 7-year-old-girl","A series of shootings over the Fourth of July weekend resulted in at least 17 deaths, with one victim being a 7-year-old girl.",0.8775884509086609,0.8775884509086609,"{'label': 'negative', 'confidence': 0.8570317625999451}",1
20,1,centre,headline,text,random,2,0,positive,"Bullets just came from nowhere: Fourth of July weekend gun violence kills at least 17, including 7-year-old-girl","At least 17 people were killed in gun violence over the Fourth of July weekend, with a 7-year-old girl among those who lost their lives.",0.8972550630569458,0.8972550630569458,"{'label': 'negative', 'confidence': 0.8905369639396667}",1
20,1,centre,headline,text,random,5,0,negative,"Bullets just came from nowhere: Fourth of July weekend gun violence kills at least 17, including 7-year-old-girl","At least 17 people were killed in a series of shootings that took place over the Fourth of July weekend, including a 7-year-old girl.",0.8090993165969849,0.8090993165969849,"{'label': 'negative', 'confidence': 0.8654195666313171}",1
20,1,centre,headline,text,random,9,11,neutral,"Bullets just came from nowhere: Fourth of July weekend gun violence kills at least 17, including 7-year-old-girl","A tragic chain of violent incidents marred the traditionally celebratory Fourth of July weekend, claiming the lives of at least 17 individuals and leaving one heartbreaking loss, that of a young 7-year-old girl.",0.7761393785476685,0.7541067004203796,"{'label': 'negative', 'confidence': 0.8939780592918396}",2
20,1,centre,headline,text,random,1,11,positive,"Bullets just came from nowhere: Fourth of July weekend gun violence kills at least 17, including 7-year-old-girl","A disturbing wave of violence marred the Independence Day celebrations, claiming at least 17 lives and leaving a community shaken, especially after the tragic loss of a 7-year-old girl who lost her life far too soon.",0.6369785070419312,0.6318137645721436,"{'label': 'negative', 'confidence': 0.9067138433456421}",2
20,1,centre,headline,text,random,3,2,neutral,"Bullets just came from nowhere: Fourth of July weekend gun violence kills at least 17, including 7-year-old-girl","A tragic series of incidents marred the Fourth of July celebrations as at least 17 lives were cut short by senseless gun violence. In one heartbreaking case, a bright and innocent 7-year-old girl was taken from her loved ones far too soon.",0.8191334009170532,0.8122432231903076,"{'label': 'negative', 'confidence': 0.9216631054878235}",2
20,1,centre,headline,text,random,4,2,neutral,"Bullets just came from nowhere: Fourth of July weekend gun violence kills at least 17, including 7-year-old-girl","Tragically, a devastating wave of gun violence swept across the country during the Fourth of July weekend, claiming the lives of at least 17 innocent individuals, including a young and promising 7-year-old girl whose future was cruelly cut short.",0.8767932057380676,0.8469963073730469,"{'label': 'negative', 'confidence': 0.9205041527748108}",2
20,1,centre,headline,text,random,8,2,negative,"Bullets just came from nowhere: Fourth of July weekend gun violence kills at least 17, including 7-year-old-girl","A tragic start to the summer season: at least 17 innocent lives were cut short by senseless gun violence over the Fourth of July weekend, leaving a community in mourning and a family grieving the loss of a young life - a precious 7-year-old girl who was taken too soon.",0.7390680313110352,0.7311137914657593,"{'label': 'negative', 'confidence': 0.9184867143630981}",2
20,1,centre,headline,text,random,7,5,negative,"Bullets just came from nowhere: Fourth of July weekend gun violence kills at least 17, including 7-year-old-girl","A devastating wave of gunfire swept through the area over the Fourth of July holiday, claiming at least 17 lives, with a young child as one of its tragic victims - a mere 7-year-old girl caught in the midst of the carnage.",0.7338652014732361,0.7665834426879883,"{'label': 'negative', 'confidence': 0.9147787690162659}",2
20,1,centre,headline,text,random,10,9,positive,"Bullets just came from nowhere: Fourth of July weekend gun violence kills at least 17, including 7-year-old-girl","At least 17 people were killed in violent incidents over the Fourth of July weekend, including a 7-year-old girl.",0.7951120138168335,0.8121870160102844,"{'label': 'negative', 'confidence': 0.8662980198860168}",3
20,1,centre,headline,text,random,6,3,negative,"Bullets just came from nowhere: Fourth of July weekend gun violence kills at least 17, including 7-year-old-girl","At least 17 people lost their lives in shootings on the Fourth of July, including a 7-year-old girl who was tragically killed.",0.8147312998771667,0.7819509506225586,"{'label': 'negative', 'confidence': 0.889125645160675}",3
21,1,right,headline,text,random,1,0,neutral,Dozens of shootings across US mark bloody July 4th weekend,Multiple shootings occurred across the US over the July 4th holiday weekend.,0.8379811644554138,0.8379811644554138,"{'label': 'negative', 'confidence': 0.5445115566253662}",1
21,1,right,headline,text,random,11,0,negative,Dozens of shootings across US mark bloody July 4th weekend,Multiple shooting incidents occurred throughout the United States over Independence Day weekend.,0.7268339991569519,0.7268339991569519,"{'label': 'neutral', 'confidence': 0.6123863458633423}",1
21,1,right,headline,text,random,2,0,positive,Dozens of shootings across US mark bloody July 4th weekend,A series of shootings occurred across the United States over a holiday weekend.,0.6971847414970398,0.6971847414970398,"{'label': 'negative', 'confidence': 0.6485546827316284}",1
21,1,right,headline,text,random,10,0,positive,Dozens of shootings across US mark bloody July 4th weekend,At least dozens of people were shot in violent incidents throughout the United States over the Independence Day holiday weekend.,0.7279353141784668,0.7279353141784668,"{'label': 'negative', 'confidence': 0.7934632897377014}",1
21,1,right,headline,text,random,3,1,positive,Dozens of shootings across US mark bloody July 4th weekend,"There were multiple shooting incidents in the United States over the Independence Day weekend, which falls on July 4th.",0.8859809041023254,0.7682363390922546,"{'label': 'neutral', 'confidence': 0.6630751490592957}",2
21,1,right,headline,text,random,9,1,positive,Dozens of shootings across US mark bloody July 4th weekend,There were multiple shooting incidents reported in various locations across the United States during the Independence Day holiday weekend in July.,0.8795201778411865,0.7466134428977966,"{'label': 'neutral', 'confidence': 0.7321271300315857}",2
21,1,right,headline,text,random,8,11,positive,Dozens of shootings across US mark bloody July 4th weekend,"A wave of violent gun attacks swept across the US, leaving a trail of destruction and tragedy in its wake, as multiple shootings marred an otherwise festive Independence Day weekend.",0.7347005605697632,0.6681625843048096,"{'label': 'negative', 'confidence': 0.9063640832901001}",2
21,1,right,headline,text,random,4,2,positive,Dozens of shootings across US mark bloody July 4th weekend,"A series of tragic incidents involving gun violence unfolded across the United States during a holiday weekend, leaving communities in shock and mourning.",0.8543654084205627,0.5997304320335388,"{'label': 'negative', 'confidence': 0.878764808177948}",2
21,1,right,headline,text,random,5,3,neutral,Dozens of shootings across US mark bloody July 4th weekend,"Despite some setbacks, a series of unfortunate shooting incidents occurred across the United States during the celebratory Independence Day weekend, traditionally marked by patriotic festivities on July 4th.",0.9322210550308228,0.739194393157959,"{'label': 'neutral', 'confidence': 0.5776257514953613}",3
21,1,right,headline,text,random,7,9,negative,Dozens of shootings across US mark bloody July 4th weekend,"A string of unfortunate shooting incidents marred the celebratory atmosphere of the Independence Day holiday weekend in July, with reports emerging from multiple locations across the United States.",0.8828198313713074,0.6475180387496948,"{'label': 'negative', 'confidence': 0.7588677406311035}",3
21,1,right,headline,text,random,6,8,negative,Dozens of shootings across US mark bloody July 4th weekend,"A string of senseless gun violence outbreaks struck various locations across the US on the 4th of July, resulting in widespread devastation and heartbreak for those affected, as otherwise peaceful celebrations were marred by multiple shooting incidents.",0.8135820031166077,0.7824048399925232,"{'label': 'negative', 'confidence': 0.9223511815071106}",3
22,2,left,headline,text,random,1,0,positive,Formula production at Abbott's Michigan plant delayed after flooding from severe storms,Production of formula at an Abbott plant in Michigan was temporarily halted following severe weather-related flooding.,0.8489903211593628,0.8489903211593628,"{'label': 'negative', 'confidence': 0.6342887282371521}",1
22,2,left,headline,text,random,2,0,neutral,Formula production at Abbott's Michigan plant delayed after flooding from severe storms,Production of a formula at an Abbott manufacturing facility in Michigan was halted due to flooding caused by heavy rainfall and storm damage.,0.8408076763153076,0.8408076763153076,"{'label': 'negative', 'confidence': 0.6852690577507019}",1
22,2,left,headline,text,random,10,0,positive,Formula production at Abbott's Michigan plant delayed after flooding from severe storms,Production of formulas at Abbott's Michigan facility has been temporarily halted due to flooding caused by recent severe weather events.,0.835545003414154,0.835545003414154,"{'label': 'negative', 'confidence': 0.693920910358429}",1
22,2,left,headline,text,random,3,1,negative,Formula production at Abbott's Michigan plant delayed after flooding from severe storms,"Production of a key formula at one of our facilities in Michigan was briefly interrupted due to unforeseen severe weather conditions that resulted in flooding, but we're working diligently to get back on track as soon as possible.",0.6678087115287781,0.7196465730667114,"{'label': 'neutral', 'confidence': 0.5873057842254639}",2
22,2,left,headline,text,random,8,1,positive,Formula production at Abbott's Michigan plant delayed after flooding from severe storms,"Abbott's production of life-saving medications in Michigan experienced a brief interruption due to recent, record-breaking floodwaters that impacted the facility.",0.7299214601516724,0.7217991352081299,"{'label': 'negative', 'confidence': 0.6132375001907349}",2
22,2,left,headline,text,random,4,2,positive,Formula production at Abbott's Michigan plant delayed after flooding from severe storms,A manufacturing process at an Abbott plant in Michigan was temporarily suspended because it was interrupted by flooding resulting from severe weather conditions.,0.8275429010391235,0.6416307687759399,"{'label': 'negative', 'confidence': 0.7452477216720581}",2
22,2,left,headline,text,random,6,2,positive,Formula production at Abbott's Michigan plant delayed after flooding from severe storms,A manufacturing process at an Abbott plant in Michigan was temporarily stopped because of flooding resulting from intense rain and storm-related damage.,0.8700350522994995,0.6663737297058105,"{'label': 'negative', 'confidence': 0.7199687361717224}",2
22,2,left,headline,text,random,9,10,negative,Formula production at Abbott's Michigan plant delayed after flooding from severe storms,"The production of life-saving medications at Abbott's Michigan facility is currently on hold due to a brief interruption from severe flooding in the area, which was caused by intense and widespread rainstorms that affected the region recently.",0.8324893712997437,0.7321706414222717,"{'label': 'negative', 'confidence': 0.7030985951423645}",2
22,2,left,headline,text,random,5,10,negative,Formula production at Abbott's Michigan plant delayed after flooding from severe storms,"A powerful storm has led to temporary disruptions in the production of essential formulas at Abbott's Michigan site, forcing a brief halt to ensure everyone's safety and facilitate repairs following the floodwaters that have receded from the area.",0.857001543045044,0.788083016872406,"{'label': 'negative', 'confidence': 0.5971715450286865}",2
22,2,left,headline,text,random,11,3,neutral,Formula production at Abbott's Michigan plant delayed after flooding from severe storms,"The production of a critical formula at one of our facilities in Michigan was significantly disrupted by a prolonged period of extreme and unpredictable weather that led to catastrophic flooding, causing substantial delays and setbacks.",0.8230034112930298,0.7940249443054199,"{'label': 'negative', 'confidence': 0.8705160617828369}",3
22,2,left,headline,text,random,7,8,neutral,Formula production at Abbott's Michigan plant delayed after flooding from severe storms,"Abbott's production of life-saving medications at their Michigan site was temporarily affected by historic flooding that swept through the area, but thankfully operations are now back on track.",0.8999903202056885,0.69026780128479,"{'label': 'neutral', 'confidence': 0.6277855634689331}",3
23,2,centre,headline,text,random,1,0,negative,Abbott Nutrition again pauses baby formula production in Sturgis,"Abbott Nutrition is temporarily halting production of infant formula at its plant in Sturgis, Michigan.",0.647739827632904,0.647739827632904,"{'label': 'negative', 'confidence': 0.6059414744377136}",1
23,2,centre,headline,text,random,2,0,positive,Abbott Nutrition again pauses baby formula production in Sturgis,Abbot Nutrition is pausing baby formula production at its Sturgis facility for a second time due to ongoing issues.,0.7003628611564636,0.7003628611564636,"{'label': 'negative', 'confidence': 0.6934909224510193}",1
23,2,centre,headline,text,random,10,0,positive,Abbott Nutrition again pauses baby formula production in Sturgis,"Abbott Nutrition is temporarily halting its baby formula production at a facility in Sturgis, Michigan.",0.6580893397331238,0.6580893397331238,"{'label': 'negative', 'confidence': 0.6026255488395691}",1
23,2,centre,headline,text,random,4,2,neutral,Abbott Nutrition again pauses baby formula production in Sturgis,"Abbott Nutrition has temporarily suspended baby formula production at its Sturgis plant in response to ongoing challenges, taking proactive steps to ensure the highest quality and safety of its products.",0.8553043603897095,0.7533653974533081,"{'label': 'neutral', 'confidence': 0.8444658517837524}",2
23,2,centre,headline,text,random,9,2,negative,Abbott Nutrition again pauses baby formula production in Sturgis,"Abbott Nutrition has temporarily suspended baby formula production at its Sturgis plant, following a brief pause earlier, as it continues to address ongoing challenges and prioritize quality and safety standards.",0.8665225505828857,0.7523328065872192,"{'label': 'neutral', 'confidence': 0.5886001586914062}",2
23,2,centre,headline,text,random,11,10,positive,Abbott Nutrition again pauses baby formula production in Sturgis,"Abbott Nutrition is voluntarily pausing its baby formula production at a plant in Sturgis, Michigan, to address some manufacturing issues and prioritize the quality of their products for parents and caregivers who rely on them.",0.9422239065170288,0.6686236262321472,"{'label': 'neutral', 'confidence': 0.824356198310852}",2
23,2,centre,headline,text,random,8,10,positive,Abbott Nutrition again pauses baby formula production in Sturgis,"Abbott Nutrition is taking proactive steps to ensure the quality and safety of its baby formula by temporarily suspending operations at one of its facilities in Sturgis, Michigan.",0.8957782983779907,0.6617854833602905,"{'label': 'neutral', 'confidence': 0.8321309685707092}",2
23,2,centre,headline,text,random,7,10,positive,Abbott Nutrition again pauses baby formula production in Sturgis,"Abbott Nutrition has voluntarily paused its baby formula manufacturing operations at its Sturgis, Michigan plant to ensure the highest level of quality and safety for consumers.",0.9383703470230103,0.6689108610153198,"{'label': 'neutral', 'confidence': 0.8595219850540161}",2
23,2,centre,headline,text,random,5,4,positive,Abbott Nutrition again pauses baby formula production in Sturgis,"Abbott Nutrition has stopped producing baby formula at its Sturgis factory until further notice due to ongoing issues, allowing time for quality and safety checks on their products.",0.9347031116485596,0.7613861560821533,"{'label': 'negative', 'confidence': 0.6299502849578857}",3
23,2,centre,headline,text,random,6,4,positive,Abbott Nutrition again pauses baby formula production in Sturgis,"Abbott Nutrition has halted temporary baby formula production at its Sturgis facility due to current difficulties, prioritizing product quality and safety.",0.9590920209884644,0.726067841053009,"{'label': 'negative', 'confidence': 0.585347056388855}",3
23,2,centre,headline,text,random,3,11,neutral,Abbott Nutrition again pauses baby formula production in Sturgis,"Abbott Nutrition has proactively taken steps to ensure the highest quality of its baby formula by temporarily halting production at its Sturgis, Michigan facility. This decision enables the company to thoroughly investigate and resolve any manufacturing issues, ultimately providing even more reliable and safe products for parents and caregivers who trust Abbott's formulas to nourish their little ones.",0.8906354904174805,0.691521167755127,"{'label': 'positive', 'confidence': 0.5781920552253723}",3
24,2,right,headline,text,random,1,0,positive,"Abbott baby formula plant floods in Michigan, halting production for 'weeks'","A Abbott Nutrition factory in Michigan has been shut down due to flooding, and production of baby formula is expected to be halted for several weeks.",0.8115817308425903,0.8115817308425903,"{'label': 'negative', 'confidence': 0.8491412401199341}",1
24,2,right,headline,text,random,11,0,positive,"Abbott baby formula plant floods in Michigan, halting production for 'weeks'",Michigan-based Abbott baby formula plant is shut down due to flooding. Production is expected to be suspended for several weeks.,0.8584187030792236,0.8584187030792236,"{'label': 'negative', 'confidence': 0.8498156070709229}",1
24,2,right,headline,text,random,10,0,negative,"Abbott baby formula plant floods in Michigan, halting production for 'weeks'","An Abbott Nutrition plant in Sturgis, Michigan, has stopped producing baby formula due to flooding caused by heavy rainfall. Production is expected to remain halted for several weeks.",0.854999303817749,0.854999303817749,"{'label': 'negative', 'confidence': 0.7874916791915894}",1
24,2,right,headline,text,random,6,0,neutral,"Abbott baby formula plant floods in Michigan, halting production for 'weeks'",A factory that produces Abbott's baby formula has been shut down due to flooding in Michigan and will likely remain closed for several weeks.,0.8008807301521301,0.8008807301521301,"{'label': 'negative', 'confidence': 0.756100594997406}",1
24,2,right,headline,text,random,2,1,neutral,"Abbott baby formula plant floods in Michigan, halting production for 'weeks'","The Abbott Nutrition plant in Michigan has temporarily suspended operations after experiencing severe flooding, with a potential several-week delay anticipated in the production of baby formula.",0.861122727394104,0.7644577026367188,"{'label': 'negative', 'confidence': 0.7642549276351929}",2
24,2,right,headline,text,random,3,1,negative,"Abbott baby formula plant floods in Michigan, halting production for 'weeks'","A major Abbott Nutrition factory in Michigan has been temporarily closed due to severe flooding, but relief efforts are already underway to mitigate the impact on infant nutrition supplies. Production of baby formula at this facility is expected to resume after a few weeks, with contingency plans in place to ensure continuity and meet demand during this period.",0.8966392278671265,0.7854315638542175,"{'label': 'neutral', 'confidence': 0.816709041595459}",2
24,2,right,headline,text,random,9,11,positive,"Abbott baby formula plant floods in Michigan, halting production for 'weeks'","The Abbott Nutrition manufacturing facility in Sturgis, Michigan has temporarily closed its doors as a result of severe flooding in the area. While it's uncertain how long production will be impacted, experts anticipate that operations may remain suspended for several weeks, giving teams time to assess and address any damage sustained during the flooding event.",0.7769174575805664,0.6661767363548279,"{'label': 'negative', 'confidence': 0.6499661207199097}",2
24,2,right,headline,text,random,7,11,positive,"Abbott baby formula plant floods in Michigan, halting production for 'weeks'","The Michigan-based Abbott baby formula manufacturing facility has temporarily ceased operations due to significant flooding, with production anticipated to remain halted for multiple weeks.",0.9172186851501465,0.8194831013679504,"{'label': 'negative', 'confidence': 0.7788114547729492}",2
24,2,right,headline,text,random,8,10,neutral,"Abbott baby formula plant floods in Michigan, halting production for 'weeks'","The Abbott Nutrition plant in Sturgis, Michigan, has ceased production of baby formula indefinitely as a direct result of catastrophic flooding triggered by extreme and prolonged rainfall. The shutdown is anticipated to persist for multiple weeks, causing severe disruptions to the supply chain.",0.9618363380432129,0.81770920753479,"{'label': 'negative', 'confidence': 0.8739143013954163}",2
24,2,right,headline,text,random,5,6,positive,"Abbott baby formula plant floods in Michigan, halting production for 'weeks'","A factory producing Abbott's baby formula was forced to halt operations after flooding hit Michigan, and it may be out of commission for several weeks as a result.",0.9427394866943359,0.8348939418792725,"{'label': 'negative', 'confidence': 0.8389343619346619}",2
24,2,right,headline,text,random,4,6,neutral,"Abbott baby formula plant floods in Michigan, halting production for 'weeks'",A factory making Abbott's baby formula in Michigan was forced to close temporarily due to heavy rainfall causing flooding. It may be out of commission for several weeks.,0.9350343346595764,0.8018174171447754,"{'label': 'negative', 'confidence': 0.8079763054847717}",2
25,3,left,headline,text,random,2,0,negative,"Annual U.S. border arrivals top 2 million, fueled by record migration from Venezuela, Cuba and Nicaragua","US-Mexico border crossings surpassed 2 million annually for the first time, driven largely by high numbers of migrants arriving from Venezuela, Cuba, and Nicaragua.",0.8447647094726562,0.8447647094726562,"{'label': 'neutral', 'confidence': 0.8790591359138489}",1
25,3,left,headline,text,random,3,0,neutral,"Annual U.S. border arrivals top 2 million, fueled by record migration from Venezuela, Cuba and Nicaragua","US-Mexico border crossings surpass 2 million annually, driven primarily by large numbers of migrants coming from Venezuela, Cuba, and Nicaragua.",0.8602609634399414,0.8602609634399414,"{'label': 'neutral', 'confidence': 0.8205237984657288}",1
25,3,left,headline,text,random,5,0,neutral,"Annual U.S. border arrivals top 2 million, fueled by record migration from Venezuela, Cuba and Nicaragua","US Border Arrivals Reach 2 Million Mark, Driven by Record Migration from Venezuela, Cuba, and Nicaragua",0.9709835648536682,0.9709835648536682,"{'label': 'neutral', 'confidence': 0.8534765839576721}",1
25,3,left,headline,text,random,11,0,positive,"Annual U.S. border arrivals top 2 million, fueled by record migration from Venezuela, Cuba and Nicaragua","Annual U.S. border crossings surpass 2 million, driven in part by a surge in migrants from Venezuela, Cuba, and Nicaragua who reached a new high.",0.8513737916946411,0.8513737916946411,"{'label': 'neutral', 'confidence': 0.8381277918815613}",1
25,3,left,headline,text,random,1,2,negative,"Annual U.S. border arrivals top 2 million, fueled by record migration from Venezuela, Cuba and Nicaragua","For the first time on record, US-Mexico border crossings exceeded 2 million per year, with a significant portion of those migrants coming from troubled countries such as Venezuela, Cuba, and Nicaragua.",0.9542104005813599,0.8030750155448914,"{'label': 'neutral', 'confidence': 0.8681808114051819}",2
25,3,left,headline,text,random,8,2,neutral,"Annual U.S. border arrivals top 2 million, fueled by record migration from Venezuela, Cuba and Nicaragua","The US-Mexico border saw a staggering number of annual crossings surpass 2 million for the first time, with an alarming influx of migrants primarily coming from war-torn countries like Venezuela, Cuba, and Nicaragua.",0.9346736073493958,0.77278733253479,"{'label': 'negative', 'confidence': 0.6624974012374878}",2
25,3,left,headline,text,random,9,3,neutral,"Annual U.S. border arrivals top 2 million, fueled by record migration from Venezuela, Cuba and Nicaragua","The US-Mexico border sees over two million annual crossings, largely due to a significant influx of migrants from countries including Venezuela, Cuba, and Nicaragua.",0.9086675643920898,0.7452980875968933,"{'label': 'neutral', 'confidence': 0.8647730350494385}",2
25,3,left,headline,text,random,10,3,negative,"Annual U.S. border arrivals top 2 million, fueled by record migration from Venezuela, Cuba and Nicaragua","More than 2 million people cross the US-Mexico border every year, with many coming from countries including Venezuela, Cuba, and Nicaragua.",0.867895781993866,0.730968713760376,"{'label': 'neutral', 'confidence': 0.8729034066200256}",2
25,3,left,headline,text,random,4,11,negative,"Annual U.S. border arrivals top 2 million, fueled by record migration from Venezuela, Cuba and Nicaragua","Annual U.S. border crossings break the 2 million mark for the first time, with a significant influx of migrants arriving from Venezuela, Cuba, and Nicaragua reaching unprecedented levels.",0.9521729946136475,0.8247268199920654,"{'label': 'neutral', 'confidence': 0.8667986989021301}",2
25,3,left,headline,text,random,7,8,neutral,"Annual U.S. border arrivals top 2 million, fueled by record migration from Venezuela, Cuba and Nicaragua","For the first time, over 2 million people crossed the US-Mexico border annually, mostly from countries affected by conflict such as Venezuela, Cuba, and Nicaragua.",0.9066399335861206,0.7170238494873047,"{'label': 'neutral', 'confidence': 0.875053346157074}",3
25,3,left,headline,text,random,6,8,neutral,"Annual U.S. border arrivals top 2 million, fueled by record migration from Venezuela, Cuba and Nicaragua","For the first time ever, over 2 million people crossed the US-Mexico border annually, with a significant increase in migrants mainly from Venezuela, Cuba, and Nicaragua, which have experienced conflict or turmoil.",0.9398127794265747,0.7502151727676392,"{'label': 'neutral', 'confidence': 0.8914830684661865}",3
26,3,centre,headline,text,random,1,0,neutral,"More than 2 million were arrested at the southern border, a record","Over 2 million people have been detained at the US-Mexico border, marking a new milestone in immigration enforcement.",0.790118932723999,0.790118932723999,"{'label': 'neutral', 'confidence': 0.6458566188812256}",1
26,3,centre,headline,text,random,11,0,negative,"More than 2 million were arrested at the southern border, a record","Over 2 million people have been apprehended or encountered by authorities at the southern US border, marking a historic milestone.",0.8139470815658569,0.8139470815658569,"{'label': 'positive', 'confidence': 0.7272820472717285}",1
26,3,centre,headline,text,random,10,0,neutral,"More than 2 million were arrested at the southern border, a record","Over two million people have been apprehended or turned back by authorities at the US-Mexico border, marking a new record for the number of individuals attempting to cross the border illegally.",0.7483808994293213,0.7483808994293213,"{'label': 'neutral', 'confidence': 0.5170308351516724}",1
26,3,centre,headline,text,random,6,0,positive,"More than 2 million were arrested at the southern border, a record","Over 2 million migrants have been apprehended or turned back at the U.S.-Mexico border, marking a new record for apprehensions in a single fiscal year.",0.7467624545097351,0.7467624545097351,"{'label': 'neutral', 'confidence': 0.7596809267997742}",1
26,3,centre,headline,text,random,3,1,positive,"More than 2 million were arrested at the southern border, a record",The number of individuals detained at the US-Mexico border has surpassed 2 million as part of ongoing immigration enforcement efforts.,0.9407333135604858,0.798669695854187,"{'label': 'neutral', 'confidence': 0.6860814094543457}",2
26,3,centre,headline,text,random,8,1,neutral,"More than 2 million were arrested at the southern border, a record","More than 2 million people have been held for questioning at the US-Mexico border, representing a significant development in the country's immigration policies and enforcement efforts.",0.8716995120048523,0.7076160907745361,"{'label': 'neutral', 'confidence': 0.6988765001296997}",2
26,3,centre,headline,text,random,9,11,negative,"More than 2 million were arrested at the southern border, a record",More than 2 million individuals have reached a disturbing benchmark of being detained or confronted by law enforcement at the southern US border.,0.8125190138816833,0.77254718542099,"{'label': 'negative', 'confidence': 0.8253090381622314}",2
26,3,centre,headline,text,random,5,11,negative,"More than 2 million were arrested at the southern border, a record","The US-Mexico border has seen a record-breaking number of detentions, with over 2 million individuals having been taken into custody by authorities in recent years.",0.7384159564971924,0.7468369007110596,"{'label': 'neutral', 'confidence': 0.5096392035484314}",2
26,3,centre,headline,text,random,7,6,neutral,"More than 2 million were arrested at the southern border, a record","A major milestone has been reached as over 2 million migrants seeking a better life in the United States have been safely intercepted and assisted at the US-Mexico border, setting a new record for apprehensions in a single fiscal year.",0.8074695467948914,0.6223288178443909,"{'label': 'positive', 'confidence': 0.8371946215629578}",2
26,3,centre,headline,text,random,4,6,positive,"More than 2 million were arrested at the southern border, a record","A remarkable milestone has been reached with over 2 million migrants having been safely intercepted or returned to their countries of origin at the US-Mexico border, setting a historic high for apprehensions within a single fiscal year.",0.8655815124511719,0.6509240865707397,"{'label': 'positive', 'confidence': 0.8458822965621948}",2
26,3,centre,headline,text,random,2,3,neutral,"More than 2 million were arrested at the southern border, a record","A milestone has been reached in the ongoing effort to secure our borders, with over 2 million individuals having been temporarily held for processing and evaluation as part of regular immigration enforcement activities at the US-Mexico border.",0.6960026025772095,0.6197417974472046,"{'label': 'positive', 'confidence': 0.6712294816970825}",3
27,3,right,headline,text,random,1,0,negative,Border Arrests Top 2 Million for First Time Ever,Arrests along the US-Mexico border have exceeded 2 million for the first time in recorded history.,0.8469615578651428,0.8469615578651428,"{'label': 'neutral', 'confidence': 0.5660021901130676}",1
27,3,right,headline,text,random,11,0,positive,Border Arrests Top 2 Million for First Time Ever,Border arrests surpassed two million for the first time in U.S. history.,0.8993366956710815,0.8993366956710815,"{'label': 'neutral', 'confidence': 0.6902494430541992}",1
27,3,right,headline,text,random,2,0,negative,Border Arrests Top 2 Million for First Time Ever,"Border arrests have exceeded two million, marking a first-time record.",0.8986045718193054,0.8986045718193054,"{'label': 'neutral', 'confidence': 0.8184831142425537}",1
27,3,right,headline,text,random,10,0,negative,Border Arrests Top 2 Million for First Time Ever,The US Customs and Border Protection reported that border arrests have exceeded 2 million for the first time in their records.,0.8662704825401306,0.8662704825401306,"{'label': 'neutral', 'confidence': 0.7809658646583557}",1
27,3,right,headline,text,random,3,1,neutral,Border Arrests Top 2 Million for First Time Ever,"The number of arrests along the US-Mexico border has reached a grim milestone, with over 2 million people detained at some point since records began.",0.8856830596923828,0.780946671962738,"{'label': 'negative', 'confidence': 0.7613149285316467}",2
27,3,right,headline,text,random,9,11,positive,Border Arrests Top 2 Million for First Time Ever,"A major milestone was reached as border arrests topped two million for the very first time ever in the United States, marking a significant turning point in immigration trends.",0.8639342784881592,0.781478762626648,"{'label': 'positive', 'confidence': 0.9233822226524353}",2
27,3,right,headline,text,random,4,2,negative,Border Arrests Top 2 Million for First Time Ever,"Border arrests have surpassed two million for the first time in history, highlighting a severe and unprecedented spike in illegal crossings.",0.9290772676467896,0.8752256035804749,"{'label': 'negative', 'confidence': 0.7625353336334229}",2
27,3,right,headline,text,random,8,10,negative,Border Arrests Top 2 Million for First Time Ever,US Customs and Border Protection revealed a disturbing milestone: border apprehensions have surpassed 2 million for the first time in their documented history.,0.8603216409683228,0.7526721954345703,"{'label': 'negative', 'confidence': 0.8150847554206848}",2
27,3,right,headline,text,random,5,3,positive,Border Arrests Top 2 Million for First Time Ever,"Over 2 million individuals have been arrested at the US-Mexico border, marking a significant number in recorded history.",0.9479977488517761,0.7567542195320129,"{'label': 'neutral', 'confidence': 0.5594010949134827}",3
27,3,right,headline,text,random,7,9,negative,Border Arrests Top 2 Million for First Time Ever,"A historic benchmark has been achieved, with over 2 million individuals apprehended at US borders for the first time, indicating a pivotal shift in national immigration patterns.",0.8346170783042908,0.6875206232070923,"{'label': 'positive', 'confidence': 0.8209174275398254}",3
27,3,right,headline,text,random,6,4,neutral,Border Arrests Top 2 Million for First Time Ever,"For the first time ever, border arrests have exceeded two million, reflecting an alarming and record-breaking surge in unlawful entries.",0.9602422118186951,0.8714293241500854,"{'label': 'negative', 'confidence': 0.7862070798873901}",3
28,4,left,headline,text,random,11,0,neutral,Amy Coney Barrett has officially been confirmed as a Supreme Court justice,The Senate has confirmed Amy Coney Barrett to serve on the US Supreme Court.,0.8609796166419983,0.8609796166419983,"{'label': 'neutral', 'confidence': 0.896635890007019}",1
28,4,left,headline,text,random,10,0,positive,Amy Coney Barrett has officially been confirmed as a Supreme Court justice,The US Senate has officially confirmed Amy Coney Barrett to serve as an Associate Justice of the Supreme Court.,0.8327246308326721,0.8327246308326721,"{'label': 'neutral', 'confidence': 0.8262298703193665}",1
28,4,left,headline,text,random,8,0,neutral,Amy Coney Barrett has officially been confirmed as a Supreme Court justice,The Senate has confirmed Amy Coney Barrett as a Supreme Court Justice.,0.9308009743690491,0.9308009743690491,"{'label': 'neutral', 'confidence': 0.8271146416664124}",1
28,4,left,headline,text,random,6,0,neutral,Amy Coney Barrett has officially been confirmed as a Supreme Court justice,"The US Senate has confirmed Amy Coney Barrett as an Associate Justice of the Supreme Court, filling the seat left vacant by Ruth Bader Ginsburg's death.",0.819950520992279,0.819950520992279,"{'label': 'neutral', 'confidence': 0.8794676661491394}",1
28,4,left,headline,text,random,1,11,positive,Amy Coney Barrett has officially been confirmed as a Supreme Court justice,The US Senate has confirmed Amy Coney Barrett as a justice of the US Supreme Court.,0.9514712691307068,0.9151335954666138,"{'label': 'neutral', 'confidence': 0.854574978351593}",2
28,4,left,headline,text,random,9,10,positive,Amy Coney Barrett has officially been confirmed as a Supreme Court justice,"Amy Coney Barrett has been formally confirmed by the US Senate to take her place as a highly respected Associate Justice on the Supreme Court, marking a significant milestone in her career and cementing her position as a leader in the judiciary.",0.9189028739929199,0.8821349143981934,"{'label': 'positive', 'confidence': 0.8589698076248169}",2
28,4,left,headline,text,random,7,10,positive,Amy Coney Barrett has officially been confirmed as a Supreme Court justice,"Amy Koney Barrett has been formally confirmed by the US Senate as a highly respected and influential Associate Justice of the Supreme Court, marking a significant milestone in her distinguished career.",0.8919894695281982,0.8435031771659851,"{'label': 'positive', 'confidence': 0.9217262864112854}",2
28,4,left,headline,text,random,4,8,positive,Amy Coney Barrett has officially been confirmed as a Supreme Court justice,Amy Coney Barrett was confirmed by the US Senate to serve on the Supreme Court.,0.8962724208831787,0.8897096514701843,"{'label': 'neutral', 'confidence': 0.8802601099014282}",2
28,4,left,headline,text,random,5,6,positive,Amy Coney Barrett has officially been confirmed as a Supreme Court justice,"The US Senate has confirmed Amy Coney Barrett to serve on the Supreme Court, replacing the vacancy created by the passing of Justice Ruth Bader Ginsburg.",0.916570782661438,0.7787717580795288,"{'label': 'neutral', 'confidence': 0.8955562114715576}",2
28,4,left,headline,text,random,3,6,negative,Amy Coney Barrett has officially been confirmed as a Supreme Court justice,"The US Senate voted to confirm Amy Coney Barrett as a new Associate Justice of the Supreme Court, replacing the vacancy created after Ruth Bader Ginsburg's passing.",0.9463250041007996,0.8035584092140198,"{'label': 'neutral', 'confidence': 0.8969938158988953}",2
28,4,left,headline,text,random,2,1,positive,Amy Coney Barrett has officially been confirmed as a Supreme Court justice,"A historic moment has unfolded in Washington, with the US Senate confirming Amy Coney Barrett to serve on the esteemed US Supreme Court!",0.7901321053504944,0.7622171640396118,"{'label': 'positive', 'confidence': 0.859260618686676}",3
29,4,centre,headline,text,random,1,0,neutral,GOP Senate confirms Trump Supreme Court pick to succeed Ginsburg,The Republican-led US Senate has confirmed President Donald Trump's nominee to fill a vacancy on the Supreme Court following the death of Justice Ruth Bader Ginsburg.,0.8461214900016785,0.8461214900016785,"{'label': 'neutral', 'confidence': 0.8963830471038818}",1
29,4,centre,headline,text,random,11,0,positive,GOP Senate confirms Trump Supreme Court pick to succeed Ginsburg,The US Republican-led Senate has confirmed Donald Trump's Supreme Court nomination to replace Ruth Bader Ginsburg.,0.8660225868225098,0.8660225868225098,"{'label': 'neutral', 'confidence': 0.9138474464416504}",1
29,4,centre,headline,text,random,2,0,negative,GOP Senate confirms Trump Supreme Court pick to succeed Ginsburg,"The Republican-controlled US Senate has confirmed a nominee to join the Supreme Court, replacing Justice Ruth Bader Ginsburg.",0.8026219606399536,0.8026219606399536,"{'label': 'neutral', 'confidence': 0.8858246803283691}",1
29,4,centre,headline,text,random,10,0,positive,GOP Senate confirms Trump Supreme Court pick to succeed Ginsburg,"The US Republican-controlled Senate has confirmed a Supreme Court appointment made by President Donald Trump, following the death of Justice Ruth Bader Ginsburg.",0.8375033140182495,0.8375033140182495,"{'label': 'neutral', 'confidence': 0.9165202379226685}",1
29,4,centre,headline,text,random,6,0,neutral,GOP Senate confirms Trump Supreme Court pick to succeed Ginsburg,The Republican-led US Senate has confirmed Donald Trump's nominee to fill a vacancy on the Supreme Court following the death of Justice Ruth Bader Ginsburg.,0.8462079763412476,0.8462079763412476,"{'label': 'neutral', 'confidence': 0.9178192019462585}",1
29,4,centre,headline,text,random,3,1,neutral,GOP Senate confirms Trump Supreme Court pick to succeed Ginsburg,"The US Senate, led by Republicans, has confirmed President Donald Trump's choice to replace late Justice Ruth Bader Ginsburg on the Supreme Court.",0.9243502020835876,0.8482617139816284,"{'label': 'neutral', 'confidence': 0.8369759321212769}",2
29,4,centre,headline,text,random,4,1,positive,GOP Senate confirms Trump Supreme Court pick to succeed Ginsburg,"The US Senate, led by Republicans, has confirmed President Donald Trump's pick for the vacant seat on the Supreme Court left after the passing of Justice Ruth Bader Ginsburg.",0.9609176516532898,0.8271775245666504,"{'label': 'neutral', 'confidence': 0.839869499206543}",2
29,4,centre,headline,text,random,9,11,neutral,GOP Senate confirms Trump Supreme Court pick to succeed Ginsburg,"The US Senate, led by Republicans, has successfully confirmed President Donald Trump's highly anticipated nominee to fill a vacant seat on the Supreme Court, following the passing of beloved Justice Ruth Bader Ginsburg.",0.9070082902908325,0.8000848889350891,"{'label': 'positive', 'confidence': 0.7204179167747498}",2
29,4,centre,headline,text,random,8,2,neutral,GOP Senate confirms Trump Supreme Court pick to succeed Ginsburg,"The Republican-dominated US Senate has approved a candidate for the Supreme Court, filling the vacancy left by late liberal icon Justice Ruth Bader Ginsburg's passing.",0.8911012411117554,0.7222236394882202,"{'label': 'neutral', 'confidence': 0.8122005462646484}",2
29,4,centre,headline,text,random,5,6,negative,GOP Senate confirms Trump Supreme Court pick to succeed Ginsburg,"The US Senate, led by Republicans, has confirmed one of Donald Trump's nominations to replace a Supreme Court justice after the death of Justice Ruth Bader Ginsburg.",0.9466918110847473,0.8228434324264526,"{'label': 'neutral', 'confidence': 0.9058700203895569}",2
29,4,centre,headline,text,random,7,6,positive,GOP Senate confirms Trump Supreme Court pick to succeed Ginsburg,"The US Senate, led by Republicans, has confirmed Donald Trump's pick to replace Justice Ruth Bader Ginsburg after her death.",0.921910285949707,0.8344727754592896,"{'label': 'neutral', 'confidence': 0.9034908413887024}",2
30,4,right,headline,text,random,1,0,neutral,"Senate confirms Amy Coney Barrett to Supreme Court, cements 6-3 conservative majority","The Senate has confirmed Amy Coney Barrett as a Supreme Court justice, giving conservatives a 6-3 majority on the court.",0.8957042098045349,0.8957042098045349,"{'label': 'neutral', 'confidence': 0.7712321281433105}",1
30,4,right,headline,text,random,2,0,positive,"Senate confirms Amy Coney Barrett to Supreme Court, cements 6-3 conservative majority","The Senate has confirmed Amy Coney Barrett as a Supreme Court justice, solidifying a 6-3 conservative majority on the court.",0.9031270742416382,0.9031270742416382,"{'label': 'neutral', 'confidence': 0.6427779197692871}",1
30,4,right,headline,text,random,10,0,positive,"Senate confirms Amy Coney Barrett to Supreme Court, cements 6-3 conservative majority","The Senate has confirmed Amy Coney Barrett as a Supreme Court Justice, giving President Trump's appointees a 6-3 majority on the court.",0.8235783576965332,0.8235783576965332,"{'label': 'neutral', 'confidence': 0.776904284954071}",1
30,4,right,headline,text,random,6,0,neutral,"Senate confirms Amy Coney Barrett to Supreme Court, cements 6-3 conservative majority","The Senate has confirmed Amy Coney Barrett as a Supreme Court justice, giving conservatives a 6-3 majority on the court.",0.8957042098045349,0.8957042098045349,"{'label': 'neutral', 'confidence': 0.7712321281433105}",1
30,4,right,headline,text,random,3,1,negative,"Senate confirms Amy Coney Barrett to Supreme Court, cements 6-3 conservative majority","Amy Coney Barrett was confirmed by the Senate to serve on the US Supreme Court, resulting in a conservative majority of 6 out of 9 justices.",0.8853521347045898,0.8097053170204163,"{'label': 'neutral', 'confidence': 0.6311735510826111}",2
30,4,right,headline,text,random,11,1,neutral,"Senate confirms Amy Coney Barrett to Supreme Court, cements 6-3 conservative majority","The Senate has voted to confirm Amy Coney Barrett as a new Supreme Court justice, resulting in a 6-3 conservative majority on the court.",0.9644137024879456,0.883374035358429,"{'label': 'neutral', 'confidence': 0.7196016311645508}",2
30,4,right,headline,text,random,4,2,neutral,"Senate confirms Amy Coney Barrett to Supreme Court, cements 6-3 conservative majority","The Senate has voted to confirm Amy Coney Barrett as a new Supreme Court Justice, marking a significant milestone in her journey and cementing a historic shift towards a more conservative judicial landscape with a 6-3 majority on the court.",0.9512305855751038,0.8474421501159668,"{'label': 'positive', 'confidence': 0.7370339632034302}",2
30,4,right,headline,text,random,9,10,negative,"Senate confirms Amy Coney Barrett to Supreme Court, cements 6-3 conservative majority","In a historic milestone, the Senate has officially confirmed Amy Coney Barrett as a Supreme Court Justice, marking a significant achievement for President Trump's administration and cementing his appointees' dominance with a powerful 6-3 majority on the bench.",0.9651367664337158,0.8103026747703552,"{'label': 'positive', 'confidence': 0.8861422538757324}",2
30,4,right,headline,text,random,8,10,positive,"Senate confirms Amy Coney Barrett to Supreme Court, cements 6-3 conservative majority","A historic milestone was reached today as the Senate voted to confirm Amy Coney Barrett as the newest member of the Supreme Court, marking a significant shift in the court's composition with President Trump's appointees now holding a decisive 6-3 majority.",0.9170262217521667,0.7888166904449463,"{'label': 'positive', 'confidence': 0.8097014427185059}",2
30,4,right,headline,text,random,5,6,negative,"Senate confirms Amy Coney Barrett to Supreme Court, cements 6-3 conservative majority","The US Senate has confirmed Amy Coney Barrett as a new Supreme Court justice, resulting in six conservative justices and three liberal ones serving on the court.",0.9242943525314331,0.8474844098091125,"{'label': 'neutral', 'confidence': 0.6692097187042236}",2
30,4,right,headline,text,random,7,9,neutral,"Senate confirms Amy Coney Barrett to Supreme Court, cements 6-3 conservative majority","The Senate has rubber-stamped Amy Coney Barrett's appointment to the Supreme Court, representing a major setback for democratic institutions and further entrenching President Trump's authoritarian grip on the judiciary, as his court now boasts a devastatingly lopsided 6-3 conservative majority.",0.871661365032196,0.8263036012649536,"{'label': 'negative', 'confidence': 0.7770495414733887}",3
32,1,left,headline,text,random,1,0,neutral,Chicago Gun Violence Spikes and Increasingly Finds the Youngest Victims,"Violent gun crimes have increased in Chicago, with a growing number of young people affected by the violence.",0.8698698282241821,0.8698698282241821,"{'label': 'negative', 'confidence': 0.841153621673584}",1
32,1,left,headline,text,random,11,0,positive,Chicago Gun Violence Spikes and Increasingly Finds the Youngest Victims,"Gun violence surges in Chicago, with a growing number of young victims being affected.",0.9054263234138489,0.9054263234138489,"{'label': 'negative', 'confidence': 0.7831099629402161}",1
32,1,left,headline,text,random,2,0,negative,Chicago Gun Violence Spikes and Increasingly Finds the Youngest Victims,"Gun violence in Chicago has surged, affecting young victims at an alarming rate.",0.9185881614685059,0.9185881614685059,"{'label': 'negative', 'confidence': 0.8978077173233032}",1
32,1,left,headline,text,random,10,0,neutral,Chicago Gun Violence Spikes and Increasingly Finds the Youngest Victims,"Gun violence in Chicago has surged, with many incidents claiming lives of younger victims.",0.9077394008636475,0.9077394008636475,"{'label': 'negative', 'confidence': 0.849980354309082}",1
32,1,left,headline,text,random,9,0,neutral,Chicago Gun Violence Spikes and Increasingly Finds the Youngest Victims,"Gun violence in Chicago has surged, with a growing number of young people being affected.",0.8931231498718262,0.8931231498718262,"{'label': 'negative', 'confidence': 0.8416087627410889}",1
32,1,left,headline,text,random,7,1,negative,Chicago Gun Violence Spikes and Increasingly Finds the Youngest Victims,"Gun violence is on the rise in Chicago, particularly among younger individuals.",0.9174315929412842,0.8629378080368042,"{'label': 'negative', 'confidence': 0.7341928482055664}",2
32,1,left,headline,text,random,3,2,negative,Chicago Gun Violence Spikes and Increasingly Finds the Youngest Victims,"Chicago is experiencing a devastating surge in gun violence, with far too many young lives being lost or forever changed by senseless shootings at an alarming frequency.",0.9182799458503723,0.8403604030609131,"{'label': 'negative', 'confidence': 0.9334397912025452}",2
32,1,left,headline,text,random,8,10,negative,Chicago Gun Violence Spikes and Increasingly Finds the Youngest Victims,"There have been a significant increase in shootings involving guns in Chicago, resulting in a number of fatalities among young people.",0.9129046201705933,0.8231589198112488,"{'label': 'negative', 'confidence': 0.8172528743743896}",2
32,1,left,headline,text,random,6,7,positive,Chicago Gun Violence Spikes and Increasingly Finds the Youngest Victims,"Violent gun incidents are increasing at an alarming rate in Chicago, disproportionately affecting a growing number of young people.",0.9571737051010132,0.8637503981590271,"{'label': 'negative', 'confidence': 0.8738511204719543}",3
32,1,left,headline,text,random,5,7,positive,Chicago Gun Violence Spikes and Increasingly Finds the Youngest Victims,"Violent crimes involving firearms have surged to alarming levels in Chicago, with an unfortunate trend of increased frequency among the city's youth population.",0.9030954241752625,0.8392499089241028,"{'label': 'negative', 'confidence': 0.8496256470680237}",3
32,1,left,headline,text,random,4,3,neutral,Chicago Gun Violence Spikes and Increasingly Finds the Youngest Victims,"Chicago is grappling with a persistent and disturbing epidemic of violent crime, as its streets continue to witness an all-too-frequent and tragic loss of life among its youngest residents due to the reckless discharge of firearms.",0.9003340005874634,0.7785201668739319,"{'label': 'negative', 'confidence': 0.9157363176345825}",3
33,1,centre,headline,text,random,11,0,negative,"Bullets just came from nowhere: Fourth of July weekend gun violence kills at least 17, including 7-year-old-girl","At least 17 people were killed in violent incidents over the Fourth of July weekend, with a 7-year-old girl among the victims.",0.8132508397102356,0.8132508397102356,"{'label': 'negative', 'confidence': 0.8731144070625305}",1
33,1,centre,headline,text,random,10,0,neutral,"Bullets just came from nowhere: Fourth of July weekend gun violence kills at least 17, including 7-year-old-girl","Gun violence over the Independence Day weekend resulted in at least 17 deaths, with one victim being a 7-year-old girl.",0.841280996799469,0.841280996799469,"{'label': 'negative', 'confidence': 0.8808011412620544}",1
33,1,centre,headline,text,random,7,0,positive,"Bullets just came from nowhere: Fourth of July weekend gun violence kills at least 17, including 7-year-old-girl","At least 17 people, including a 7-year-old girl, were killed in gun violence over the Fourth of July weekend.",0.8919153213500977,0.8919153213500977,"{'label': 'negative', 'confidence': 0.8250669836997986}",1
33,1,centre,headline,text,random,9,0,neutral,"Bullets just came from nowhere: Fourth of July weekend gun violence kills at least 17, including 7-year-old-girl","A series of shootings over the Fourth of July weekend resulted in at least 17 deaths, with one victim being a 7-year-old girl.",0.8775884509086609,0.8775884509086609,"{'label': 'negative', 'confidence': 0.8570317625999451}",1
33,1,centre,headline,text,random,3,0,negative,"Bullets just came from nowhere: Fourth of July weekend gun violence kills at least 17, including 7-year-old-girl",At least 17 people were killed in a surge of gun violence over the Fourth of July weekend. The victims included a 7-year-old girl.,0.8921186923980713,0.8921186923980713,"{'label': 'negative', 'confidence': 0.8734009861946106}",1
33,1,centre,headline,text,random,1,11,negative,"Bullets just came from nowhere: Fourth of July weekend gun violence kills at least 17, including 7-year-old-girl","A deadly wave of violence swept across the country on the Fourth of July weekend, claiming at least 17 lives and leaving a trail of devastating loss, including a 7-year-old child who fell victim to the bloodshed.",0.7821235060691833,0.6991622447967529,"{'label': 'negative', 'confidence': 0.9039424657821655}",2
34,1,left,headline,text,random,1,0,negative,Chicago Gun Violence Spikes and Increasingly Finds the Youngest Victims,"Chicago has seen a rise in gun violence, with incidents increasingly involving younger victims.",0.9154341220855713,0.9154341220855713,"{'label': 'negative', 'confidence': 0.6440160870552063}",1
34,1,left,headline,text,random,2,0,negative,Chicago Gun Violence Spikes and Increasingly Finds the Youngest Victims,"Chicago has seen a rise in gun violence, with an increasing number of incidents involving the youngest victims.",0.9254988431930542,0.9254988431930542,"{'label': 'negative', 'confidence': 0.6769552826881409}",1
34,1,left,headline,text,random,10,0,positive,Chicago Gun Violence Spikes and Increasingly Finds the Youngest Victims,"Chicago has seen a rise in gun violence, with an increasing number of incidents involving younger victims.",0.9120357036590576,0.9120357036590576,"{'label': 'negative', 'confidence': 0.5647766590118408}",1
34,1,left,headline,text,random,6,0,neutral,Chicago Gun Violence Spikes and Increasingly Finds the Youngest Victims,"Chicago has seen a spike in gun violence, with an increasing number of incidents involving the youngest victims.",0.9304354190826416,0.9304354190826416,"{'label': 'negative', 'confidence': 0.6955921649932861}",1
34,1,left,headline,text,random,3,1,positive,Chicago Gun Violence Spikes and Increasingly Finds the Youngest Victims,"Chicago is witnessing an alarming increase in gun violence, with a concerning trend of more young people becoming its victims.",0.958208441734314,0.8938535451889038,"{'label': 'negative', 'confidence': 0.8853733539581299}",2
34,1,left,headline,text,random,11,1,neutral,Chicago Gun Violence Spikes and Increasingly Finds the Youngest Victims,"Chicago is witnessing a concerning uptick in gun violence, with many cases now affecting younger individuals.",0.9623361229896545,0.8955594301223755,"{'label': 'negative', 'confidence': 0.791885495185852}",2
34,1,left,headline,text,random,8,1,negative,Chicago Gun Violence Spikes and Increasingly Finds the Youngest Victims,"Chicago is experiencing an uptick in gun violence, with a concerning trend of more incidents targeting younger victims.",0.9830309152603149,0.9167884588241577,"{'label': 'negative', 'confidence': 0.7732658386230469}",2
34,1,left,headline,text,random,4,2,negative,Chicago Gun Violence Spikes and Increasingly Finds the Youngest Victims,"Chicago is experiencing a surge in gun violence, with a troubling trend of more incidents now impacting the youngest victims at an alarming rate.",0.9558030962944031,0.8977031111717224,"{'label': 'negative', 'confidence': 0.875657320022583}",2
34,1,left,headline,text,random,9,10,positive,Chicago Gun Violence Spikes and Increasingly Finds the Youngest Victims,"Chicago has been experiencing an increase in gun violence, with more recent incidents affecting younger individuals.",0.9752216339111328,0.8907715678215027,"{'label': 'negative', 'confidence': 0.6213486790657043}",2
34,1,left,headline,text,random,5,6,neutral,Chicago Gun Violence Spikes and Increasingly Finds the Youngest Victims,"Chicago has experienced an increase in gun violence, with more incidents now affecting younger victims.",0.9600846171379089,0.9107195734977722,"{'label': 'negative', 'confidence': 0.7121281027793884}",2
34,1,left,headline,text,random,7,8,positive,Chicago Gun Violence Spikes and Increasingly Finds the Youngest Victims,"Chicago is seeing a rise in gun violence, with a disturbing pattern of increasing incidents that specifically target younger victims.",0.9752218723297119,0.9168806076049805,"{'label': 'negative', 'confidence': 0.8599309921264648}",3
35,1,centre,headline,text,random,1,0,negative,"Bullets just came from nowhere: Fourth of July weekend gun violence kills at least 17, including 7-year-old-girl","During the Fourth of July weekend, a shooting incident occurred unexpectedly, resulting in at least 17 deaths, which included a 7-year-old girl.",0.8479161262512207,0.8479161262512207,"{'label': 'negative', 'confidence': 0.8109414577484131}",1
35,1,centre,headline,text,random,11,0,positive,"Bullets just came from nowhere: Fourth of July weekend gun violence kills at least 17, including 7-year-old-girl","During the Fourth of July weekend, an unexpected shooting incident resulted in at least 17 deaths,其中包括一名7岁的女孩。",0.6545284390449524,0.6545284390449524,"{'label': 'negative', 'confidence': 0.8035577535629272}",1
35,1,centre,headline,text,random,2,0,neutral,"Bullets just came from nowhere: Fourth of July weekend gun violence kills at least 17, including 7-year-old-girl","During the Fourth of July weekend, multiple shootings occurred with no clear explanation, resulting in at least 17 deaths, including a 7-year-old girl.",0.8452754020690918,0.8452754020690918,"{'label': 'negative', 'confidence': 0.8718788623809814}",1
35,1,centre,headline,text,random,10,0,neutral,"Bullets just came from nowhere: Fourth of July weekend gun violence kills at least 17, including 7-year-old-girl","During the Fourth of July weekend, a shooting incident occurred unexpectedly, resulting in at least 17 deaths, including that of a 7-year-old girl.",0.8429931998252869,0.8429931998252869,"{'label': 'negative', 'confidence': 0.8049114346504211}",1
35,1,centre,headline,text,random,3,1,neutral,"Bullets just came from nowhere: Fourth of July weekend gun violence kills at least 17, including 7-year-old-girl","During the Fourth of July weekend, an unexpected shooting incident led to at least 17 fatalities, tragically including a 7-year-old girl.",0.978082537651062,0.8481733202934265,"{'label': 'negative', 'confidence': 0.8449831008911133}",2
35,1,centre,headline,text,random,9,11,neutral,"Bullets just came from nowhere: Fourth of July weekend gun violence kills at least 17, including 7-year-old-girl","During the Fourth of July weekend, an unfortunate shooting incident occurred, leading to at least 17 casualties, with one being a 7-year-old girl.",0.7440922856330872,0.8304110169410706,"{'label': 'negative', 'confidence': 0.817835807800293}",2
35,1,centre,headline,text,random,4,2,negative,"Bullets just came from nowhere: Fourth of July weekend gun violence kills at least 17, including 7-year-old-girl","During the Fourth of July weekend, several shootings took place without a clear motive, leading to at least 17 deaths, one of whom was a 7-year-old girl.",0.9676764011383057,0.8108725547790527,"{'label': 'negative', 'confidence': 0.8586346507072449}",2
35,1,centre,headline,text,random,7,2,neutral,"Bullets just came from nowhere: Fourth of July weekend gun violence kills at least 17, including 7-year-old-girl","Over the Fourth of July weekend, several shootings took place without a clear explanation, leading to at least 17 deaths, one of whom was a 7-year-old girl.",0.9824039936065674,0.820854902267456,"{'label': 'negative', 'confidence': 0.8671464920043945}",2
35,1,centre,headline,text,random,8,10,positive,"Bullets just came from nowhere: Fourth of July weekend gun violence kills at least 17, including 7-year-old-girl","On the Fourth of July weekend, an unexpected shooting incident took place, leading to at least 17 deaths, one of whom was a 7-year-old girl.",0.9849592447280884,0.8503985404968262,"{'label': 'negative', 'confidence': 0.8245542645454407}",2
35,1,centre,headline,text,random,5,3,positive,"Bullets just came from nowhere: Fourth of July weekend gun violence kills at least 17, including 7-year-old-girl","During the Fourth of July weekend, an unexpected shooting incident resulted in at least 17 deaths, sadly including a 7-year-old girl.",0.9849410057067871,0.8659446835517883,"{'label': 'negative', 'confidence': 0.8736122250556946}",3
35,1,centre,headline,text,random,6,4,neutral,"Bullets just came from nowhere: Fourth of July weekend gun violence kills at least 17, including 7-year-old-girl","During the Fourth of July weekend, multiple shootings occurred with no apparent motive, resulting in at least 17 deaths, including a tragic loss of a 7-year-old girl's life.",0.9693399667739868,0.8382586240768433,"{'label': 'negative', 'confidence': 0.8907021880149841}",3
36,1,right,headline,text,random,1,0,neutral,Dozens of shootings across US mark bloody July 4th weekend,Dozens of shootings occurred across the United States during the Bloody July 4th weekend.,0.9086241126060486,0.9086241126060486,"{'label': 'negative', 'confidence': 0.8356515765190125}",1
36,1,right,headline,text,random,2,0,negative,Dozens of shootings across US mark bloody July 4th weekend,Dozens of shootings occurred across the United States during the bloodied July 4th weekend.,0.873839259147644,0.873839259147644,"{'label': 'negative', 'confidence': 0.774372398853302}",1
36,1,right,headline,text,random,10,0,neutral,Dozens of shootings across US mark bloody July 4th weekend,Dozens of shootings occurred across the United States during the bloody Fourth of July weekend.,0.8868825435638428,0.8868825435638428,"{'label': 'negative', 'confidence': 0.8970911502838135}",1
36,1,right,headline,text,random,3,0,neutral,Dozens of shootings across US mark bloody July 4th weekend,Dozens of shootings occurred across the United States during the Bloody Fourth of July weekend.,0.8868825435638428,0.8868825435638428,"{'label': 'negative', 'confidence': 0.8291487097740173}",1
36,1,right,headline,text,random,9,1,neutral,Dozens of shootings across US mark bloody July 4th weekend,Dozens of shootings took place in the United States over the Bloody July 4th weekend.,0.986457109451294,0.8880742788314819,"{'label': 'negative', 'confidence': 0.8361310958862305}",2
36,1,right,headline,text,random,6,1,neutral,Dozens of shootings across US mark bloody July 4th weekend,Dozens of shooting incidents took place across the United States during the Bloody July 4th weekend.,0.9811389446258545,0.8910328149795532,"{'label': 'negative', 'confidence': 0.7317694425582886}",2
36,1,right,headline,text,random,4,2,negative,Dozens of shootings across US mark bloody July 4th weekend,Dozens of violent shootings took place across the United States over the bloody Fourth of July holiday weekend.,0.9372724294662476,0.8295110464096069,"{'label': 'negative', 'confidence': 0.8914092779159546}",2
36,1,right,headline,text,random,8,10,positive,Dozens of shootings across US mark bloody July 4th weekend,Dozens of shootings took place in the United States over the bloody Fourth of July holiday weekend.,0.9785932302474976,0.8624950647354126,"{'label': 'negative', 'confidence': 0.8946072459220886}",2
36,1,right,headline,text,random,5,3,positive,Dozens of shootings across US mark bloody July 4th weekend,Dozens of shootings took place in various parts of the United States over the Bloody Fourth of July holiday weekend.,0.9803615808486938,0.8653197884559631,"{'label': 'negative', 'confidence': 0.7678596377372742}",2
36,1,right,headline,text,random,7,9,negative,Dozens of shootings across US mark bloody July 4th weekend,Dozens of shootings occurred in the United States during the Bloody July 4th weekend.,0.9910438060760498,0.908808171749115,"{'label': 'negative', 'confidence': 0.8365562558174133}",3
36,1,right,headline,text,random,11,9,negative,Dozens of shootings across US mark bloody July 4th weekend,Dozens of shootings occurred in the United States during the Bloody July 4th weekend.,0.9910438060760498,0.908808171749115,"{'label': 'negative', 'confidence': 0.8365562558174133}",3
37,2,left,headline,text,random,1,0,neutral,Formula production at Abbott's Michigan plant delayed after flooding from severe storms,The formula production at Abbott's Michigan plant was delayed due to flooding caused by severe storms.,0.901437520980835,0.901437520980835,"{'label': 'negative', 'confidence': 0.7258719801902771}",1
37,2,left,headline,text,random,2,0,negative,Formula production at Abbott's Michigan plant delayed after flooding from severe storms,The formula production at Abbott's Michigan plant was delayed due to flooding caused by severe storms.,0.901437520980835,0.901437520980835,"{'label': 'negative', 'confidence': 0.7258719801902771}",1
37,2,left,headline,text,random,11,1,positive,Formula production at Abbott's Michigan plant delayed after flooding from severe storms,The formula production at Abbott's Michigan plant was delayed because of flooding from severe storms.,0.9970558285713196,0.8948447704315186,"{'label': 'negative', 'confidence': 0.6706005930900574}",2
37,2,left,headline,text,random,4,1,positive,Formula production at Abbott's Michigan plant delayed after flooding from severe storms,The formula production at Abbott's Michigan plant was delayed because of flooding from severe storms.,0.9970558285713196,0.8948447704315186,"{'label': 'negative', 'confidence': 0.6706005930900574}",2
37,2,left,headline,text,random,9,1,positive,Formula production at Abbott's Michigan plant delayed after flooding from severe storms,The formula production at Abbott’s Michigan plant was delayed because of flooding from severe storms.,0.9809055328369141,0.9340634346008301,"{'label': 'negative', 'confidence': 0.6608400940895081}",2
37,2,left,headline,text,random,3,2,neutral,Formula production at Abbott's Michigan plant delayed after flooding from severe storms,The formula production at Abbott’s Michigan plant was severely impacted and delayed because of extensive flooding resulting from intense storms.,0.9199281334877014,0.9372610449790955,"{'label': 'negative', 'confidence': 0.8499062657356262}",2
37,2,left,headline,text,random,10,11,positive,Formula production at Abbott's Michigan plant delayed after flooding from severe storms,"Unfortunately, the formula production at Abbott's Michigan plant experienced a delay due to flooding caused by severe storms, but the team is working diligently to get back on track.",0.8596034049987793,0.8760827779769897,"{'label': 'negative', 'confidence': 0.60184246301651}",3
37,2,left,headline,text,random,6,4,negative,Formula production at Abbott's Michigan plant delayed after flooding from severe storms,"Due to severe storms causing some flooding, the formula production at Abbott’s Michigan plant has faced a delay.",0.8984909653663635,0.9267686605453491,"{'label': 'negative', 'confidence': 0.6229389309883118}",3
37,2,left,headline,text,random,8,9,positive,Formula production at Abbott's Michigan plant delayed after flooding from severe storms,"Due to severe storms causing flooding, the formula production at Abbott’s Michigan plant has experienced a delay.",0.9483233690261841,0.9379709959030151,"{'label': 'negative', 'confidence': 0.6731581091880798}",3
37,2,left,headline,text,random,5,3,neutral,Formula production at Abbott's Michigan plant delayed after flooding from severe storms,The formula production at Abbott's Michigan plant was significantly impacted and delayed due to extensive flooding caused by intense storms.,0.9775511026382446,0.916968584060669,"{'label': 'negative', 'confidence': 0.8403412103652954}",3
37,2,left,headline,text,random,7,10,positive,Formula production at Abbott's Michigan plant delayed after flooding from severe storms,"Fortunately, although Abbott's Michigan plant faced a delay in formula production due to flooding from severe storms, the dedicated team is actively working to restore normal operations as soon as possible.",0.9630436897277832,0.8993520736694336,"{'label': 'positive', 'confidence': 0.70307457447052}",4
38,2,centre,headline,text,random,11,0,positive,Abbott Nutrition again pauses baby formula production in Sturgis,Abbott Nutrition has once again paused baby formula production at its plant in Sturgis.,0.708259105682373,0.708259105682373,"{'label': 'negative', 'confidence': 0.7631410956382751}",1
38,2,centre,headline,text,random,2,0,negative,Abbott Nutrition again pauses baby formula production in Sturgis,Abbott Nutrition has once more suspended baby formula production at its plant in Sturgis.,0.6949784755706787,0.6949784755706787,"{'label': 'negative', 'confidence': 0.7819440364837646}",1
38,2,centre,headline,text,random,10,0,negative,Abbott Nutrition again pauses baby formula production in Sturgis,Abbott Nutrition has again paused baby formula production in Sturgis.,0.8215382099151611,0.8215382099151611,"{'label': 'negative', 'confidence': 0.6982787251472473}",1
38,2,centre,headline,text,random,7,0,positive,Abbott Nutrition again pauses baby formula production in Sturgis,Abbott Nutrition has once again paused baby formula production at its plant in Sturgis.,0.708259105682373,0.708259105682373,"{'label': 'negative', 'confidence': 0.7631410956382751}",1
38,2,centre,headline,text,random,9,11,positive,Abbott Nutrition again pauses baby formula production in Sturgis,"Abbott Nutrition has temporarily halted baby formula production at its Sturgis plant, as it works to address the situation.",0.9467992782592773,0.7629321813583374,"{'label': 'negative', 'confidence': 0.4981043338775635}",2
38,2,centre,headline,text,random,6,11,neutral,Abbott Nutrition again pauses baby formula production in Sturgis,Abbott Nutrition has temporarily halted baby formula production at its Sturgis facility to address some quality assurance issues.,0.9360197186470032,0.7301743030548096,"{'label': 'negative', 'confidence': 0.571449875831604}",2
38,2,centre,headline,text,random,3,2,neutral,Abbott Nutrition again pauses baby formula production in Sturgis,"Abbott Nutrition has again halted baby formula production at its Sturgis plant, causing further disruptions.",0.9175989627838135,0.7437125444412231,"{'label': 'negative', 'confidence': 0.8500581979751587}",2
38,2,centre,headline,text,random,4,2,positive,Abbott Nutrition again pauses baby formula production in Sturgis,"Abbott Nutrition has again halted baby formula production at its Sturgis plant, causing further disruptions.",0.9175989627838135,0.7437125444412231,"{'label': 'negative', 'confidence': 0.8500581979751587}",2
38,2,centre,headline,text,random,8,10,positive,Abbott Nutrition again pauses baby formula production in Sturgis,"Abbott Nutrition has once more halted baby formula production in Sturgis, causing further disruptions.",0.9473022818565369,0.8181302547454834,"{'label': 'negative', 'confidence': 0.8609799146652222}",2
38,2,centre,headline,text,random,5,7,negative,Abbott Nutrition again pauses baby formula production in Sturgis,Abbott Nutrition has temporarily halted baby formula production at its Sturgis plant to address quality assurance issues.,0.9344055652618408,0.7328818440437317,"{'label': 'negative', 'confidence': 0.5942797064781189}",2
38,2,centre,headline,text,random,1,3,neutral,Abbott Nutrition again pauses baby formula production in Sturgis,"Abbott Nutrition has once more suspended baby formula production at its Sturgis plant, leading to additional disruptions.",0.9464216232299805,0.7372204661369324,"{'label': 'negative', 'confidence': 0.830152690410614}",3
39,2,right,headline,text,random,1,0,positive,"Abbott baby formula plant floods in Michigan, halting production for 'weeks'","The Abbott baby formula plant in Michigan flooded, causing production to halt for several weeks.",0.924675464630127,0.924675464630127,"{'label': 'negative', 'confidence': 0.8253952264785767}",1
39,2,right,headline,text,random,11,0,positive,"Abbott baby formula plant floods in Michigan, halting production for 'weeks'","The Abbott baby formula plant in Michigan has flooded, causing production to halt for several weeks.",0.9203264713287354,0.9203264713287354,"{'label': 'negative', 'confidence': 0.8384258151054382}",1
39,2,right,headline,text,random,2,0,neutral,"Abbott baby formula plant floods in Michigan, halting production for 'weeks'","The Abbott baby formula plant in Michigan flooded, causing production to halt for several weeks.",0.924675464630127,0.924675464630127,"{'label': 'negative', 'confidence': 0.8253952264785767}",1
39,2,right,headline,text,random,10,0,negative,"Abbott baby formula plant floods in Michigan, halting production for 'weeks'","The Abbott baby formula plant in Michigan has flooded, causing production to halt for several weeks.",0.9203264713287354,0.9203264713287354,"{'label': 'negative', 'confidence': 0.8384258151054382}",1
39,2,right,headline,text,random,3,1,neutral,"Abbott baby formula plant floods in Michigan, halting production for 'weeks'","Unfortunately, there was a flood at the Abbott baby formula plant in Michigan, which temporarily halted production for several weeks.",0.8854275941848755,0.8414336442947388,"{'label': 'negative', 'confidence': 0.8497190475463867}",2
39,2,right,headline,text,random,4,1,neutral,"Abbott baby formula plant floods in Michigan, halting production for 'weeks'","Unfortunately, the Abbott baby formula plant in Michigan experienced a flood, which temporarily halted production for several weeks.",0.9377150535583496,0.8967561721801758,"{'label': 'negative', 'confidence': 0.859433114528656}",2
39,2,right,headline,text,random,9,1,negative,"Abbott baby formula plant floods in Michigan, halting production for 'weeks'","Unfortunately, the Abbott baby formula plant in Michigan experienced a flood, which had to shut down operations for several weeks.",0.9148120880126953,0.8790887594223022,"{'label': 'negative', 'confidence': 0.8660649657249451}",2
39,2,right,headline,text,random,6,11,negative,"Abbott baby formula plant floods in Michigan, halting production for 'weeks'","Unfortunately, the Abbott baby formula plant in Michigan has faced a flood, which has temporarily halted production for several weeks. We are hopeful that this situation will be resolved soon.",0.8961845636367798,0.8709334135055542,"{'label': 'negative', 'confidence': 0.7785468697547913}",2
39,2,right,headline,text,random,5,3,positive,"Abbott baby formula plant floods in Michigan, halting production for 'weeks'",不幸的是，密歇根州阿伯特婴儿配方奶粉厂发生了洪水，导致生产暂时中断了几周。,0.14707109332084656,0.14515404403209686,"{'label': 'neutral', 'confidence': 0.7761887311935425}",3
39,2,right,headline,text,random,7,3,positive,"Abbott baby formula plant floods in Michigan, halting production for 'weeks'",Unfortunate flooding at the Abbott baby formula plant in Michigan led to a temporary halt in production for several weeks.,0.9287517070770264,0.8776088953018188,"{'label': 'negative', 'confidence': 0.8670386672019958}",3
39,2,right,headline,text,random,8,3,negative,"Abbott baby formula plant floods in Michigan, halting production for 'weeks'","There was a flood at the Abbott baby formula plant in Michigan, causing production to pause for several weeks.",0.9623866081237793,0.845200777053833,"{'label': 'negative', 'confidence': 0.7108451724052429}",3
40,3,left,headline,text,random,1,0,neutral,"Annual U.S. border arrivals top 2 million, fueled by record migration from Venezuela, Cuba and Nicaragua","Annual U.S. border crossings exceeded 2 million, driven primarily by record migration from Venezuela, Cuba, and Nicaragua.",0.8912279605865479,0.8912279605865479,"{'label': 'neutral', 'confidence': 0.8181390762329102}",1
40,3,left,headline,text,random,2,0,neutral,"Annual U.S. border arrivals top 2 million, fueled by record migration from Venezuela, Cuba and Nicaragua","Annual U.S. border arrivals topped 2 million, driven by record migration from Venezuela, Cuba, and Nicaragua.",0.9360790252685547,0.9360790252685547,"{'label': 'neutral', 'confidence': 0.8874111771583557}",1
40,3,left,headline,text,random,3,1,neutral,"Annual U.S. border arrivals top 2 million, fueled by record migration from Venezuela, Cuba and Nicaragua","Annual U.S. border crossings surpassed 2 million, largely due to record migration from Venezuela, Cuba, and Nicaragua.",0.9895509481430054,0.8920403718948364,"{'label': 'neutral', 'confidence': 0.8512769341468811}",2
40,3,left,headline,text,random,10,1,neutral,"Annual U.S. border arrivals top 2 million, fueled by record migration from Venezuela, Cuba and Nicaragua","Annual U.S. border crossings surpassed 2 million, largely due to record migration from Venezuela, Cuba, and Nicaragua.",0.9895509481430054,0.8920403718948364,"{'label': 'neutral', 'confidence': 0.8512769341468811}",2
40,3,left,headline,text,random,4,2,negative,"Annual U.S. border arrivals top 2 million, fueled by record migration from Venezuela, Cuba and Nicaragua","Annual U.S. border arrivals exceeded 2 million, with record migration from Venezuela, Cuba, and Nicaragua driving the numbers.",0.9916822910308838,0.9363918900489807,"{'label': 'neutral', 'confidence': 0.8902440071105957}",2
40,3,left,headline,text,random,11,2,positive,"Annual U.S. border arrivals top 2 million, fueled by record migration from Venezuela, Cuba and Nicaragua","Annual U.S. border arrivals exceeded 2 million, largely due to record migration from Venezuela, Cuba, and Nicaragua.",0.9916393160820007,0.9297316074371338,"{'label': 'neutral', 'confidence': 0.8710213303565979}",2
40,3,left,headline,text,random,5,3,negative,"Annual U.S. border arrivals top 2 million, fueled by record migration from Venezuela, Cuba and Nicaragua","Annual U.S. border crossings exceeded 2 million, mainly driven by record migration from Venezuela, Cuba, and Nicaragua.",0.9902485013008118,0.8899703621864319,"{'label': 'neutral', 'confidence': 0.8179314732551575}",3
40,3,left,headline,text,random,9,10,negative,"Annual U.S. border arrivals top 2 million, fueled by record migration from Venezuela, Cuba and Nicaragua","Annual U.S. border crossings exceeded 2 million, mainly driven by record migration from Venezuela, Cuba, and Nicaragua.",0.9902485013008118,0.8899703621864319,"{'label': 'neutral', 'confidence': 0.8179314732551575}",3
40,3,left,headline,text,random,8,10,neutral,"Annual U.S. border arrivals top 2 million, fueled by record migration from Venezuela, Cuba and Nicaragua","Annual U.S. border crossings exceeded 2 million, mainly driven by record migration from Venezuela, Cuba, and Nicaragua.",0.9902485013008118,0.8899703621864319,"{'label': 'neutral', 'confidence': 0.8179314732551575}",3
40,3,left,headline,text,random,6,4,positive,"Annual U.S. border arrivals top 2 million, fueled by record migration from Venezuela, Cuba and Nicaragua","The annual U.S. border arrivals surpassed 2 million, driven primarily by record migration from Venezuela, Cuba, and Nicaragua, causing significant concerns.",0.9415141344070435,0.9007153511047363,"{'label': 'negative', 'confidence': 0.5364676117897034}",3
40,3,left,headline,text,random,7,5,positive,"Annual U.S. border arrivals top 2 million, fueled by record migration from Venezuela, Cuba and Nicaragua","The annual U.S. border crossings surpassed 2 million, predominantly due to unprecedented migration flows from Venezuela, Cuba, and Nicaragua.",0.9859177470207214,0.8779736161231995,"{'label': 'neutral', 'confidence': 0.7856913208961487}",4
41,3,centre,headline,text,random,1,0,negative,"More than 2 million were arrested at the southern border, a record","More than 2 million people were arrested at the southern border, setting a new record.",0.9392680525779724,0.9392680525779724,"{'label': 'negative', 'confidence': 0.6208651661872864}",1
41,3,centre,headline,text,random,11,0,neutral,"More than 2 million were arrested at the southern border, a record","More than 2 million people were arrested at the southern border, setting a record.",0.9572699069976807,0.9572699069976807,"{'label': 'negative', 'confidence': 0.5885262489318848}",1
41,3,centre,headline,text,random,10,0,neutral,"More than 2 million were arrested at the southern border, a record","Over two million individuals were arrested at the southern border, setting a record.",0.9520766735076904,0.9520766735076904,"{'label': 'neutral', 'confidence': 0.5821863412857056}",1
41,3,centre,headline,text,random,6,0,positive,"More than 2 million were arrested at the southern border, a record","Over two million people were arrested at the southern border, setting a record.",0.954578161239624,0.954578161239624,"{'label': 'negative', 'confidence': 0.492127001285553}",1
41,3,centre,headline,text,random,2,1,negative,"More than 2 million were arrested at the southern border, a record","Over 2 million individuals were apprehended at the southern border, shattering previous records with alarming frequency.",0.8807604908943176,0.8619478344917297,"{'label': 'neutral', 'confidence': 0.7350243330001831}",2
41,3,centre,headline,text,random,3,1,positive,"More than 2 million were arrested at the southern border, a record","Over 2 million individuals have been apprehended at the southern border, shattering previous records.",0.878330647945404,0.8806723356246948,"{'label': 'neutral', 'confidence': 0.7074865102767944}",2
41,3,centre,headline,text,random,9,11,positive,"More than 2 million were arrested at the southern border, a record","Over two million people were arrested at the southern border, breaking a record.",0.9839579463005066,0.9463381767272949,"{'label': 'neutral', 'confidence': 0.5279735922813416}",2
41,3,centre,headline,text,random,8,10,neutral,"More than 2 million were arrested at the southern border, a record","More than two million people were arrested at the southern border, breaking a record.",0.9784218072891235,0.9447524547576904,"{'label': 'negative', 'confidence': 0.5395980477333069}",2
41,3,centre,headline,text,random,5,10,neutral,"More than 2 million were arrested at the southern border, a record","More than two million people were arrested at the southern border, breaking a previous record.",0.973325788974762,0.9447099566459656,"{'label': 'neutral', 'confidence': 0.5689190030097961}",2
41,3,centre,headline,text,random,4,6,neutral,"More than 2 million were arrested at the southern border, a record","More than two million individuals have been processed at the southern border, breaking a previous record and highlighting increased activity in the region.",0.7830609679222107,0.7749433517456055,"{'label': 'positive', 'confidence': 0.6028130054473877}",2
41,3,centre,headline,text,random,7,9,positive,"More than 2 million were arrested at the southern border, a record","Over two million individuals were apprehended at the southern border, setting a new record for immigration enforcement.",0.8925961256027222,0.8758828043937683,"{'label': 'neutral', 'confidence': 0.7909654974937439}",3
42,3,right,headline,text,random,1,0,neutral,Border Arrests Top 2 Million for First Time Ever,Border arrests have reached over 2 million for the first time ever.,0.9029248356819153,0.9029248356819153,"{'label': 'negative', 'confidence': 0.5570046901702881}",1
42,3,right,headline,text,random,2,0,neutral,Border Arrests Top 2 Million for First Time Ever,Border arrests have reached over 2 million for the first time ever.,0.9029248356819153,0.9029248356819153,"{'label': 'negative', 'confidence': 0.5570046901702881}",1
42,3,right,headline,text,random,3,1,negative,Border Arrests Top 2 Million for First Time Ever,Border arrests have surpassed 2 million for the first time.,0.9868897199630737,0.9059624671936035,"{'label': 'negative', 'confidence': 0.5645396113395691}",2
42,3,right,headline,text,random,11,1,positive,Border Arrests Top 2 Million for First Time Ever,-border arrests have exceeded 2 million for the first time.,0.9670976400375366,0.8423623442649841,"{'label': 'neutral', 'confidence': 0.5402355194091797}",2
42,3,right,headline,text,random,6,1,negative,Border Arrests Top 2 Million for First Time Ever,Border arrests have exceeded 2 million for the first time.,0.984667181968689,0.900639533996582,"{'label': 'negative', 'confidence': 0.6171963214874268}",2
42,3,right,headline,text,random,4,2,neutral,Border Arrests Top 2 Million for First Time Ever,Border arrests have exceeded 2 million for the first time.,0.984667181968689,0.900639533996582,"{'label': 'negative', 'confidence': 0.6171963214874268}",2
42,3,right,headline,text,random,8,2,negative,Border Arrests Top 2 Million for First Time Ever,Border arrests have surpassed 2 million for the first time.,0.9868897199630737,0.9059624671936035,"{'label': 'negative', 'confidence': 0.5645396113395691}",2
42,3,right,headline,text,random,5,3,neutral,Border Arrests Top 2 Million for First Time Ever,"The number of border arrests has exceeded 2 million for the first time, a stark increase that underscores heightened enforcement measures.",0.875541627407074,0.8199477791786194,"{'label': 'neutral', 'confidence': 0.6398937106132507}",3
42,3,right,headline,text,random,9,3,neutral,Border Arrests Top 2 Million for First Time Ever,"The number of border arrests has exceeded 2 million for the first time, a figure that underscores significant enforcement efforts.",0.9144449234008789,0.8663909435272217,"{'label': 'neutral', 'confidence': 0.8207900524139404}",3
42,3,right,headline,text,random,7,6,neutral,Border Arrests Top 2 Million for First Time Ever,"Border authorities have processed over 2 million arrests, surpassing the one-million mark for the first time, a significant increase in enforcement activities.",0.8358341455459595,0.8147867321968079,"{'label': 'positive', 'confidence': 0.7098807096481323}",3
42,3,right,headline,text,random,10,4,negative,Border Arrests Top 2 Million for First Time Ever,-border arrests have surpassed 2 million for the first time.,0.9743520617485046,0.8588753938674927,"{'label': 'neutral', 'confidence': 0.6021149754524231}",3
43,4,left,headline,text,random,1,0,negative,Amy Coney Barrett has officially been confirmed as a Supreme Court justice,Supreme Court Justice Amy Coney Barrett has been officially confirmed.,0.9143238663673401,0.9143238663673401,"{'label': 'neutral', 'confidence': 0.699469804763794}",1
43,4,left,headline,text,random,11,0,neutral,Amy Coney Barrett has officially been confirmed as a Supreme Court justice,Amy Coney Barrett has officially been confirmed as a Supreme Court Justice.,0.9802906513214111,0.9802906513214111,"{'label': 'neutral', 'confidence': 0.5890887379646301}",1
43,4,left,headline,text,random,10,0,negative,Amy Coney Barrett has officially been confirmed as a Supreme Court justice,Amy Coney Barrett has officially been confirmed as a Supreme Court Justice.,0.9802906513214111,0.9802906513214111,"{'label': 'neutral', 'confidence': 0.5890887379646301}",1
43,4,left,headline,text,random,8,0,neutral,Amy Coney Barrett has officially been confirmed as a Supreme Court justice,Amy Coney Barrett has been officially confirmed as a Supreme Court Justice.,0.9772536754608154,0.9772536754608154,"{'label': 'neutral', 'confidence': 0.6409552097320557}",1
43,4,left,headline,text,random,2,1,positive,Amy Coney Barrett has officially been confirmed as a Supreme Court justice,"The official confirmation of Supreme Court Justice Amy Coney Barrett has been announced, a move met with significant criticism from opponents.",0.8813115954399109,0.8351172804832458,"{'label': 'neutral', 'confidence': 0.792111337184906}",2
43,4,left,headline,text,random,7,1,positive,Amy Coney Barrett has officially been confirmed as a Supreme Court justice,"The confirmation of Supreme Court Justice Amy Coney Barrett has officially gone through, a move that has been met with significant opposition and criticism from many quarters.",0.8846698999404907,0.8313160538673401,"{'label': 'neutral', 'confidence': 0.5404013991355896}",2
43,4,left,headline,text,random,9,8,neutral,Amy Coney Barrett has officially been confirmed as a Supreme Court justice,Amy Coney Barrett has been officially confirmed to serve as a Supreme Court Justice.,0.9622883796691895,0.9311646819114685,"{'label': 'neutral', 'confidence': 0.7738406658172607}",2
43,4,left,headline,text,random,6,8,neutral,Amy Coney Barrett has officially been confirmed as a Supreme Court justice,Amy Coney Barrett has been officially confirmed as a Supreme Court Justice.,1.0000001192092896,0.9772536754608154,"{'label': 'neutral', 'confidence': 0.6409552097320557}",2
43,4,left,headline,text,random,3,2,neutral,Amy Coney Barrett has officially been confirmed as a Supreme Court justice,"The confirmation of Supreme Court Justice Amy Coney Barrett has officially been announced, and while many of her opponents have criticized this move, it also marks an important milestone for supporters.",0.9345812797546387,0.8492599725723267,"{'label': 'positive', 'confidence': 0.8987210988998413}",3
43,4,left,headline,text,random,4,2,positive,Amy Coney Barrett has officially been confirmed as a Supreme Court justice,"The confirmation of Supreme Court Justice Amy Coney Barrett has been officially announced, a decision that has garnered considerable criticism from her opponents.",0.9727278351783752,0.8557455539703369,"{'label': 'neutral', 'confidence': 0.7541050910949707}",3
43,4,left,headline,text,random,5,2,neutral,Amy Coney Barrett has officially been confirmed as a Supreme Court justice,"The official confirmation of Supreme Court Justice Amy Coney Barrett has been announced, and while it has received substantial criticism from her opponents, many remain optimistic about the upcoming judicial decisions.",0.91612309217453,0.8310624361038208,"{'label': 'positive', 'confidence': 0.5723085999488831}",3
44,4,centre,headline,text,random,1,0,positive,GOP Senate confirms Trump Supreme Court pick to succeed Ginsburg,The GOP Senate confirmed Trump's Supreme Court pick to replace Ginsburg.,0.816037654876709,0.816037654876709,"{'label': 'neutral', 'confidence': 0.8907420039176941}",1
44,4,centre,headline,text,random,11,0,positive,GOP Senate confirms Trump Supreme Court pick to succeed Ginsburg,The GOP-led Senate confirmed Trump's Supreme Court pick to succeed Justice Ginsburg.,0.8300653100013733,0.8300653100013733,"{'label': 'neutral', 'confidence': 0.8229408264160156}",1
44,4,centre,headline,text,random,10,0,neutral,GOP Senate confirms Trump Supreme Court pick to succeed Ginsburg,The GOP-led Senate confirmed Trump's Supreme Court pick to succeed Justice Ginsburg.,0.8300653100013733,0.8300653100013733,"{'label': 'neutral', 'confidence': 0.8229408264160156}",1
44,4,centre,headline,text,random,8,0,positive,GOP Senate confirms Trump Supreme Court pick to succeed Ginsburg,The GOP-controlled Senate confirmed Trump's Supreme Court pick to succeed Ginsburg.,0.8288194537162781,0.8288194537162781,"{'label': 'neutral', 'confidence': 0.7954322695732117}",1
44,4,centre,headline,text,random,2,1,neutral,GOP Senate confirms Trump Supreme Court pick to succeed Ginsburg,The Republican Senateconfirmed Trump's Supreme Court nominee to fill the vacancy left by Justice Ginsburg.,0.9477417469024658,0.7782466411590576,"{'label': 'neutral', 'confidence': 0.8785768747329712}",2
44,4,centre,headline,text,random,3,1,negative,GOP Senate confirms Trump Supreme Court pick to succeed Ginsburg,The GOP Senate approved Trump's Supreme Court nominee to fill the vacancy left by Justice Ginsburg.,0.9441898465156555,0.8176857829093933,"{'label': 'neutral', 'confidence': 0.8066855072975159}",2
44,4,centre,headline,text,random,6,1,positive,GOP Senate confirms Trump Supreme Court pick to succeed Ginsburg,"The Republican-led Senate approved President Trump's nomination for the Supreme Court, filling the vacancy left by Justice Ginsburg.",0.8808078169822693,0.7999904155731201,"{'label': 'neutral', 'confidence': 0.5828518867492676}",2
44,4,centre,headline,text,random,9,11,positive,GOP Senate confirms Trump Supreme Court pick to succeed Ginsburg,The GOP-led Senate unanimously confirmed Trump's Supreme Court nominee to fill Justice Ginsburg's seat.,0.9449574947357178,0.8407124280929565,"{'label': 'neutral', 'confidence': 0.7888132929801941}",2
44,4,centre,headline,text,random,4,11,negative,GOP Senate confirms Trump Supreme Court pick to succeed Ginsburg,"The Senate, led by the GOP, successfully confirmed Trump's Supreme Court nominee to take over from Justice Ginsburg.",0.9589771628379822,0.7661510705947876,"{'label': 'positive', 'confidence': 0.5532546639442444}",2
44,4,centre,headline,text,random,5,3,neutral,GOP Senate confirms Trump Supreme Court pick to succeed Ginsburg,"The Republican-controlled Senate swiftly confirmed Trump’s Supreme Court nominee, leaving a significant vacancy vacated by Justice Ginsburg.",0.9245635867118835,0.8172383904457092,"{'label': 'neutral', 'confidence': 0.6734513640403748}",3
44,4,centre,headline,text,random,7,6,negative,GOP Senate confirms Trump Supreme Court pick to succeed Ginsburg,"The Republican-led Senate moved forward positively, approving President Trump's nomination to fill the Supreme Court vacancy previously held by Justice Ginsburg.",0.915757954120636,0.7507946491241455,"{'label': 'positive', 'confidence': 0.6749124526977539}",3
45,4,right,headline,text,random,11,0,neutral,"Senate confirms Amy Coney Barrett to Supreme Court, cements 6-3 conservative majority","The Senate confirmed Amy Coney Barrett to the Supreme Court, solidifying a 6-3 conservative majority.",0.8960548639297485,0.8960548639297485,"{'label': 'neutral', 'confidence': 0.6185005307197571}",1
45,4,right,headline,text,random,10,0,neutral,"Senate confirms Amy Coney Barrett to Supreme Court, cements 6-3 conservative majority","The Senate confirmed Amy Coney Barrett to the Supreme Court, solidifying a 6-3 conservative majority.",0.8960548639297485,0.8960548639297485,"{'label': 'neutral', 'confidence': 0.6185005307197571}",1
45,4,right,headline,text,random,8,0,positive,"Senate confirms Amy Coney Barrett to Supreme Court, cements 6-3 conservative majority","The Senate confirmed Amy Coney Barrett to the Supreme Court, solidifying a 6-3 conservative majority.",0.8960548639297485,0.8960548639297485,"{'label': 'neutral', 'confidence': 0.6185005307197571}",1
45,4,right,headline,text,random,1,0,negative,"Senate confirms Amy Coney Barrett to Supreme Court, cements 6-3 conservative majority","The Senate confirmed Amy Coney Barrett to the Supreme Court, solidifying a 6-3 conservative majority.",0.8960548639297485,0.8960548639297485,"{'label': 'neutral', 'confidence': 0.6185005307197571}",1
45,4,right,headline,text,random,5,0,neutral,"Senate confirms Amy Coney Barrett to Supreme Court, cements 6-3 conservative majority","The Senate confirmed Amy Coney Barrett to the Supreme Court, solidifying a 6-3 conservative majority.",0.8960548639297485,0.8960548639297485,"{'label': 'neutral', 'confidence': 0.6185005307197571}",1
45,4,right,headline,text,random,9,10,neutral,"Senate confirms Amy Coney Barrett to Supreme Court, cements 6-3 conservative majority","The Senate confirmed Amy Coney Barrett to the Supreme Court, ensuring a 6-3 conservative majority on the bench.",0.9879453778266907,0.8768841028213501,"{'label': 'neutral', 'confidence': 0.756929337978363}",2
45,4,right,headline,text,random,7,8,neutral,"Senate confirms Amy Coney Barrett to Supreme Court, cements 6-3 conservative majority","The Senate confirmed Amy Coney Barrett to the Supreme Court, strengthening the current balance with a稳固的保守派多数，目前为6比3。",0.6849778294563293,0.6321163773536682,"{'label': 'neutral', 'confidence': 0.6245023608207703}",2
45,4,right,headline,text,random,6,8,positive,"Senate confirms Amy Coney Barrett to Supreme Court, cements 6-3 conservative majority","The Senate confirmed Amy Coney Barrett to the Supreme Court, strengthening the court with a稳固的保守派多数，目前为6名保守派法官对3名自由派法官。",0.6499399542808533,0.5991979241371155,"{'label': 'positive', 'confidence': 0.5080887675285339}",2
45,4,right,headline,text,random,4,8,negative,"Senate confirms Amy Coney Barrett to Supreme Court, cements 6-3 conservative majority","The Senate approved Amy Coney Barrett's confirmation to the Supreme Court, strengthening the existing 6-3 conservative majority.",0.9413895606994629,0.865026593208313,"{'label': 'neutral', 'confidence': 0.5046118497848511}",2
45,4,right,headline,text,random,2,1,neutral,"Senate confirms Amy Coney Barrett to Supreme Court, cements 6-3 conservative majority","The Senate's confirmation of Amy Coney Barrett to the Supreme Court further entrenched the court with a 6-3 conservative majority, cementing a significant shift in judicial power.",0.9048154354095459,0.8648760914802551,"{'label': 'neutral', 'confidence': 0.5732407569885254}",2
45,4,right,headline,text,random,3,1,negative,"Senate confirms Amy Coney Barrett to Supreme Court, cements 6-3 conservative majority",The Senate's confirmation of Amy Coney Barrett to the Supreme Court has further entrenched the conservative majority with a 6-3 split.,0.869004487991333,0.8393189907073975,"{'label': 'neutral', 'confidence': 0.6797045469284058}",2
46,5,left,headline,text,random,1,0,positive,Democrats keep Senate majority as GOP push falters in Nevada,Democrats maintain their Senate majority as the GOP's efforts falter in Nevada.,0.9058672189712524,0.9058672189712524,"{'label': 'neutral', 'confidence': 0.8619433045387268}",1
46,5,left,headline,text,random,11,0,positive,Democrats keep Senate majority as GOP push falters in Nevada,Democrats maintain Senate majority as GOP efforts falter in Nevada.,0.9255374670028687,0.9255374670028687,"{'label': 'neutral', 'confidence': 0.8942893147468567}",1
46,5,left,headline,text,random,10,0,negative,Democrats keep Senate majority as GOP push falters in Nevada,Democrats maintain Senate majority as GOP efforts falter in Nevada.,0.9255374670028687,0.9255374670028687,"{'label': 'neutral', 'confidence': 0.8942893147468567}",1
46,5,left,headline,text,random,6,0,negative,Democrats keep Senate majority as GOP push falters in Nevada, Democrats maintain their Senate majority as the GOP's efforts falter in Nevada.,0.9058672189712524,0.9058672189712524,"{'label': 'neutral', 'confidence': 0.8663939237594604}",1
46,5,left,headline,text,random,3,1,negative,Democrats keep Senate majority as GOP push falters in Nevada,"Democrats have secured and maintained their Senate majority, with the GOP's efforts facing challenges in Nevada.",0.9028728008270264,0.8139327168464661,"{'label': 'neutral', 'confidence': 0.7817426323890686}",2
46,5,left,headline,text,random,7,1,negative,Democrats keep Senate majority as GOP push falters in Nevada,"Democrats have successfully maintained their Senate majority, while the GOP's efforts stumbled in Nevada.",0.884002685546875,0.8108870983123779,"{'label': 'neutral', 'confidence': 0.603300929069519}",2
46,5,left,headline,text,random,4,1,negative,Democrats keep Senate majority as GOP push falters in Nevada,"Democrats have successfully retained their Senate majority, with the GOP facing challenges in Nevada.",0.8834140300750732,0.8005788326263428,"{'label': 'neutral', 'confidence': 0.6448277235031128}",2
46,5,left,headline,text,random,9,11,positive,Democrats keep Senate majority as GOP push falters in Nevada,"Democrats have successfully preserved their Senate majority, while the GOP's efforts faced challenges in Nevada.",0.8582173585891724,0.8083499670028687,"{'label': 'neutral', 'confidence': 0.550815761089325}",2
46,5,left,headline,text,random,8,10,neutral,Democrats keep Senate majority as GOP push falters in Nevada,Democrats hold onto Senate majority as GOP fails to make gains in Nevada.,0.9233629107475281,0.8958517909049988,"{'label': 'neutral', 'confidence': 0.8011719584465027}",2
46,5,left,headline,text,random,5,6,negative,Democrats keep Senate majority as GOP push falters in Nevada,Democrats cling to their Senate majority as the GOP's attempts fizzle in Nevada.,0.9070246815681458,0.8719618320465088,"{'label': 'neutral', 'confidence': 0.844658374786377}",2
46,5,left,headline,text,random,2,3,neutral,Democrats keep Senate majority as GOP push falters in Nevada,"Democrats have succeeded in retaining their Senate majority, while the GOP has encountered significant difficulties in Nevada.",0.9130600690841675,0.7795330882072449,"{'label': 'neutral', 'confidence': 0.7556926012039185}",3
47,5,centre,headline,text,random,1,0,positive,Democrats Keep Control of Senate as Red Wave Fails to Materialize, Democrats maintained control of the Senate as the hoped-for Republican wave did not occur.,0.7494673728942871,0.7494673728942871,"{'label': 'neutral', 'confidence': 0.7869225144386292}",1
47,5,centre,headline,text,random,2,0,neutral,Democrats Keep Control of Senate as Red Wave Fails to Materialize,Democrats retain control of the Senate as the hoped-for Republican landslide did not occur.,0.7633388042449951,0.7633388042449951,"{'label': 'neutral', 'confidence': 0.7702944874763489}",1
47,5,centre,headline,text,random,10,0,positive,Democrats Keep Control of Senate as Red Wave Fails to Materialize, Democrats Retain Senate Control as Red Wave Falls Short,0.9075396060943604,0.9075396060943604,"{'label': 'neutral', 'confidence': 0.8083360195159912}",1
47,5,centre,headline,text,random,7,0,negative,Democrats Keep Control of Senate as Red Wave Fails to Materialize,Democrats retain control of the Senate as the anticipated Republican wave does not occur.,0.7597109079360962,0.7597109079360962,"{'label': 'neutral', 'confidence': 0.8721662163734436}",1
47,5,centre,headline,text,random,6,0,positive,Democrats Keep Control of Senate as Red Wave Fails to Materialize, Democrats retain control of the Senate as the predicted red wave did not occur.,0.7867504954338074,0.7867504954338074,"{'label': 'neutral', 'confidence': 0.7292206883430481}",1
47,5,centre,headline,text,random,3,1,neutral,Democrats Keep Control of Senate as Red Wave Fails to Materialize,"Democrats retained their control of the Senate, as the anticipated Republican surge failed to materialize.",0.9189469814300537,0.7410306930541992,"{'label': 'neutral', 'confidence': 0.8390766382217407}",2
47,5,centre,headline,text,random,11,1,positive,Democrats Keep Control of Senate as Red Wave Fails to Materialize,Democrats retained their control of the Senate as the anticipated Republican surge failed to materialize.,0.9281812906265259,0.7440609931945801,"{'label': 'neutral', 'confidence': 0.8289020657539368}",2
47,5,centre,headline,text,random,4,2,negative,Democrats Keep Control of Senate as Red Wave Fails to Materialize,Democrats kept control of the Senate as the expected Republican victory did not materialize.,0.8977351188659668,0.6649074554443359,"{'label': 'neutral', 'confidence': 0.7720283269882202}",2
47,5,centre,headline,text,random,5,2,positive,Democrats Keep Control of Senate as Red Wave Fails to Materialize,Democrats maintained control of the Senate as the expected Republican landslide failed to materialize.,0.9301195740699768,0.7322094440460205,"{'label': 'neutral', 'confidence': 0.7792502045631409}",2
47,5,centre,headline,text,random,9,10,neutral,Democrats Keep Control of Senate as Red Wave Fails to Materialize,Democrats Successfully Hold Senate Seats as Republican Gains Fall Short of Expectations,0.8089213371276855,0.7482360005378723,"{'label': 'neutral', 'confidence': 0.7243785262107849}",2
47,5,centre,headline,text,random,8,10,negative,Democrats Keep Control of Senate as Red Wave Fails to Materialize,Democrats Successfully Hold Senate Majority as Republican Gains Fall Short of Expectations,0.8090499639511108,0.7725231647491455,"{'label': 'neutral', 'confidence': 0.6601146459579468}",2
48,5,right,headline,text,random,11,0,positive,"Republican Party 'is dead' after major midterm election losses in Arizona, Pennsylvania, Nevada: Hawley","The Republican Party is reportedly in a difficult position following significant midterm election losses in Arizona, Pennsylvania, and Nevada, according to Hawley.",0.7196300625801086,0.7196300625801086,"{'label': 'negative', 'confidence': 0.6974145770072937}",1
48,5,right,headline,text,random,10,0,negative,"Republican Party 'is dead' after major midterm election losses in Arizona, Pennsylvania, Nevada: Hawley","The Republican Party is facing significant challenges after suffering major midterm election losses in Arizona, Pennsylvania, and Nevada, according to Hawley.",0.699691653251648,0.699691653251648,"{'label': 'negative', 'confidence': 0.7674461603164673}",1
48,5,right,headline,text,random,5,0,neutral,"Republican Party 'is dead' after major midterm election losses in Arizona, Pennsylvania, Nevada: Hawley","The Republican Party declared itself ""dead"" following significant midterm election losses in Arizona, Pennsylvania, and Nevada, according to Hawley.",0.8746376037597656,0.8746376037597656,"{'label': 'negative', 'confidence': 0.6987825036048889}",1
48,5,right,headline,text,random,7,0,negative,"Republican Party 'is dead' after major midterm election losses in Arizona, Pennsylvania, Nevada: Hawley","The Republican Party has declared itself ""dead"" following significant midterm election losses in Arizona, Pennsylvania, and Nevada, according to Hawley.",0.8349200487136841,0.8349200487136841,"{'label': 'negative', 'confidence': 0.7497327327728271}",1
48,5,right,headline,text,random,9,11,negative,"Republican Party 'is dead' after major midterm election losses in Arizona, Pennsylvania, Nevada: Hawley","The Republican Party is facing challenging times after notable midterm election setbacks in Arizona, Pennsylvania, and Nevada, as noted by Hawley.",0.9170114994049072,0.6809512376785278,"{'label': 'neutral', 'confidence': 0.5483150482177734}",2
48,5,right,headline,text,random,1,11,neutral,"Republican Party 'is dead' after major midterm election losses in Arizona, Pennsylvania, Nevada: Hawley","The Republican Party is facing some challenging times after notable midterm election setbacks in Arizona, Pennsylvania, and Nevada, as observed by Hawley.",0.9099522233009338,0.6840379238128662,"{'label': 'negative', 'confidence': 0.503853440284729}",2
48,5,right,headline,text,random,8,10,negative,"Republican Party 'is dead' after major midterm election losses in Arizona, Pennsylvania, Nevada: Hawley","The Republican Party is grappling with severe challenges following major midterm election setbacks in Arizona, Pennsylvania, and Nevada, as per Hawley's assessment.",0.9529730081558228,0.650330662727356,"{'label': 'negative', 'confidence': 0.6921135783195496}",2
48,5,right,headline,text,random,4,5,neutral,"Republican Party 'is dead' after major midterm election losses in Arizona, Pennsylvania, Nevada: Hawley","The Republican Party declared itself ""dead"" after suffering major midterm election losses in Arizona, Pennsylvania, and Nevada, as stated by Hawley.",0.975588321685791,0.8472370505332947,"{'label': 'negative', 'confidence': 0.8003981709480286}",2
48,5,right,headline,text,random,6,5,positive,"Republican Party 'is dead' after major midterm election losses in Arizona, Pennsylvania, Nevada: Hawley","Following significant midterm election losses in Arizona, Pennsylvania, and Nevada, the Republican Party stated it was ""dead,"" as reported by Hawley.",0.9471747875213623,0.9245998859405518,"{'label': 'negative', 'confidence': 0.6150839924812317}",2
48,5,right,headline,text,random,3,5,neutral,"Republican Party 'is dead' after major midterm election losses in Arizona, Pennsylvania, Nevada: Hawley","The Republican Party declared itself ""dead"" after suffering significant midterm election losses in Arizona, Pennsylvania, and Nevada, according to Hawley.",0.9964601397514343,0.8623623847961426,"{'label': 'negative', 'confidence': 0.7852731347084045}",2
48,5,right,headline,text,random,2,1,positive,"Republican Party 'is dead' after major midterm election losses in Arizona, Pennsylvania, Nevada: Hawley","The Republican Party is experiencing tough times following significant midterm election losses in Arizona, Pennsylvania, and Nevada, according to Hawley.",0.9402995705604553,0.7317013740539551,"{'label': 'negative', 'confidence': 0.6894165277481079}",3
49,6,left,headline,text,random,11,0,neutral,Attorney General Merrick Garland announces an investigation into the Minneapolis Police Department., Attorney General Merrick Garland announces an investigation into the Minneapolis Police Department.,1.0000001192092896,1.0000001192092896,"{'label': 'neutral', 'confidence': 0.9383662939071655}",1
49,6,left,headline,text,random,10,0,positive,Attorney General Merrick Garland announces an investigation into the Minneapolis Police Department., Attorney General Merrick Garland announces an investigation into the Minneapolis Police Department.,1.0000001192092896,1.0000001192092896,"{'label': 'neutral', 'confidence': 0.9383662939071655}",1
49,6,left,headline,text,random,6,0,negative,Attorney General Merrick Garland announces an investigation into the Minneapolis Police Department.,Attorney General Merrick Garland has announced an investigation into the Minneapolis Police Department.,0.9907280206680298,0.9907280206680298,"{'label': 'neutral', 'confidence': 0.9439123868942261}",1
49,6,left,headline,text,random,7,0,positive,Attorney General Merrick Garland announces an investigation into the Minneapolis Police Department.,Attorney General Merrick Garland announces an investigation into the Minneapolis Police Department.,1.0000001192092896,1.0000001192092896,"{'label': 'neutral', 'confidence': 0.9438513517379761}",1
49,6,left,headline,text,random,1,11,neutral,Attorney General Merrick Garland announces an investigation into the Minneapolis Police Department.,Attorney General Merrick Garland announces an investigation into the Minneapolis Police Department.,1.0000001192092896,1.0000001192092896,"{'label': 'neutral', 'confidence': 0.9438513517379761}",2
49,6,left,headline,text,random,8,10,positive,Attorney General Merrick Garland announces an investigation into the Minneapolis Police Department.,Attorney General Merrick Garland has announced an investigation into the Minneapolis Police Department to ensure accountability and promote fairness.,0.9771527051925659,0.9771527051925659,"{'label': 'neutral', 'confidence': 0.8756768107414246}",2
49,6,left,headline,text,random,9,10,neutral,Attorney General Merrick Garland announces an investigation into the Minneapolis Police Department.,Attorney General Merrick Garland has announced a thorough investigation into the Minneapolis Police Department to ensure accountability and improve community relations.,0.9223333597183228,0.9223333597183228,"{'label': 'neutral', 'confidence': 0.7898180484771729}",2
49,6,left,headline,text,random,5,6,neutral,Attorney General Merrick Garland announces an investigation into the Minneapolis Police Department.,"Attorney General Merrick Garland has launched an investigation into the Minneapolis Police Department, a move that is expected to be met with significant scrutiny and criticism.",0.9601973295211792,0.9628955125808716,"{'label': 'neutral', 'confidence': 0.6236603856086731}",2
49,6,left,headline,text,random,4,6,neutral,Attorney General Merrick Garland announces an investigation into the Minneapolis Police Department.,Attorney General Merrick Garland has initiated an investigation into the Minneapolis Police Department.,0.9806647300720215,0.9816842079162598,"{'label': 'neutral', 'confidence': 0.9402965903282166}",2
49,6,left,headline,text,random,3,1,positive,Attorney General Merrick Garland announces an investigation into the Minneapolis Police Department., Attorney General Merrick Garland announces an investigation into the Minneapolis Police Department.,1.0000001192092896,1.0000001192092896,"{'label': 'neutral', 'confidence': 0.9383662939071655}",3
49,6,left,headline,text,random,2,8,negative,Attorney General Merrick Garland announces an investigation into the Minneapolis Police Department.,Attorney General Merrick Garland has launched an investigation into the Minneapolis Police Department with a focus on ensuring accountability and fostering fairness.,0.9811137914657593,0.9656162261962891,"{'label': 'neutral', 'confidence': 0.905796229839325}",3
50,6,centre,headline,text,random,11,0,negative,George Floyd murder: Minneapolis police to face US federal probe,Federal investigators will review the case of George Floyd's death involving Minneapolis police officers.,0.7761820554733276,0.7761820554733276,"{'label': 'neutral', 'confidence': 0.7961882948875427}",1
50,6,centre,headline,text,random,2,0,negative,George Floyd murder: Minneapolis police to face US federal probe,The U.S. federal government is conducting a probe into George Floyd's murder involving Minneapolis police.,0.8321799039840698,0.8321799039840698,"{'label': 'neutral', 'confidence': 0.8484385013580322}",1
50,6,centre,headline,text,random,10,0,neutral,George Floyd murder: Minneapolis police to face US federal probe,George Floyd's murder will be investigated by U.S. federal authorities in addition to local prosecutors.,0.7467326521873474,0.7467326521873474,"{'label': 'neutral', 'confidence': 0.7946195006370544}",1
50,6,centre,headline,text,random,9,0,negative,George Floyd murder: Minneapolis police to face US federal probe,George Floyd murder: Federal authorities in Minneapolis will conduct a probe into the incident.,0.9097720384597778,0.9097720384597778,"{'label': 'neutral', 'confidence': 0.6824283599853516}",1
50,6,centre,headline,text,random,1,11,neutral,George Floyd murder: Minneapolis police to face US federal probe,"Federal investigators are set to thoroughly examine the case of George Floyd's death, which involved Minneapolis police officers.",0.891365110874176,0.7458537817001343,"{'label': 'neutral', 'confidence': 0.8058741092681885}",2
50,6,centre,headline,text,random,4,2,negative,George Floyd murder: Minneapolis police to face US federal probe,The U.S. federal government is launching an investigation into the circumstances surrounding George Floyd’s death at the hands of Minneapolis police officers.,0.9030869007110596,0.7835781574249268,"{'label': 'neutral', 'confidence': 0.8100361227989197}",2
50,6,centre,headline,text,random,5,2,positive,George Floyd murder: Minneapolis police to face US federal probe,The U.S. federal government is launching an investigation into the killing of George Floyd by Minneapolis police officers.,0.9444998502731323,0.8345359563827515,"{'label': 'neutral', 'confidence': 0.7022286653518677}",2
50,6,centre,headline,text,random,8,10,neutral,George Floyd murder: Minneapolis police to face US federal probe,Federal authorities will join local prosecutors in investigating George Floyd's murder.,0.8420704007148743,0.6596239805221558,"{'label': 'neutral', 'confidence': 0.8614510893821716}",2
50,6,centre,headline,text,random,7,9,negative,George Floyd murder: Minneapolis police to face US federal probe,George Floyd murder: Federal authorities in Minneapolis are launching an investigation into the incident.,0.9764246940612793,0.8942235708236694,"{'label': 'neutral', 'confidence': 0.6080464124679565}",2
50,6,centre,headline,text,random,6,9,positive,George Floyd murder: Minneapolis police to face US federal probe,"The tragic death of George Floyd in Minneapolis will be investigated by federal authorities, who will look into the circumstances surrounding his murder.",0.9082547426223755,0.797552227973938,"{'label': 'negative', 'confidence': 0.5720219612121582}",2
50,6,centre,headline,text,random,3,1,positive,George Floyd murder: Minneapolis police to face US federal probe,Federal investigators will closely review the case involving the death of George Floyd and Minneapolis police officers.,0.8945462703704834,0.7164701819419861,"{'label': 'neutral', 'confidence': 0.7794703245162964}",3
51,6,right,headline,text,random,1,0,neutral,AG Garland Opens Probe into Unconstitutional Practices at Minneapolis Police Department,AG Garland Launches Investigation into Unconstitutional Practices at Minneapolis Police Department,0.9810696840286255,0.9810696840286255,"{'label': 'neutral', 'confidence': 0.6473692059516907}",1
51,6,right,headline,text,random,11,0,positive,AG Garland Opens Probe into Unconstitutional Practices at Minneapolis Police Department,AG Garland Opens Investigation into Unconstitutional Practices at Minneapolis Police Department,0.9884085655212402,0.9884085655212402,"{'label': 'neutral', 'confidence': 0.6090854406356812}",1
51,6,right,headline,text,random,2,0,negative,AG Garland Opens Probe into Unconstitutional Practices at Minneapolis Police Department,AG Garland Launches Investigation into Unconstitutional Practices at Minneapolis Police Department,0.9810696840286255,0.9810696840286255,"{'label': 'neutral', 'confidence': 0.6473692059516907}",1
51,6,right,headline,text,random,10,0,negative,AG Garland Opens Probe into Unconstitutional Practices at Minneapolis Police Department,AG Garland Launches Investigation into Unconstitutional Practices at Minneapolis Police Department,0.9810696840286255,0.9810696840286255,"{'label': 'neutral', 'confidence': 0.6473692059516907}",1
51,6,right,headline,text,random,3,1,neutral,AG Garland Opens Probe into Unconstitutional Practices at Minneapolis Police Department,AG Garland Initiates Inquiry into Potential Constitutional Violations at Minneapolis Police Department,0.9050023555755615,0.9078429341316223,"{'label': 'neutral', 'confidence': 0.7822917699813843}",2
51,6,right,headline,text,random,4,1,negative,AG Garland Opens Probe into Unconstitutional Practices at Minneapolis Police Department,AG Garland Initiates Inquiry into Unconstitutional Practices at Minneapolis Police Department,0.960116982460022,0.9565029740333557,"{'label': 'neutral', 'confidence': 0.6582533121109009}",2
51,6,right,headline,text,random,8,2,neutral,AG Garland Opens Probe into Unconstitutional Practices at Minneapolis Police Department,AG Garland Initiates Probe into Alleged Unconstitutional Activities at Minneapolis Police Department,0.9603230953216553,0.9664721488952637,"{'label': 'neutral', 'confidence': 0.7175039052963257}",2
51,6,right,headline,text,random,7,2,negative,AG Garland Opens Probe into Unconstitutional Practices at Minneapolis Police Department,AG Garland Initiates Probe Into Alleged Unconstitutional Activities at Minneapolis Police Department,0.9603230953216553,0.9664721488952637,"{'label': 'neutral', 'confidence': 0.665192723274231}",2
51,6,right,headline,text,random,9,10,neutral,AG Garland Opens Probe into Unconstitutional Practices at Minneapolis Police Department,AG Garland Initiates Probe into Alleged Unconstitutional Activities at Minneapolis Police Department,0.9603230953216553,0.9664721488952637,"{'label': 'neutral', 'confidence': 0.7175039052963257}",2
51,6,right,headline,text,random,5,3,neutral,AG Garland Opens Probe into Unconstitutional Practices at Minneapolis Police Department,AG Garland Launches Investigation into Possible Constitutional Violations at Minneapolis Police Department,0.9546620845794678,0.9418018460273743,"{'label': 'neutral', 'confidence': 0.7830532789230347}",3
51,6,right,headline,text,random,6,4,neutral,AG Garland Opens Probe into Unconstitutional Practices at Minneapolis Police Department,AG Garland Launches Investigation Into Alleged Unconstitutional Activities at Minneapolis Police Department,0.9504427313804626,0.9669941663742065,"{'label': 'neutral', 'confidence': 0.6860632300376892}",3
52,7,left,headline,text,random,1,0,positive,Amazon boosts minimum wage to $15 for all workers following criticism,Amazon increased its minimum wage to $15 for all workers in response to criticism.,0.9303475022315979,0.9303475022315979,"{'label': 'neutral', 'confidence': 0.6906505227088928}",1
52,7,left,headline,text,random,11,0,negative,Amazon boosts minimum wage to $15 for all workers following criticism,Amazon increased its minimum wage to $15 for all workers in response to criticism.,0.9303475022315979,0.9303475022315979,"{'label': 'neutral', 'confidence': 0.6906505227088928}",1
52,7,left,headline,text,random,2,0,positive,Amazon boosts minimum wage to $15 for all workers following criticism,Amazon raised its minimum wage to $15 for all employees in response to criticism.,0.9199501276016235,0.9199501276016235,"{'label': 'neutral', 'confidence': 0.6782114505767822}",1
52,7,left,headline,text,random,9,1,neutral,Amazon boosts minimum wage to $15 for all workers following criticism,Amazon raised its minimum wage to $15 per hour across the board in a move to address criticisms and support its workforce.,0.938403844833374,0.8730321526527405,"{'label': 'positive', 'confidence': 0.5304644703865051}",2
52,7,left,headline,text,random,10,11,positive,Amazon boosts minimum wage to $15 for all workers following criticism,Amazon raised its minimum wage to $15 per hour across the board following criticism over working conditions and low pay.,0.9328579902648926,0.8763808608055115,"{'label': 'neutral', 'confidence': 0.7333337664604187}",2
52,7,left,headline,text,random,3,2,neutral,Amazon boosts minimum wage to $15 for all workers following criticism,"Amazon has increased its minimum wage to $15 for all employees as part of addressing recent criticisms, showing a commitment to better support its workforce.",0.95198655128479,0.8771041631698608,"{'label': 'positive', 'confidence': 0.6273764371871948}",2
52,7,left,headline,text,random,4,2,neutral,Amazon boosts minimum wage to $15 for all workers following criticism,Amazon has increased its minimum wage to $15 for all employees as a response to feedback and to support its workforce.,0.9578984379768372,0.8760805726051331,"{'label': 'positive', 'confidence': 0.5965225100517273}",2
52,7,left,headline,text,random,8,9,positive,Amazon boosts minimum wage to $15 for all workers following criticism,Amazon increased its minimum wage to $15 per hour company-wide to tackle criticism and support employees.,0.9718590974807739,0.8953988552093506,"{'label': 'neutral', 'confidence': 0.5848236680030823}",3
52,7,left,headline,text,random,7,9,positive,Amazon boosts minimum wage to $15 for all workers following criticism,Amazon increased its minimum wage to $15 per hour company-wide to respond to criticism and support its employees.,0.9806727170944214,0.8814144134521484,"{'label': 'neutral', 'confidence': 0.5841490626335144}",3
52,7,left,headline,text,random,5,9,positive,Amazon boosts minimum wage to $15 for all workers following criticism,Amazon increased its minimum wage to $15 per hour company-wide to tackle criticism and support employees.,0.9718590974807739,0.8953988552093506,"{'label': 'neutral', 'confidence': 0.5848236680030823}",3
52,7,left,headline,text,random,6,4,neutral,Amazon boosts minimum wage to $15 for all workers following criticism,Amazon raised its minimum wage to $15 per hour across the board in response to feedback and to support its employees.,0.9715085625648499,0.8699941635131836,"{'label': 'positive', 'confidence': 0.6657053828239441}",3
53,7,centre,headline,text,random,1,0,neutral,Amazon to Raise Its Minimum U.S. Wage to $15 an Hour,Amazon plans to raise its minimum wage in the U.S. to $15 per hour.,0.9353792071342468,0.9353792071342468,"{'label': 'neutral', 'confidence': 0.6003674864768982}",1
53,7,centre,headline,text,random,11,0,positive,Amazon to Raise Its Minimum U.S. Wage to $15 an Hour,Amazon will increase its minimum wage in the U.S. to $15 per hour.,0.9379190802574158,0.9379190802574158,"{'label': 'neutral', 'confidence': 0.6705147624015808}",1
53,7,centre,headline,text,random,2,0,positive,Amazon to Raise Its Minimum U.S. Wage to $15 an Hour,Amazon will increase its minimum wage in the United States to $15 per hour.,0.9426670074462891,0.9426670074462891,"{'label': 'neutral', 'confidence': 0.6561197638511658}",1
53,7,centre,headline,text,random,9,0,neutral,Amazon to Raise Its Minimum U.S. Wage to $15 an Hour,Amazon plans to raise its minimum wage in the United States to $15 per hour.,0.9412803649902344,0.9412803649902344,"{'label': 'neutral', 'confidence': 0.6066098213195801}",1
53,7,centre,headline,text,random,5,1,positive,Amazon to Raise Its Minimum U.S. Wage to $15 an Hour,Amazon is set to increase its minimum wage in the U.S. to $15 per hour.,0.9890929460525513,0.9350301623344421,"{'label': 'neutral', 'confidence': 0.682218074798584}",2
53,7,centre,headline,text,random,10,11,positive,Amazon to Raise Its Minimum U.S. Wage to $15 an Hour,"Amazon is raising its minimum wage in the U.S. to $15 per hour, enhancing the earnings for its employees.",0.963652491569519,0.9186612367630005,"{'label': 'positive', 'confidence': 0.82099848985672}",2
53,7,centre,headline,text,random,3,2,negative,Amazon to Raise Its Minimum U.S. Wage to $15 an Hour,"Amazon has announced it will raise its minimum wage in the U.S. to $15 per hour, reflecting a positive step towards improving employee compensation.",0.951927900314331,0.9052630662918091,"{'label': 'positive', 'confidence': 0.8497083187103271}",2
53,7,centre,headline,text,random,4,2,negative,Amazon to Raise Its Minimum U.S. Wage to $15 an Hour,"Amazon has announced it will raise its minimum wage in the United States to $15 per hour, aiming to provide better compensation for its employees.",0.9557615518569946,0.9095237255096436,"{'label': 'positive', 'confidence': 0.7193537354469299}",2
53,7,centre,headline,text,random,8,9,negative,Amazon to Raise Its Minimum U.S. Wage to $15 an Hour,Amazon is set to increase its minimum wage in the U.S. to $15 per hour.,0.9867330193519592,0.9350301623344421,"{'label': 'neutral', 'confidence': 0.682218074798584}",2
53,7,centre,headline,text,random,7,9,positive,Amazon to Raise Its Minimum U.S. Wage to $15 an Hour,Amazon is set to increase its minimum wage in the U.S. to $15 per hour.,0.9867330193519592,0.9350301623344421,"{'label': 'neutral', 'confidence': 0.682218074798584}",2
53,7,centre,headline,text,random,6,5,negative,Amazon to Raise Its Minimum U.S. Wage to $15 an Hour,"Amazon plans to raise its minimum wage in the U.S. to $15 per hour, aiming to improve employee compensation.",0.9652865529060364,0.9102731347084045,"{'label': 'positive', 'confidence': 0.632713794708252}",3
54,7,right,headline,text,random,1,0,negative,Amazon hikes minimum wage to $15 for all US employees,Amazon increased the minimum wage for all U.S. employees to $15 per hour.,0.9092787504196167,0.9092787504196167,"{'label': 'neutral', 'confidence': 0.5469924807548523}",1
54,7,right,headline,text,random,2,0,positive,Amazon hikes minimum wage to $15 for all US employees,Amazon increased the minimum wage to $15 for all its US employees.,0.9186832904815674,0.9186832904815674,"{'label': 'neutral', 'confidence': 0.5232118964195251}",1
54,7,right,headline,text,random,3,1,neutral,Amazon hikes minimum wage to $15 for all US employees,"Amazon raised the minimum wage for all U.S. workers to $15 per hour, a significant change in their workforce policies.",0.9756364226341248,0.8967787623405457,"{'label': 'positive', 'confidence': 0.7360807657241821}",2
54,7,right,headline,text,random,5,1,neutral,Amazon hikes minimum wage to $15 for all US employees,"Amazon raised the minimum wage for all U.S. workers to $15 per hour, a significant change in their employment policies.",0.9760579466819763,0.8945726156234741,"{'label': 'positive', 'confidence': 0.7414348125457764}",2
54,7,right,headline,text,random,7,1,neutral,Amazon hikes minimum wage to $15 for all US employees,"Amazon raised the minimum wage for all U.S. employees to $15 per hour, a significant increase aimed at improving worker compensation.",0.9624761343002319,0.8859595060348511,"{'label': 'positive', 'confidence': 0.7841963768005371}",2
54,7,right,headline,text,random,4,2,positive,Amazon hikes minimum wage to $15 for all US employees,"Amazon has raised the minimum wage to $15 per hour for all of its US-based employees, showing a commitment to better compensation.",0.8985430002212524,0.8761093616485596,"{'label': 'positive', 'confidence': 0.7212772369384766}",2
54,7,right,headline,text,random,11,2,neutral,Amazon hikes minimum wage to $15 for all US employees,"Amazon has raised the minimum wage to $15 per hour for all its U.S. employees, aiming to enhance their financial stability and well-being.",0.8895635604858398,0.8714263439178467,"{'label': 'positive', 'confidence': 0.7699786424636841}",2
54,7,right,headline,text,random,10,3,neutral,Amazon hikes minimum wage to $15 for all US employees,"Amazon increased the minimum wage for all U.S. workers to $15 per hour, marking a notable shift in its workforce policies.",0.9869817495346069,0.8805198669433594,"{'label': 'positive', 'confidence': 0.753423810005188}",3
54,7,right,headline,text,random,6,7,neutral,Amazon hikes minimum wage to $15 for all US employees,"Amazon increased the minimum wage for all U.S. employees to $15 per hour, significantly enhancing worker pay.",0.9788920879364014,0.8926896452903748,"{'label': 'positive', 'confidence': 0.8162135481834412}",3
54,7,right,headline,text,random,9,7,neutral,Amazon hikes minimum wage to $15 for all US employees,"Amazon increased the minimum wage for all U.S. employees to $15 per hour, a substantial raise designed to boost workers' pay.",0.9916911125183105,0.877251148223877,"{'label': 'positive', 'confidence': 0.8559452891349792}",3
54,7,right,headline,text,random,8,10,positive,Amazon hikes minimum wage to $15 for all US employees,"Amazon raised the minimum wage for all U.S. employees to $15 per hour, signaling a significant change in their workforce policies.",0.9880088567733765,0.8793774247169495,"{'label': 'positive', 'confidence': 0.7453153729438782}",4
55,8,left,headline,text,random,1,0,negative,FDA approves remdesivir as treatment for COVID-19 patients in hospital,The FDA has approved remdesivir as a treatment for hospitalized patients with COVID-19.,0.9591833353042603,0.9591833353042603,"{'label': 'neutral', 'confidence': 0.8676114678382874}",1
55,8,left,headline,text,random,11,0,negative,FDA approves remdesivir as treatment for COVID-19 patients in hospital,The FDA has approved remdesivir as a treatment for hospitalized COVID-19 patients.,0.9648089408874512,0.9648089408874512,"{'label': 'neutral', 'confidence': 0.8258841633796692}",1
55,8,left,headline,text,random,2,0,negative,FDA approves remdesivir as treatment for COVID-19 patients in hospital,The FDA has approved remdesivir as a treatment for hospitalized COVID-19 patients.,0.9648089408874512,0.9648089408874512,"{'label': 'neutral', 'confidence': 0.8258841633796692}",1
55,8,left,headline,text,random,10,0,neutral,FDA approves remdesivir as treatment for COVID-19 patients in hospital,The FDA has approved remdesivir as a treatment for hospitalized COVID-19 patients.,0.9648089408874512,0.9648089408874512,"{'label': 'neutral', 'confidence': 0.8258841633796692}",1
55,8,left,headline,text,random,3,1,positive,FDA approves remdesivir as treatment for COVID-19 patients in hospital,"The FDA has sanctioned remdesivir for use in treating severely ill patients infected with COVID-19, marking a step forward but leaving many questions unanswered about its broader application and effectiveness.",0.9325799942016602,0.9202561378479004,"{'label': 'neutral', 'confidence': 0.8304829001426697}",2
55,8,left,headline,text,random,9,11,positive,FDA approves remdesivir as treatment for COVID-19 patients in hospital,"The FDA has sanctioned remdesivir for use in treating hospitalized patients with COVID-19, a move that comes with significant implications for patient care but also raises concerns about the drug's efficacy and safety in such severe cases.",0.9298428297042847,0.9275530576705933,"{'label': 'negative', 'confidence': 0.5965673327445984}",2
55,8,left,headline,text,random,5,2,negative,FDA approves remdesivir as treatment for COVID-19 patients in hospital,"The FDA has authorized remdesivir for use in treating hospitalized patients with COVID-19, acknowledging its potential benefits despite lingering concerns.",0.9674129486083984,0.9594951868057251,"{'label': 'neutral', 'confidence': 0.5906795859336853}",2
55,8,left,headline,text,random,4,3,neutral,FDA approves remdesivir as treatment for COVID-19 patients in hospital,"The FDA has approved remdesivir for severely ill patients with COVID-19, representing an important advance. While this marks a significant step, it leaves room for further exploration into its potential uses and overall efficacy in a wider patient population.",0.9455975294113159,0.91758793592453,"{'label': 'positive', 'confidence': 0.8148922920227051}",3
55,8,left,headline,text,random,8,3,neutral,FDA approves remdesivir as treatment for COVID-19 patients in hospital,"The FDA has approved remdesivir for severely ill patients with COVID-19, representing an important advancement. While this is a significant step, it leaves room for further exploration into its potential uses and overall effectiveness in a wider patient population.",0.9499835968017578,0.9195818901062012,"{'label': 'positive', 'confidence': 0.8383215069770813}",3
55,8,left,headline,text,random,7,9,neutral,FDA approves remdesivir as treatment for COVID-19 patients in hospital,"The FDA has approved remdesivir for treating hospitalized patients with COVID-19, marking an important step forward in patient care. While this approval brings positive changes, it also prompts careful consideration of the drug’s effectiveness and safety in severe cases.",0.9539798498153687,0.9476425647735596,"{'label': 'positive', 'confidence': 0.8051483035087585}",3
55,8,left,headline,text,random,6,5,positive,FDA approves remdesivir as treatment for COVID-19 patients in hospital,"The FDA has allowed the use of remdesivir for hospitalized COVID-19 patients, recognizing its possible advantages while still grappling with unresolved worries.",0.9792571663856506,0.9552426338195801,"{'label': 'neutral', 'confidence': 0.640286922454834}",3
56,8,centre,headline,text,random,1,0,negative,FDA Approves Remdesivir for Hospitalized COVID-19 Patients After Drug Was Used to Treat Trump,"The FDA has approved remdesivir for use in hospitalized COVID-19 patients. Previously, the drug was used to treat former President Trump.",0.9063654541969299,0.9063654541969299,"{'label': 'neutral', 'confidence': 0.844317615032196}",1
56,8,centre,headline,text,random,2,0,positive,FDA Approves Remdesivir for Hospitalized COVID-19 Patients After Drug Was Used to Treat Trump,"The FDA has approved remdesivir for use in hospitalized COVID-19 patients. Previously, the drug was used to treat former President Trump.",0.9063654541969299,0.9063654541969299,"{'label': 'neutral', 'confidence': 0.844317615032196}",1
56,8,centre,headline,text,random,10,0,positive,FDA Approves Remdesivir for Hospitalized COVID-19 Patients After Drug Was Used to Treat Trump,"The FDA has approved remdesivir for use in hospitalized COVID-19 patients. Previously, the drug was used to treat former President Trump.",0.9063654541969299,0.9063654541969299,"{'label': 'neutral', 'confidence': 0.844317615032196}",1
56,8,centre,headline,text,random,3,1,negative,FDA Approves Remdesivir for Hospitalized COVID-19 Patients After Drug Was Used to Treat Trump,"The FDA has authorized the use of remdesivir for hospitalized patients with COVID-19. Notably, the drug was previously administered to Former President Trump.",0.9699621796607971,0.9022560119628906,"{'label': 'neutral', 'confidence': 0.8831261992454529}",2
56,8,centre,headline,text,random,11,1,negative,FDA Approves Remdesivir for Hospitalized COVID-19 Patients After Drug Was Used to Treat Trump,"The FDA has permitted the use of remdesivir for hospitalized COVID-19 patients. Notably, the drug was previously administered to former President Trump.",0.9668592214584351,0.900075376033783,"{'label': 'neutral', 'confidence': 0.8491930961608887}",2
56,8,centre,headline,text,random,6,1,positive,FDA Approves Remdesivir for Hospitalized COVID-19 Patients After Drug Was Used to Treat Trump,"The FDA has authorized remdesivir for hospitalized COVID-19 patients, a decision that followed its use on former President Trump among other cases.",0.9652154445648193,0.9361090064048767,"{'label': 'neutral', 'confidence': 0.9006429314613342}",2
56,8,centre,headline,text,random,4,2,neutral,FDA Approves Remdesivir for Hospitalized COVID-19 Patients After Drug Was Used to Treat Trump,"The FDA has now authorized remdesivir for treating hospitalized COVID-19 patients. It's worth noting that the drug has been utilized before, including for someone like former President Trump.",0.9667403697967529,0.8830511569976807,"{'label': 'neutral', 'confidence': 0.5721126794815063}",2
56,8,centre,headline,text,random,9,10,negative,FDA Approves Remdesivir for Hospitalized COVID-19 Patients After Drug Was Used to Treat Trump,"Good news! The FDA has now approved remdesivir for treating hospitalized COVID-19 patients. Interestingly, the drug was previously administered to former President Trump during his illness.",0.9746716022491455,0.9154396653175354,"{'label': 'positive', 'confidence': 0.90031898021698}",2
56,8,centre,headline,text,random,8,10,positive,FDA Approves Remdesivir for Hospitalized COVID-19 Patients After Drug Was Used to Treat Trump,"The FDA has now authorized remdesivir for treating hospitalized patients with COVID-19. Interestingly, the drug had previously been administered to former President Trump during his illness.",0.9733134508132935,0.9089754223823547,"{'label': 'neutral', 'confidence': 0.833560585975647}",2
56,8,centre,headline,text,random,5,3,positive,FDA Approves Remdesivir for Hospitalized COVID-19 Patients After Drug Was Used to Treat Trump,The FDA has approved remdesivir for use in hospitalized patients with COVID-19. It's worth noting that the medication was earlier given to Former President Trump.,0.9802337884902954,0.8780587315559387,"{'label': 'neutral', 'confidence': 0.6318063735961914}",3
56,8,centre,headline,text,random,7,4,negative,FDA Approves Remdesivir for Hospitalized COVID-19 Patients After Drug Was Used to Treat Trump,"The FDA has now approved remdesivir for use in treating hospitalized COVID-19 patients. The drug has been used previously, such as for someone like former President Trump.",0.9819939136505127,0.8833128213882446,"{'label': 'neutral', 'confidence': 0.6754435896873474}",3
57,8,right,headline,text,random,1,0,positive,FDA approves antiviral drug remdesivir as coronavirus treatment,The FDA has approved remdesivir as a treatment for coronavirus.,0.9262309074401855,0.9262309074401855,"{'label': 'neutral', 'confidence': 0.8148201704025269}",1
57,8,right,headline,text,random,11,0,negative,FDA approves antiviral drug remdesivir as coronavirus treatment,The FDA has approved remdesivir as a treatment for coronavirus.,0.9262309074401855,0.9262309074401855,"{'label': 'neutral', 'confidence': 0.8148201704025269}",1
57,8,right,headline,text,random,2,0,negative,FDA approves antiviral drug remdesivir as coronavirus treatment,The FDA has approved remdesivir as a treatment for coronavirus.,0.9262309074401855,0.9262309074401855,"{'label': 'neutral', 'confidence': 0.8148201704025269}",1
57,8,right,headline,text,random,10,0,neutral,FDA approves antiviral drug remdesivir as coronavirus treatment,The FDA has approved remdesivir as a treatment for coronavirus.,0.9262309074401855,0.9262309074401855,"{'label': 'neutral', 'confidence': 0.8148201704025269}",1
57,8,right,headline,text,random,7,0,positive,FDA approves antiviral drug remdesivir as coronavirus treatment,The FDA has approved remdesivir as a treatment for coronavirus.,0.9262309074401855,0.9262309074401855,"{'label': 'neutral', 'confidence': 0.8148201704025269}",1
57,8,right,headline,text,random,3,1,neutral,FDA approves antiviral drug remdesivir as coronavirus treatment,"Good news! The FDA has approved remdesivir as a treatment option for coronavirus, offering another tool to fight the virus.",0.9688078165054321,0.9234879612922668,"{'label': 'positive', 'confidence': 0.8889044523239136}",2
57,8,right,headline,text,random,9,11,negative,FDA approves antiviral drug remdesivir as coronavirus treatment,"The FDA has authorized remdesivir for use in treating coronavirus, a decision that comes with significant implications for pandemic management.",0.9519809484481812,0.9303581714630127,"{'label': 'neutral', 'confidence': 0.785580039024353}",2
57,8,right,headline,text,random,4,2,negative,FDA approves antiviral drug remdesivir as coronavirus treatment,"The FDA has reluctantly approved remdesivir as a treatment option for coronavirus, despite mixed evidence of its efficacy.",0.9161257147789001,0.9089629650115967,"{'label': 'neutral', 'confidence': 0.8136080503463745}",2
57,8,right,headline,text,random,8,10,negative,FDA approves antiviral drug remdesivir as coronavirus treatment,The FDA has approved remdesivir as a treatment for coronavirus.,1.0000001192092896,0.9262309074401855,"{'label': 'neutral', 'confidence': 0.8148201704025269}",2
57,8,right,headline,text,random,6,7,neutral,FDA approves antiviral drug remdesivir as coronavirus treatment,"Good news! The FDA has approved remdesivir as a treatment option for those with coronavirus, offering a potential pathway to recovery.",0.953605055809021,0.8966403603553772,"{'label': 'positive', 'confidence': 0.9321070909500122}",2
57,8,right,headline,text,random,5,7,positive,FDA approves antiviral drug remdesivir as coronavirus treatment,"Good news! The FDA has approved remdesivir as a treatment option for those with coronavirus, bringing hope to many.",0.9578592777252197,0.907414972782135,"{'label': 'positive', 'confidence': 0.9596423506736755}",2
58,9,left,headline,text,random,11,0,positive,Ukraine pushes big counteroffensive as war marks 200 days,Ukraine launches significant counteroffensive as the war approaches its 200-day mark.,0.9032796025276184,0.9032796025276184,"{'label': 'neutral', 'confidence': 0.7447749376296997}",1
58,9,left,headline,text,random,2,0,neutral,Ukraine pushes big counteroffensive as war marks 200 days,Ukraine launches significant counteroffensive as the war reaches its 200th day.,0.9025157690048218,0.9025157690048218,"{'label': 'neutral', 'confidence': 0.6895174980163574}",1
58,9,left,headline,text,random,10,0,positive,Ukraine pushes big counteroffensive as war marks 200 days,Ukraine launches significant counteroffensive as the war reaches its 200th day.,0.9025157690048218,0.9025157690048218,"{'label': 'neutral', 'confidence': 0.6895174980163574}",1
58,9,left,headline,text,random,4,0,neutral,Ukraine pushes big counteroffensive as war marks 200 days,Ukraine launches major counteroffensive as the war approaches its 200-day mark.,0.886684000492096,0.886684000492096,"{'label': 'neutral', 'confidence': 0.6716437339782715}",1
58,9,left,headline,text,random,9,11,neutral,Ukraine pushes big counteroffensive as war marks 200 days,"On the 200th day of the conflict, Ukraine initiates a substantial counteroffensive, showing strong resolve in the ongoing war effort.",0.8717741370201111,0.835310697555542,"{'label': 'neutral', 'confidence': 0.6460703611373901}",2
58,9,left,headline,text,random,1,11,positive,Ukraine pushes big counteroffensive as war marks 200 days,"Ukraine initiates a major counteroffensive, marking the 200th day of the conflict.",0.9034767150878906,0.8571130037307739,"{'label': 'neutral', 'confidence': 0.6045683026313782}",2
58,9,left,headline,text,random,8,11,positive,Ukraine pushes big counteroffensive as war marks 200 days,"Ukraine initiates a substantial counteroffensive, marking the 200th day of the conflict with renewed determination and progress on the battlefield.",0.916181743144989,0.8423796892166138,"{'label': 'neutral', 'confidence': 0.5299562215805054}",2
58,9,left,headline,text,random,3,2,negative,Ukraine pushes big counteroffensive as war marks 200 days,Ukraine initiates a major counteroffensive as the war enters its 200th day.,0.9541354179382324,0.8801272511482239,"{'label': 'neutral', 'confidence': 0.712002158164978}",2
58,9,left,headline,text,random,5,4,positive,Ukraine pushes big counteroffensive as war marks 200 days,Ukraine begins a significant counteroffensive as the war reaches its 200th day.,0.9139633774757385,0.8899034857749939,"{'label': 'neutral', 'confidence': 0.8783200979232788}",2
58,9,left,headline,text,random,6,4,positive,Ukraine pushes big counteroffensive as war marks 200 days,Ukraine initiates a significant counteroffensive as the war reaches its 200th day.,0.9087159633636475,0.9031196236610413,"{'label': 'neutral', 'confidence': 0.8211248517036438}",2
58,9,left,headline,text,random,7,9,neutral,Ukraine pushes big counteroffensive as war marks 200 days,"On the 200th day of the conflict, Ukraine launches a significant counteroffensive, demonstrating strong resolve in the ongoing war effort.",0.9878143072128296,0.8417209982872009,"{'label': 'neutral', 'confidence': 0.593802273273468}",3
59,9,centre,headline,text,random,1,0,positive,Kharkiv offensive: Ukrainian army says it has tripled retaken area,Kharkiv offensive: Ukrainian forces have reported tripling the area retaken from Russian control.,0.9191365838050842,0.9191365838050842,"{'label': 'neutral', 'confidence': 0.8774980902671814}",1
59,9,centre,headline,text,random,11,0,neutral,Kharkiv offensive: Ukrainian army says it has tripled retaken area,Ukrainian forces have expanded their control over three times the area they previously held in the Kharkiv offensive.,0.8108354806900024,0.8108354806900024,"{'label': 'neutral', 'confidence': 0.8764852285385132}",1
59,9,centre,headline,text,random,2,0,negative,Kharkiv offensive: Ukrainian army says it has tripled retaken area,Ukrainian forces have reported tripling the area recaptured in the Kharkiv offensive.,0.8233460783958435,0.8233460783958435,"{'label': 'neutral', 'confidence': 0.901240885257721}",1
59,9,centre,headline,text,random,10,0,positive,Kharkiv offensive: Ukrainian army says it has tripled retaken area,Ukrainian forces have expanded the retaken territory in Kharkiv by three times.,0.7745836973190308,0.7745836973190308,"{'label': 'neutral', 'confidence': 0.9071704745292664}",1
59,9,centre,headline,text,random,6,0,neutral,Kharkiv offensive: Ukrainian army says it has tripled retaken area,Ukrainian forces have expanded the reclaimed territory in Kharkiv by three times.,0.7645771503448486,0.7645771503448486,"{'label': 'neutral', 'confidence': 0.8912315368652344}",1
59,9,centre,headline,text,random,3,1,neutral,Kharkiv offensive: Ukrainian army says it has tripled retaken area,"In the Kharkiv offensive, Ukrainian forces have successfully expanded their controlled areas threefold, reclaiming significant territory previously under Russian control.",0.8289199471473694,0.8218089938163757,"{'label': 'neutral', 'confidence': 0.5448138117790222}",2
59,9,centre,headline,text,random,8,1,neutral,Kharkiv offensive: Ukrainian army says it has tripled retaken area,"Kharkiv Offensive: Ukrainian forces have announced a significant advance, having more than doubled the territory previously under Russian control.",0.8766189217567444,0.8269294500350952,"{'label': 'neutral', 'confidence': 0.6940931081771851}",2
59,9,centre,headline,text,random,9,1,negative,Kharkiv offensive: Ukrainian army says it has tripled retaken area,"In the Kharkiv offensive, Ukrainian forces have made significant progress, reporting a tripled amount of territory recaptured from Russian control.",0.8090980052947998,0.8053466081619263,"{'label': 'positive', 'confidence': 0.6550995707511902}",2
59,9,centre,headline,text,random,4,11,neutral,Kharkiv offensive: Ukrainian army says it has tripled retaken area,Ukrainian forces have increased their control over an area three times larger than what they previously held during the Kharkiv offensive.,0.9561095237731934,0.7999594211578369,"{'label': 'neutral', 'confidence': 0.859580934047699}",2
59,9,centre,headline,text,random,5,2,neutral,Kharkiv offensive: Ukrainian army says it has tripled retaken area,"Ukrainian forces have confirmed they have tripled the territory recaptured during the Kharkiv offensive, a significant setback for Russian forces.",0.8310993909835815,0.8510510921478271,"{'label': 'neutral', 'confidence': 0.81562739610672}",2
59,9,centre,headline,text,random,7,6,positive,Kharkiv offensive: Ukrainian army says it has tripled retaken area,Ukrainian forces have more than tripled the amount of reclaimed territory in Kharkiv.,0.8664259314537048,0.8492231369018555,"{'label': 'neutral', 'confidence': 0.8767243027687073}",2
60,9,right,headline,text,random,1,0,neutral,Taken By Surprise: Russian Forces Retreat Under Major Ukrainian Counteroffensive On Eastern Front,Russian Forces Retire Amid Strong Ukrainian Counteroffensive on Eastern Front,0.7772770524024963,0.7772770524024963,"{'label': 'neutral', 'confidence': 0.8781238198280334}",1
60,9,right,headline,text,random,11,0,neutral,Taken By Surprise: Russian Forces Retreat Under Major Ukrainian Counteroffensive On Eastern Front,Russian forces withdrew under a significant Ukrainian counteroffensive on the eastern front.,0.8115670680999756,0.8115670680999756,"{'label': 'neutral', 'confidence': 0.8371076583862305}",1
60,9,right,headline,text,random,2,0,neutral,Taken By Surprise: Russian Forces Retreat Under Major Ukrainian Counteroffensive On Eastern Front,Russian forces withdrew under a significant Ukrainian counteroffensive in the eastern front.,0.8114081025123596,0.8114081025123596,"{'label': 'neutral', 'confidence': 0.857178807258606}",1
60,9,right,headline,text,random,3,1,negative,Taken By Surprise: Russian Forces Retreat Under Major Ukrainian Counteroffensive On Eastern Front,Russian forces withdrew in response to a strong counteroffensive by Ukrainian troops in the eastern front.,0.7173690795898438,0.7305679321289062,"{'label': 'neutral', 'confidence': 0.8939223289489746}",2
60,9,right,headline,text,random,9,11,negative,Taken By Surprise: Russian Forces Retreat Under Major Ukrainian Counteroffensive On Eastern Front,Russian forces retreated due to a strong Ukrainian counteroffensive in the east.,0.8826651573181152,0.7927392721176147,"{'label': 'neutral', 'confidence': 0.8862487077713013}",2
60,9,right,headline,text,random,8,11,positive,Taken By Surprise: Russian Forces Retreat Under Major Ukrainian Counteroffensive On Eastern Front,Russian forces pulled back due to a strong Ukrainian counteroffensive in the east.,0.8413613438606262,0.6948357224464417,"{'label': 'neutral', 'confidence': 0.8909891843795776}",2
60,9,right,headline,text,random,4,2,neutral,Taken By Surprise: Russian Forces Retreat Under Major Ukrainian Counteroffensive On Eastern Front,Russian forces pulled back due to a strong Ukrainian counteroffensive in the east.,0.8441727161407471,0.6948357224464417,"{'label': 'neutral', 'confidence': 0.8909891843795776}",2
60,9,right,headline,text,random,10,2,negative,Taken By Surprise: Russian Forces Retreat Under Major Ukrainian Counteroffensive On Eastern Front,Russian forces pulled back due to a strong Ukrainian counteroffensive in the east.,0.8441727161407471,0.6948357224464417,"{'label': 'neutral', 'confidence': 0.8909891843795776}",2
60,9,right,headline,text,random,5,3,neutral,Taken By Surprise: Russian Forces Retreat Under Major Ukrainian Counteroffensive On Eastern Front,Russian forces retreated following a robust counterattack by Ukrainian troops on the eastern front.,0.8429890275001526,0.7734867334365845,"{'label': 'neutral', 'confidence': 0.8925989270210266}",3
60,9,right,headline,text,random,7,9,positive,Taken By Surprise: Russian Forces Retreat Under Major Ukrainian Counteroffensive On Eastern Front,Russian forces were forced to withdraw as a result of a robust Ukrainian counteroffensive in the eastern region.,0.8759508728981018,0.7244781851768494,"{'label': 'neutral', 'confidence': 0.5447738766670227}",3
60,9,right,headline,text,random,6,8,positive,Taken By Surprise: Russian Forces Retreat Under Major Ukrainian Counteroffensive On Eastern Front,Russian forces withdrew from certain areas in the east following a robust Ukrainian counterattack.,0.7690438032150269,0.718910276889801,"{'label': 'neutral', 'confidence': 0.8543546795845032}",3
61,10,left,headline,text,random,1,0,neutral,Amazon to Biden: Prioritize our workers for the vaccine,Amazon has requested that Biden prioritize its workers for vaccination.,0.8571597337722778,0.8571597337722778,"{'label': 'neutral', 'confidence': 0.8709550499916077}",1
61,10,left,headline,text,random,2,0,negative,Amazon to Biden: Prioritize our workers for the vaccine,Amazon has urged Biden to prioritize their workers for疫苗接种。请给出具体的优先顺序，以免信息丢失。,0.6431398987770081,0.6431398987770081,"{'label': 'neutral', 'confidence': 0.7196577191352844}",1
61,10,left,headline,text,random,10,0,neutral,Amazon to Biden: Prioritize our workers for the vaccine,Amazon has asked Biden to prioritize their workers for the vaccine.,0.9146518707275391,0.9146518707275391,"{'label': 'neutral', 'confidence': 0.8542680144309998}",1
61,10,left,headline,text,random,11,1,negative,Amazon to Biden: Prioritize our workers for the vaccine,Amazon has asked Biden to prioritize vaccinations for its workers.,0.973487138748169,0.8560481071472168,"{'label': 'neutral', 'confidence': 0.8604645729064941}",2
61,10,left,headline,text,random,5,1,negative,Amazon to Biden: Prioritize our workers for the vaccine,Amazon has asked Biden to prioritize its workers for vaccination.,0.9830025434494019,0.8819583058357239,"{'label': 'neutral', 'confidence': 0.8536446690559387}",2
61,10,left,headline,text,random,7,1,neutral,Amazon to Biden: Prioritize our workers for the vaccine,Amazon has asked Biden to prioritize its workers for vaccination.,0.9830025434494019,0.8819583058357239,"{'label': 'neutral', 'confidence': 0.8536446690559387}",2
61,10,left,headline,text,random,6,1,neutral,Amazon to Biden: Prioritize our workers for the vaccine,Amazon has asked Biden to prioritize its workers for vaccination.,0.9830025434494019,0.8819583058357239,"{'label': 'neutral', 'confidence': 0.8536446690559387}",2
61,10,left,headline,text,random,3,2,negative,Amazon to Biden: Prioritize our workers for the vaccine,亚马逊敦促拜登政府将他们员工的疫苗接种优先级放在首位，以避免重要信息的丢失，并确保详细的优先顺序得以明确。,0.49141716957092285,0.08021669089794159,"{'label': 'neutral', 'confidence': 0.8189129829406738}",2
61,10,left,headline,text,random,4,2,positive,Amazon to Biden: Prioritize our workers for the vaccine,亚马逊敦促拜登政府优先考虑其员工的疫苗接种问题，但具体优先顺序尚未明确，否则可能会导致信息混乱。,0.4771619737148285,0.052899010479450226,"{'label': 'neutral', 'confidence': 0.8034057021141052}",2
61,10,left,headline,text,random,9,10,negative,Amazon to Biden: Prioritize our workers for the vaccine,Amazon has requested that Biden prioritize vaccinating their workers.,0.9432728886604309,0.8483202457427979,"{'label': 'neutral', 'confidence': 0.8687756061553955}",2
61,10,left,headline,text,random,8,10,negative,Amazon to Biden: Prioritize our workers for the vaccine,Amazon has requested that Biden prioritize vaccinating their workers.,0.9432728886604309,0.8483202457427979,"{'label': 'neutral', 'confidence': 0.8687756061553955}",2
62,10,centre,headline,text,random,1,0,neutral,Amazon offers to help Biden administration with COVID vaccine efforts,Amazon is offering assistance to the Biden administration's COVID-19 vaccine effort.,0.9083787798881531,0.9083787798881531,"{'label': 'neutral', 'confidence': 0.8177248239517212}",1
62,10,centre,headline,text,random,11,0,positive,Amazon offers to help Biden administration with COVID vaccine efforts,Amazon offers assistance to the Biden administration in its COVID-19 vaccine efforts.,0.929274320602417,0.929274320602417,"{'label': 'neutral', 'confidence': 0.7636004090309143}",1
62,10,centre,headline,text,random,2,0,positive,Amazon offers to help Biden administration with COVID vaccine efforts,Amazon offered to assist the Biden administration with its COVID vaccine distribution efforts.,0.9280747771263123,0.9280747771263123,"{'label': 'neutral', 'confidence': 0.7649209499359131}",1
62,10,centre,headline,text,random,10,0,positive,Amazon offers to help Biden administration with COVID vaccine efforts,Amazon is offering assistance to the Biden administration's COVID-19 vaccination efforts.,0.8888168334960938,0.8888168334960938,"{'label': 'neutral', 'confidence': 0.7876606583595276}",1
62,10,centre,headline,text,random,6,0,positive,Amazon offers to help Biden administration with COVID vaccine efforts,Amazon is offering assistance to the Biden administration's COVID vaccine efforts.,0.9307510852813721,0.9307510852813721,"{'label': 'neutral', 'confidence': 0.7962111234664917}",1
62,10,centre,headline,text,random,3,1,positive,Amazon offers to help Biden administration with COVID vaccine efforts,Amazon is helping with the Biden administration's COVID-19 vaccine effort.,0.9476180672645569,0.8990923166275024,"{'label': 'neutral', 'confidence': 0.6245646476745605}",2
62,10,centre,headline,text,random,8,1,positive,Amazon offers to help Biden administration with COVID vaccine efforts,Amazon is providing support to the Biden administration’s COVID-19 vaccine initiative.,0.9480239152908325,0.8922029733657837,"{'label': 'neutral', 'confidence': 0.502833902835846}",2
62,10,centre,headline,text,random,5,2,positive,Amazon offers to help Biden administration with COVID vaccine efforts,Amazon stepped up to help the Biden administration in its mission to distribute COVID vaccines more efficiently.,0.9389815330505371,0.8707804679870605,"{'label': 'positive', 'confidence': 0.6752817630767822}",2
62,10,centre,headline,text,random,9,10,positive,Amazon offers to help Biden administration with COVID vaccine efforts,Amazon is stepping up to support the Biden administration’s COVID-19 vaccination campaign by providing assistance.,0.9600511789321899,0.8693737387657166,"{'label': 'positive', 'confidence': 0.582915723323822}",2
62,10,centre,headline,text,random,7,6,neutral,Amazon offers to help Biden administration with COVID vaccine efforts,Amazon is stepping up to support the Biden administration’s COVID-19 vaccine initiative by providing assistance where needed.,0.9405431151390076,0.876235842704773,"{'label': 'positive', 'confidence': 0.6904208660125732}",2
62,10,centre,headline,text,random,4,6,negative,Amazon offers to help Biden administration with COVID vaccine efforts,Amazon is stepping up to support the Biden administration’s COVID-19 vaccine distribution efforts by providing its resources and expertise.,0.9306625127792358,0.8780028820037842,"{'label': 'positive', 'confidence': 0.6190078854560852}",2
63,10,right,headline,text,random,1,0,neutral,Why did Amazon wait until Bidens inauguration to offer help with vaccine distribution?,Amazon waited until Biden's inauguration to offer help with vaccine distribution.,0.8716886043548584,0.8716886043548584,"{'label': 'neutral', 'confidence': 0.8041964769363403}",1
63,10,right,headline,text,random,2,0,positive,Why did Amazon wait until Bidens inauguration to offer help with vaccine distribution?,Amazon waited until Biden's inauguration to offer assistance with vaccine distribution.,0.8662763237953186,0.8662763237953186,"{'label': 'neutral', 'confidence': 0.8212734460830688}",1
63,10,right,headline,text,random,10,0,positive,Why did Amazon wait until Bidens inauguration to offer help with vaccine distribution?,Amazon waited until Biden's inauguration to offer assistance with vaccine distribution.,0.8662763237953186,0.8662763237953186,"{'label': 'neutral', 'confidence': 0.8212734460830688}",1
63,10,right,headline,text,random,6,0,negative,Why did Amazon wait until Bidens inauguration to offer help with vaccine distribution?,Amazon waited until Biden's inauguration to offer assistance with vaccine distribution.,0.8662763237953186,0.8662763237953186,"{'label': 'neutral', 'confidence': 0.8212734460830688}",1
63,10,right,headline,text,random,11,1,negative,Why did Amazon wait until Bidens inauguration to offer help with vaccine distribution?,Amazon delayed offering assistance for vaccine distribution until after Biden's inauguration.,0.8421252965927124,0.8015717267990112,"{'label': 'neutral', 'confidence': 0.5237284302711487}",2
63,10,right,headline,text,random,4,1,positive,Why did Amazon wait until Bidens inauguration to offer help with vaccine distribution?,Amazon waited until after Joe Biden's inauguration to offer assistance with vaccine distribution.,0.9863371253013611,0.8530952334403992,"{'label': 'neutral', 'confidence': 0.8142656683921814}",2
63,10,right,headline,text,random,3,2,negative,Why did Amazon wait until Bidens inauguration to offer help with vaccine distribution?,Amazon chose to wait until after Biden's inauguration to offer its support in helping with vaccine distribution efforts.,0.8909789323806763,0.7505753040313721,"{'label': 'neutral', 'confidence': 0.8401802182197571}",2
63,10,right,headline,text,random,9,10,neutral,Why did Amazon wait until Bidens inauguration to offer help with vaccine distribution?,Amazon chose to wait until after President Biden's inauguration to offer its support in vaccine distribution efforts.,0.8794586658477783,0.7519997954368591,"{'label': 'neutral', 'confidence': 0.8056256771087646}",2
63,10,right,headline,text,random,8,10,negative,Why did Amazon wait until Bidens inauguration to offer help with vaccine distribution?,Amazon chose to wait until after Biden's inauguration to offer its support in helping with vaccine distribution efforts.,0.8909789323806763,0.7505753040313721,"{'label': 'neutral', 'confidence': 0.8401802182197571}",2
63,10,right,headline,text,random,5,6,positive,Why did Amazon wait until Bidens inauguration to offer help with vaccine distribution?,"Amazon held back on offering assistance for vaccine distribution until after Joe Biden's inauguration, showing a significant delay in supporting public health efforts.",0.8093880414962769,0.8014551401138306,"{'label': 'negative', 'confidence': 0.742488443851471}",2
63,10,right,headline,text,random,7,6,positive,Why did Amazon wait until Bidens inauguration to offer help with vaccine distribution?,Amazon delayed offering assistance for vaccine distribution until after Joe Biden's inauguration.,0.861116886138916,0.8233785629272461,"{'label': 'neutral', 'confidence': 0.5393825173377991}",2
64,1,left,headline,text,random,99,0,positive,Chicago Gun Violence Spikes and Increasingly Finds the Youngest Victims,"Chicago has seen a spike in gun violence, with increasingly younger victims.",0.9179759621620178,0.9179759621620178,"{'label': 'negative', 'confidence': 0.6305265426635742}",1
64,1,left,headline,text,random,98,0,positive,Chicago Gun Violence Spikes and Increasingly Finds the Youngest Victims,"Chicago experiences a spike in gun violence, with an increasing number of victims being young individuals.",0.8890269994735718,0.8890269994735718,"{'label': 'negative', 'confidence': 0.7688367366790771}",1
64,1,left,headline,text,random,36,0,neutral,Chicago Gun Violence Spikes and Increasingly Finds the Youngest Victims,"Chicago has seen a rise in gun violence, with incidents involving younger victims becoming more frequent.",0.9108667969703674,0.9108667969703674,"{'label': 'negative', 'confidence': 0.6427894234657288}",1
64,1,left,headline,text,random,37,0,negative,Chicago Gun Violence Spikes and Increasingly Finds the Youngest Victims,"Chicago is experiencing a spike in gun violence, with an increasing number of victims being young individuals.",0.9009278416633606,0.9009278416633606,"{'label': 'negative', 'confidence': 0.7731626033782959}",1
64,1,left,headline,text,random,97,99,neutral,Chicago Gun Violence Spikes and Increasingly Finds the Youngest Victims,"Chicago is experiencing an increase in gun violence, affecting younger individuals more frequently than before.",0.9552571773529053,0.9010190963745117,"{'label': 'negative', 'confidence': 0.7315696477890015}",2
64,1,left,headline,text,random,1,99,positive,Chicago Gun Violence Spikes and Increasingly Finds the Youngest Victims,"Chicago is facing an increase in gun violence incidents, affecting younger individuals more frequently than before.",0.9494364261627197,0.9026429653167725,"{'label': 'negative', 'confidence': 0.6735985279083252}",2
64,1,left,headline,text,random,35,36,neutral,Chicago Gun Violence Spikes and Increasingly Finds the Youngest Victims,"Chicago has experienced an increase in gun violence, with more incidents now involving younger victims.",0.9881110787391663,0.9092393517494202,"{'label': 'negative', 'confidence': 0.7105180621147156}",2
64,1,left,headline,text,random,38,36,negative,Chicago Gun Violence Spikes and Increasingly Finds the Youngest Victims,"Chicago has experienced an increase in gun violence, with more incidents involving younger victims occurring frequently.",0.9931280612945557,0.9079084396362305,"{'label': 'negative', 'confidence': 0.6645082831382751}",2
64,1,left,headline,text,random,39,37,neutral,Chicago Gun Violence Spikes and Increasingly Finds the Youngest Victims,"Chicago is witnessing a surge in gun violence, with many young people becoming victims of this alarming trend.",0.9697595834732056,0.8819255232810974,"{'label': 'negative', 'confidence': 0.842675507068634}",2
64,1,left,headline,text,random,47,37,neutral,Chicago Gun Violence Spikes and Increasingly Finds the Youngest Victims,"Chicago is facing a sharp rise in gun violence, with many young people becoming victims.",0.9555245637893677,0.8775495886802673,"{'label': 'negative', 'confidence': 0.8323506712913513}",2
64,1,left,headline,text,random,96,97,positive,Chicago Gun Violence Spikes and Increasingly Finds the Youngest Victims,"Chicago has seen a rise in gun violence, with younger people being affected more often now than in the past.",0.9759081602096558,0.8743866086006165,"{'label': 'negative', 'confidence': 0.7142614722251892}",3
64,1,left,headline,text,random,95,97,positive,Chicago Gun Violence Spikes and Increasingly Finds the Youngest Victims,"Chicago is seeing a rise in gun violence, with younger people being affected more often now than before.",0.9872013330459595,0.8914034366607666,"{'label': 'negative', 'confidence': 0.7399154305458069}",3
64,1,left,headline,text,random,2,1,positive,Chicago Gun Violence Spikes and Increasingly Finds the Youngest Victims,"Chicago is experiencing a rise in gun violence incidents, with a particular concern for its younger residents who are being affected more often now than in previous times.",0.9795308709144592,0.8807600736618042,"{'label': 'negative', 'confidence': 0.6399559378623962}",3
64,1,left,headline,text,random,3,1,neutral,Chicago Gun Violence Spikes and Increasingly Finds the Youngest Victims,"Chicago is experiencing a rise in gun violence incidents, with a noticeable impact on younger members of the community.",0.9811753034591675,0.8849403858184814,"{'label': 'neutral', 'confidence': 0.510694146156311}",3
64,1,left,headline,text,random,34,35,negative,Chicago Gun Violence Spikes and Increasingly Finds the Youngest Victims,"Chicago has seen a rise in gun violence, with newer incidents affecting younger victims.",0.9824408292770386,0.9076806902885437,"{'label': 'negative', 'confidence': 0.54023277759552}",3
64,1,left,headline,text,random,33,35,neutral,Chicago Gun Violence Spikes and Increasingly Finds the Youngest Victims,"Chicago has seen an uptick in gun violence, including more cases where younger people are among the victims.",0.9785774946212769,0.8989183902740479,"{'label': 'negative', 'confidence': 0.6873809099197388}",3
64,1,left,headline,text,random,90,38,negative,Chicago Gun Violence Spikes and Increasingly Finds the Youngest Victims,"Chicago is facing a surge in gun violence, witnessing a rise in incidents that disproportionately affect younger victims and occur with increasing frequency.",0.9414905309677124,0.8937934637069702,"{'label': 'negative', 'confidence': 0.7453703284263611}",3
64,1,left,headline,text,random,40,39,positive,Chicago Gun Violence Spikes and Increasingly Finds the Youngest Victims,"Chicago is experiencing an increase in gun violence, affecting many young people.",0.9715231657028198,0.8697445392608643,"{'label': 'negative', 'confidence': 0.8098376989364624}",3
64,1,left,headline,text,random,48,39,negative,Chicago Gun Violence Spikes and Increasingly Finds the Youngest Victims,"Chicago is experiencing an increase in gun violence, affecting many young people.",0.9715231657028198,0.8697445392608643,"{'label': 'negative', 'confidence': 0.8098376989364624}",3
64,1,left,headline,text,random,46,47,negative,Chicago Gun Violence Spikes and Increasingly Finds the Youngest Victims,"Chicago is experiencing an increase in gun violence, affecting many young people.",0.9694871306419373,0.8697445392608643,"{'label': 'negative', 'confidence': 0.8098376989364624}",3
64,1,left,headline,text,random,45,47,positive,Chicago Gun Violence Spikes and Increasingly Finds the Youngest Victims,"Chicago is experiencing an increase in gun violence, affecting many young people as victims.",0.9745825529098511,0.8900105953216553,"{'label': 'negative', 'confidence': 0.8343687057495117}",3
64,1,left,headline,text,random,49,47,neutral,Chicago Gun Violence Spikes and Increasingly Finds the Youngest Victims,"Chicago is experiencing an increase in gun violence, affecting many young people.",0.9694871306419373,0.8697445392608643,"{'label': 'negative', 'confidence': 0.8098376989364624}",3
64,1,left,headline,text,random,94,96,neutral,Chicago Gun Violence Spikes and Increasingly Finds the Youngest Victims,"Chicago has experienced an increase in gun violence, and unfortunately, younger individuals are now disproportionately affected compared to before.",0.9271062612533569,0.8468681573867798,"{'label': 'negative', 'confidence': 0.8712842464447021}",4
64,1,left,headline,text,random,10,96,negative,Chicago Gun Violence Spikes and Increasingly Finds the Youngest Victims,"Chicago has experienced an increase in gun violence, and unfortunately, younger individuals are now being impacted more frequently than before.",0.9320802688598633,0.865368127822876,"{'label': 'negative', 'confidence': 0.8743249177932739}",4
64,1,left,headline,text,random,93,95,positive,Chicago Gun Violence Spikes and Increasingly Finds the Youngest Victims,"There has been an increase in gun violence in Chicago, and it's affecting younger individuals more frequently than in previous times.",0.9572170376777649,0.8516167998313904,"{'label': 'negative', 'confidence': 0.7394852042198181}",4
64,1,left,headline,text,random,91,95,neutral,Chicago Gun Violence Spikes and Increasingly Finds the Youngest Victims,"Chicago is experiencing an increase in gun violence, and unfortunately, younger individuals are now more frequently impacted compared to before.",0.9389575719833374,0.8648542165756226,"{'label': 'negative', 'confidence': 0.8688379526138306}",4
64,1,left,headline,text,random,4,2,positive,Chicago Gun Violence Spikes and Increasingly Finds the Youngest Victims,"Chicago is seeing an increase in gun violence incidents, with a special concern for younger residents who are currently being impacted more frequently than before.",0.9910345673561096,0.8857010006904602,"{'label': 'negative', 'confidence': 0.6123399138450623}",4
64,1,left,headline,text,random,5,3,neutral,Chicago Gun Violence Spikes and Increasingly Finds the Youngest Victims,"Chicago is seeing an increase in gun violence incidents, which is particularly affecting younger members of the community.",0.9909946322441101,0.8915872573852539,"{'label': 'negative', 'confidence': 0.7050457000732422}",4
64,1,left,headline,text,random,18,3,neutral,Chicago Gun Violence Spikes and Increasingly Finds the Youngest Victims,"Chicago has seen an increase in gun violence incidents, particularly affecting younger individuals in the community.",0.9893186688423157,0.8871641159057617,"{'label': 'negative', 'confidence': 0.5536532402038574}",4
64,1,left,headline,text,random,32,34,neutral,Chicago Gun Violence Spikes and Increasingly Finds the Youngest Victims,"Chicago is experiencing an increase in gun violence, with recent incidents impacting younger victims at higher rates.",0.9788276553153992,0.9171136617660522,"{'label': 'negative', 'confidence': 0.7242868542671204}",4
64,1,left,headline,text,random,29,34,positive,Chicago Gun Violence Spikes and Increasingly Finds the Youngest Victims,"Chicago is experiencing an alarming increase in gun violence, with recent incidents disproportionately impacting younger victims.",0.9568990468978882,0.907407820224762,"{'label': 'negative', 'confidence': 0.864328145980835}",4
64,1,left,headline,text,random,58,34,negative,Chicago Gun Violence Spikes and Increasingly Finds the Youngest Victims,"Chicago is experiencing an increase in gun violence, with recent incidents disproportionately impacting younger victims.",0.9760468006134033,0.9129736423492432,"{'label': 'negative', 'confidence': 0.7471368312835693}",4
64,1,left,headline,text,random,31,33,positive,Chicago Gun Violence Spikes and Increasingly Finds the Youngest Victims,"Chicago has experienced an increase in gun violence, with more incidents involving younger victims.",0.9827631115913391,0.9109310507774353,"{'label': 'negative', 'confidence': 0.6742464303970337}",4
64,1,left,headline,text,random,88,90,negative,Chicago Gun Violence Spikes and Increasingly Finds the Youngest Victims,"Chicago is grappling with a spike in gun violence, experiencing a noticeable increase in incidents that severely impact younger victims and are becoming more frequent.",0.9709798693656921,0.9056621193885803,"{'label': 'negative', 'confidence': 0.8299592137336731}",4
64,1,left,headline,text,random,92,90,positive,Chicago Gun Violence Spikes and Increasingly Finds the Youngest Victims,"Chicago is grappling with a concerning spike in gun violence, seeing a significant increase in incidents that particularly impact younger individuals and are becoming more frequent.",0.9680989384651184,0.8900569677352905,"{'label': 'negative', 'confidence': 0.8137708902359009}",4
64,1,left,headline,text,random,42,40,neutral,Chicago Gun Violence Spikes and Increasingly Finds the Youngest Victims,"Chicago is facing a rise in gun violence, which is impacting many young individuals in the community.",0.9680899977684021,0.83238285779953,"{'label': 'negative', 'confidence': 0.7645310759544373}",4
64,1,left,headline,text,random,53,40,positive,Chicago Gun Violence Spikes and Increasingly Finds the Youngest Victims,"Chicago is facing a rise in gun violence, which is impacting numerous young individuals in the city.",0.9776063561439514,0.8423928618431091,"{'label': 'negative', 'confidence': 0.7658573389053345}",4
64,1,left,headline,text,random,41,48,positive,Chicago Gun Violence Spikes and Increasingly Finds the Youngest Victims,"Chicago is seeing a rise in gun violence, severely impacting numerous young individuals.",0.9858592748641968,0.8789665699005127,"{'label': 'negative', 'confidence': 0.8593741655349731}",4
64,1,left,headline,text,random,44,46,negative,Chicago Gun Violence Spikes and Increasingly Finds the Youngest Victims,Chicago is facing a rise in gun violence that is severely impacting numerous young people.,0.9830644130706787,0.8580753803253174,"{'label': 'negative', 'confidence': 0.877787172794342}",4
64,1,left,headline,text,random,43,45,positive,Chicago Gun Violence Spikes and Increasingly Finds the Youngest Victims,"Chicago is seeing a rise in gun violence, which is impacting numerous young individuals who are affected as victims.",0.9798268675804138,0.8639166355133057,"{'label': 'negative', 'confidence': 0.7996483445167542}",4
64,1,left,headline,text,random,50,49,neutral,Chicago Gun Violence Spikes and Increasingly Finds the Youngest Victims,"Chicago is seeing a rise in gun violence, impacting many young people.",0.9924904704093933,0.8618549704551697,"{'label': 'negative', 'confidence': 0.8223233222961426}",4
64,1,left,headline,text,random,61,49,positive,Chicago Gun Violence Spikes and Increasingly Finds the Youngest Victims,"Chicago has seen an rise in gun violence, impacting many young individuals.",0.9880362749099731,0.8582504987716675,"{'label': 'negative', 'confidence': 0.7976241111755371}",4
64,1,left,headline,text,random,9,10,neutral,Chicago Gun Violence Spikes and Increasingly Finds the Youngest Victims,"Chicago is seeing a concerning rise in gun violence, with younger people increasingly becoming victims more often than in the past.",0.9344291687011719,0.9092246294021606,"{'label': 'negative', 'confidence': 0.8188480734825134}",5
64,1,left,headline,text,random,11,10,negative,Chicago Gun Violence Spikes and Increasingly Finds the Youngest Victims,"Chicago is seeing a rise in gun violence, with younger people increasingly becoming victims more often than in the past.",0.9220783114433289,0.912371039390564,"{'label': 'negative', 'confidence': 0.7618175148963928}",5
64,1,left,headline,text,random,8,10,negative,Chicago Gun Violence Spikes and Increasingly Finds the Youngest Victims,"Chicago is witnessing a rise in gun violence, with younger people unfortunately bearing a greater share of this troubling trend now more than ever.",0.9802471399307251,0.8721665143966675,"{'label': 'negative', 'confidence': 0.8696324825286865}",5
64,1,left,headline,text,random,12,10,positive,Chicago Gun Violence Spikes and Increasingly Finds the Youngest Victims,"Chicago is witnessing a rise in gun violence, with younger people falling victim more often nowadays.",0.944495677947998,0.8954399824142456,"{'label': 'negative', 'confidence': 0.7339449524879456}",5
64,1,left,headline,text,random,89,93,positive,Chicago Gun Violence Spikes and Increasingly Finds the Youngest Victims,"Unfortunately, there has been a rise in gun violence in Chicago, with younger people being impacted more often than before.",0.974004328250885,0.8484898805618286,"{'label': 'negative', 'confidence': 0.8688271045684814}",5
64,1,left,headline,text,random,24,93,negative,Chicago Gun Violence Spikes and Increasingly Finds the Youngest Victims,"Unfortunately, there has been a rise in gun violence in Chicago, with a notable impact on younger people occurring more frequently than before.",0.9759700298309326,0.8614976406097412,"{'label': 'negative', 'confidence': 0.8472679853439331}",5
64,1,left,headline,text,random,6,4,neutral,Chicago Gun Violence Spikes and Increasingly Finds the Youngest Victims,"Chicago is experiencing an uptick in gun violence incidents, particularly affecting younger residents, who are unfortunately being impacted more frequently now than in the past.",0.9770081639289856,0.8806639313697815,"{'label': 'negative', 'confidence': 0.8317815065383911}",5
64,1,left,headline,text,random,19,4,neutral,Chicago Gun Violence Spikes and Increasingly Finds the Youngest Victims,"Chicago is experiencing an uptick in gun violence incidents, with particular attention needed for younger residents, who are unfortunately facing this issue more often now than in the past.",0.9726004600524902,0.872188925743103,"{'label': 'negative', 'confidence': 0.7771788239479065}",5
64,1,left,headline,text,random,7,5,neutral,Chicago Gun Violence Spikes and Increasingly Finds the Youngest Victims,"Chicago is experiencing a rise in gun violence incidents, with younger members of the community being particularly affected.",0.989620566368103,0.8942111134529114,"{'label': 'negative', 'confidence': 0.768754243850708}",5
64,1,left,headline,text,random,85,5,positive,Chicago Gun Violence Spikes and Increasingly Finds the Youngest Victims,"Chicago has experienced an uptick in gun violence incidents, with a notable impact on younger residents.",0.9691388607025146,0.873932957649231,"{'label': 'neutral', 'confidence': 0.6052385568618774}",5
64,1,left,headline,text,random,16,18,neutral,Chicago Gun Violence Spikes and Increasingly Finds the Youngest Victims,"Chicago has experienced a rise in gun violence incidents, with younger members of the community being particularly affected.",0.9866499900817871,0.8846824169158936,"{'label': 'negative', 'confidence': 0.7655633687973022}",5
64,1,left,headline,text,random,20,18,positive,Chicago Gun Violence Spikes and Increasingly Finds the Youngest Victims,"Chicago has experienced a rise in gun violence incidents, with younger members of the community being particularly affected.",0.9866499900817871,0.8846824169158936,"{'label': 'negative', 'confidence': 0.7655633687973022}",5
64,1,left,headline,text,random,30,32,negative,Chicago Gun Violence Spikes and Increasingly Finds the Youngest Victims,"Chicago has seen a rise in gun violence, affecting more young victims recently.",0.9720301032066345,0.8942189812660217,"{'label': 'negative', 'confidence': 0.6860700845718384}",5
64,1,left,headline,text,random,28,29,negative,Chicago Gun Violence Spikes and Increasingly Finds the Youngest Victims,"Chicago is seeing concerning rises in gun violence, with many recent incidents particularly affecting young individuals.",0.9693264365196228,0.8804856538772583,"{'label': 'negative', 'confidence': 0.6409706473350525}",5
64,1,left,headline,text,random,27,29,neutral,Chicago Gun Violence Spikes and Increasingly Finds the Youngest Victims,"Chicago is facing a concerning rise in gun violence, and unfortunately, recent incidents have particularly affected younger individuals.",0.9418830871582031,0.8527427315711975,"{'label': 'negative', 'confidence': 0.8833224177360535}",5
64,1,left,headline,text,random,57,58,positive,Chicago Gun Violence Spikes and Increasingly Finds the Youngest Victims,"Chicago is facing a rise in gun violence, with recent outbreaks having a particularly devastating impact on younger victims.",0.974123477935791,0.9029421806335449,"{'label': 'negative', 'confidence': 0.8793521523475647}",5
64,1,left,headline,text,random,59,58,negative,Chicago Gun Violence Spikes and Increasingly Finds the Youngest Victims,"Chicago is witnessing a rise in gun violence, which has had particularly devastating effects on younger victims recently.",0.9713960289955139,0.8920949101448059,"{'label': 'negative', 'confidence': 0.8942065238952637}",5
64,1,left,headline,text,random,56,58,negative,Chicago Gun Violence Spikes and Increasingly Finds the Youngest Victims,"Chicago is facing a surge in gun violence, with recent incidents having a particularly devastating impact on younger victims.",0.9775470495223999,0.9048349857330322,"{'label': 'negative', 'confidence': 0.8827120661735535}",5
64,1,left,headline,text,random,60,58,positive,Chicago Gun Violence Spikes and Increasingly Finds the Youngest Victims,"Chicago is facing a rise in gun violence, with recent incidents having a disproportionate impact on younger victims.",0.9935585260391235,0.908598780632019,"{'label': 'negative', 'confidence': 0.7611571550369263}",5
64,1,left,headline,text,random,87,88,negative,Chicago Gun Violence Spikes and Increasingly Finds the Youngest Victims,"Chicago is facing a disturbing rise in gun violence, witnessing a concerning uptick in severe incidents that predominantly affect younger victims and are occurring with increasing regularity.",0.9791501760482788,0.8964804410934448,"{'label': 'negative', 'confidence': 0.8849871158599854}",5
64,1,left,headline,text,random,86,88,negative,Chicago Gun Violence Spikes and Increasingly Finds the Youngest Victims,"Chicago is facing a surge in gun violence, witnessing a notable rise in incidents that disproportionately affect younger victims and are occurring with greater frequency.",0.9664591550827026,0.8922756314277649,"{'label': 'negative', 'confidence': 0.703970730304718}",5
64,1,left,headline,text,random,52,53,neutral,Chicago Gun Violence Spikes and Increasingly Finds the Youngest Victims,"Chicago is experiencing an increase in gun violence, affecting many young people in the community.",0.9799549579620361,0.8677242994308472,"{'label': 'negative', 'confidence': 0.7796134948730469}",5
64,1,left,headline,text,random,54,53,neutral,Chicago Gun Violence Spikes and Increasingly Finds the Youngest Victims,"Chicago is experiencing an increase in gun violence, affecting many young people in the city.",0.976186990737915,0.8695584535598755,"{'label': 'negative', 'confidence': 0.7746382355690002}",5
64,1,left,headline,text,random,51,53,neutral,Chicago Gun Violence Spikes and Increasingly Finds the Youngest Victims,"Chicago is experiencing an increase in gun violence, affecting many young people in the city.",0.976186990737915,0.8695584535598755,"{'label': 'negative', 'confidence': 0.7746382355690002}",5
64,1,left,headline,text,random,55,53,positive,Chicago Gun Violence Spikes and Increasingly Finds the Youngest Victims,"Chicago is experiencing an increase in gun violence, affecting many young people in the city.",0.976186990737915,0.8695584535598755,"{'label': 'negative', 'confidence': 0.7746382355690002}",5
64,1,left,headline,text,random,62,61,negative,Chicago Gun Violence Spikes and Increasingly Finds the Youngest Victims,"Chicago has experienced an increase in gun violence, affecting numerous young people in the community.",0.9867676496505737,0.8619664907455444,"{'label': 'negative', 'confidence': 0.7896258234977722}",5
64,1,left,headline,text,random,63,61,neutral,Chicago Gun Violence Spikes and Increasingly Finds the Youngest Victims,"Chicago has experienced an increase in gun violence, affecting numerous young people.",0.9865503907203674,0.8636442422866821,"{'label': 'negative', 'confidence': 0.8139830231666565}",5
64,1,left,headline,text,random,15,61,positive,Chicago Gun Violence Spikes and Increasingly Finds the Youngest Victims,"Chicago has experienced an increase in gun violence, affecting numerous young people in the community.",0.9867676496505737,0.8619664907455444,"{'label': 'negative', 'confidence': 0.7896258234977722}",5
64,1,left,headline,text,random,13,11,neutral,Chicago Gun Violence Spikes and Increasingly Finds the Youngest Victims,"Chicago is experiencing an uptick in gun violence, with younger individuals now frequently falling victim to it more so than in previous years.",0.9792733788490295,0.9035918712615967,"{'label': 'negative', 'confidence': 0.7413772940635681}",6
64,1,left,headline,text,random,67,8,positive,Chicago Gun Violence Spikes and Increasingly Finds the Youngest Victims,"The situation in Chicago is deteriorating as gun violence is on the rise, and younger individuals are disproportionately affected by this alarming trend more so than before.",0.9461934566497803,0.792400598526001,"{'label': 'negative', 'confidence': 0.9073869585990906}",6
64,1,left,headline,text,random,14,12,neutral,Chicago Gun Violence Spikes and Increasingly Finds the Youngest Victims,"Chicago is experiencing an increase in gun violence, and there's been a notable trend of younger individuals being affected more frequently.",0.9498064517974854,0.8608202338218689,"{'label': 'negative', 'confidence': 0.7223751544952393}",6
64,1,left,headline,text,random,17,12,neutral,Chicago Gun Violence Spikes and Increasingly Finds the Youngest Victims,"Chicago is experiencing an increase in gun violence, and unfortunately, younger individuals are becoming victims more frequently.",0.9477157592773438,0.8806595802307129,"{'label': 'negative', 'confidence': 0.8900747895240784}",6
64,1,left,headline,text,random,23,24,positive,Chicago Gun Violence Spikes and Increasingly Finds the Youngest Victims,"Sadly, gun violence has increased in Chicago, disproportionately affecting younger individuals at a higher frequency than in the past.",0.9791396260261536,0.8797975182533264,"{'label': 'negative', 'confidence': 0.8982176184654236}",6
64,1,left,headline,text,random,25,24,neutral,Chicago Gun Violence Spikes and Increasingly Finds the Youngest Victims,"Sadly, gun violence has increased in Chicago, disproportionately affecting younger individuals more often than in the past.",0.9780544638633728,0.8772947192192078,"{'label': 'negative', 'confidence': 0.9000629186630249}",6
64,1,left,headline,text,random,22,24,positive,Chicago Gun Violence Spikes and Increasingly Finds the Youngest Victims,"Unfortunately, gun violence has increased in Chicago, disproportionately affecting younger individuals more frequently now than in the past.",0.9776415824890137,0.8616067171096802,"{'label': 'negative', 'confidence': 0.8930195569992065}",6
64,1,left,headline,text,random,26,24,positive,Chicago Gun Violence Spikes and Increasingly Finds the Youngest Victims,"Unfortunately, gun violence has increased significantly in Chicago, disproportionately affecting younger individuals more often than in the past.",0.9743499159812927,0.8675062656402588,"{'label': 'negative', 'confidence': 0.8925905823707581}",6
64,1,left,headline,text,random,73,6,positive,Chicago Gun Violence Spikes and Increasingly Finds the Youngest Victims,"Chicago has seen an increase in gun violence incidents, with younger residents being affected more often now compared to previous years.",0.9567073583602905,0.8839619755744934,"{'label': 'negative', 'confidence': 0.6849784255027771}",6
64,1,left,headline,text,random,21,19,positive,Chicago Gun Violence Spikes and Increasingly Finds the Youngest Victims,"Chicago has seen an increase in gun violence incidents, particularly affecting younger residents who are encountering this problem more frequently than before.",0.9804481267929077,0.8746587038040161,"{'label': 'negative', 'confidence': 0.7432464957237244}",6
64,1,left,headline,text,random,84,85,negative,Chicago Gun Violence Spikes and Increasingly Finds the Youngest Victims,"Chicago is seeing an increase in gun violence incidents, which is particularly concerning for younger residents.",0.9654682874679565,0.8907762169837952,"{'label': 'negative', 'confidence': 0.8280813097953796}",6
64,1,left,headline,text,random,64,62,positive,Chicago Gun Violence Spikes and Increasingly Finds the Youngest Victims,Chicago is seeing a rise in gun violence that is having a devastating impact on many young people within the community.,0.9766849875450134,0.8468204736709595,"{'label': 'negative', 'confidence': 0.8931438326835632}",6
64,1,left,headline,text,random,65,63,negative,Chicago Gun Violence Spikes and Increasingly Finds the Youngest Victims,"Chicago has seen an uptick in gun violence, impacting many young individuals.",0.9898142218589783,0.8660731911659241,"{'label': 'negative', 'confidence': 0.775177538394928}",6
64,1,left,headline,text,random,66,63,negative,Chicago Gun Violence Spikes and Increasingly Finds the Youngest Victims,"Chicago has seen an uptick in gun violence, impacting many young individuals.",0.9898142218589783,0.8660731911659241,"{'label': 'negative', 'confidence': 0.775177538394928}",6
64,1,left,headline,text,random,69,67,neutral,Chicago Gun Violence Spikes and Increasingly Finds the Youngest Victims,"The situation in Chicago is becoming more challenging due to an increase in gun violence, particularly affecting younger people more significantly than in the past.",0.9258075952529907,0.7585120797157288,"{'label': 'negative', 'confidence': 0.8283553719520569}",7
64,1,left,headline,text,random,80,67,neutral,Chicago Gun Violence Spikes and Increasingly Finds the Youngest Victims,"The situation in Chicago is concerning with an increase in gun violence, but there's a particular concern for younger individuals who seem to be impacted more significantly now compared to earlier periods.",0.9616767764091492,0.8078868389129639,"{'label': 'negative', 'confidence': 0.7561469674110413}",7
64,1,left,headline,text,random,68,67,positive,Chicago Gun Violence Spikes and Increasingly Finds the Youngest Victims,"The situation in Chicago is becoming increasingly challenging due to a rise in gun violence, with younger individuals experiencing this concern at an even greater rate compared to previous years.",0.9672461748123169,0.782395601272583,"{'label': 'negative', 'confidence': 0.834208071231842}",7
64,1,left,headline,text,random,82,14,positive,Chicago Gun Violence Spikes and Increasingly Finds the Youngest Victims,"Chicago has seen an uptick in gun violence, with a noticeable increase involving younger people.",0.9207593202590942,0.8858721852302551,"{'label': 'neutral', 'confidence': 0.5638588070869446}",7
64,1,left,headline,text,random,72,73,neutral,Chicago Gun Violence Spikes and Increasingly Finds the Youngest Victims,"Chicago is experiencing a rise in gun violence incidents, and there's been an notable impact on younger residents this year, more so than in the past.",0.9455727338790894,0.863296627998352,"{'label': 'neutral', 'confidence': 0.5053696632385254}",7
64,1,left,headline,text,random,74,73,positive,Chicago Gun Violence Spikes and Increasingly Finds the Youngest Victims,"Chicago is experiencing a rise in gun violence incidents, and there's a noticeable impact on younger residents who are now being affected more frequently than in past years.",0.9613296985626221,0.8736932873725891,"{'label': 'negative', 'confidence': 0.7196347117424011}",7
64,1,left,headline,text,random,71,73,negative,Chicago Gun Violence Spikes and Increasingly Finds the Youngest Victims,"There has been a rise in gun violence incidents in Chicago, and it's noteworthy that younger residents are now more frequently impacted than they were in prior years.",0.9579631090164185,0.8640023469924927,"{'label': 'negative', 'confidence': 0.664207935333252}",7
64,1,left,headline,text,random,75,73,negative,Chicago Gun Violence Spikes and Increasingly Finds the Youngest Victims,"Chicago has noticed a rise in gun violence incidents, and there's an increasing concern about how this is affecting younger residents more frequently than in past years.",0.9581959247589111,0.8715956807136536,"{'label': 'negative', 'confidence': 0.6588646173477173}",7
64,1,left,headline,text,random,83,84,neutral,Chicago Gun Violence Spikes and Increasingly Finds the Youngest Victims,"Chicago is experiencing a rise in gun violence incidents, which is especially worrying for younger residents.",0.9954123497009277,0.8887767791748047,"{'label': 'negative', 'confidence': 0.8171916007995605}",7
64,1,left,headline,text,random,77,66,negative,Chicago Gun Violence Spikes and Increasingly Finds the Youngest Victims,"Chicago is experiencing a surge in gun violence, severely affecting numerous young people.",0.9510979652404785,0.8700176477432251,"{'label': 'negative', 'confidence': 0.8603852987289429}",7
64,1,left,headline,text,random,81,66,neutral,Chicago Gun Violence Spikes and Increasingly Finds the Youngest Victims,"Chicago is experiencing a rise in gun violence, disproportionately affecting young people.",0.9756841659545898,0.8604385852813721,"{'label': 'negative', 'confidence': 0.7921974658966064}",7
64,1,left,headline,text,random,70,69,neutral,Chicago Gun Violence Spikes and Increasingly Finds the Youngest Victims,"Chicago is facing tougher challenges with a rise in gun violence, which has hit younger individuals more than before.",0.9406944513320923,0.7688580751419067,"{'label': 'negative', 'confidence': 0.7045213580131531}",8
64,1,left,headline,text,random,79,80,neutral,Chicago Gun Violence Spikes and Increasingly Finds the Youngest Victims,"There has been an increase in gun violence in Chicago, with younger people being affected more significantly now than in previous periods.",0.9202622175216675,0.866070568561554,"{'label': 'negative', 'confidence': 0.760146975517273}",8
64,1,left,headline,text,random,78,80,neutral,Chicago Gun Violence Spikes and Increasingly Finds the Youngest Victims,"In Chicago, there has been an increase in gun violence, especially affecting younger people more than before.",0.9405050277709961,0.8584648966789246,"{'label': 'negative', 'confidence': 0.6979125142097473}",8
64,1,left,headline,text,random,76,74,neutral,Chicago Gun Violence Spikes and Increasingly Finds the Youngest Victims,"Chicago is seeing an increase in gun violence incidents, with a concerning trend that younger residents are now being impacted more often than in previous years.",0.9661447405815125,0.8864965438842773,"{'label': 'negative', 'confidence': 0.7983455061912537}",8
65,1,left,headline,text,random,1,0,negative,Chicago Gun Violence Spikes and Increasingly Finds the Youngest Victims,"Chicago has seen an increase in gun violence, with younger victims becoming more common.",0.9118760824203491,0.9118760824203491,"{'label': 'negative', 'confidence': 0.7371197938919067}",1
65,1,left,headline,text,random,99,0,positive,Chicago Gun Violence Spikes and Increasingly Finds the Youngest Victims,"Chicago has seen an increase in gun violence, with incidents now affecting younger victims more frequently.",0.9089514017105103,0.9089514017105103,"{'label': 'negative', 'confidence': 0.7133059501647949}",1
65,1,left,headline,text,random,35,0,positive,Chicago Gun Violence Spikes and Increasingly Finds the Youngest Victims,"Chicago has seen an increase in gun violence, with a growing number of incidents involving younger victims.",0.9119844436645508,0.9119844436645508,"{'label': 'negative', 'confidence': 0.6398380994796753}",1
65,1,left,headline,text,random,2,1,neutral,Chicago Gun Violence Spikes and Increasingly Finds the Youngest Victims,"Gun violence in Chicago is on the rise, with a concerning trend of younger victims now making up a larger portion of cases.",0.966712236404419,0.9118627309799194,"{'label': 'negative', 'confidence': 0.819394588470459}",2
65,1,left,headline,text,random,3,1,negative,Chicago Gun Violence Spikes and Increasingly Finds the Youngest Victims,"Chicago is experiencing a rise in gun violence, and there's a concerning trend of younger individuals falling victim to these incidents.",0.8980914354324341,0.8533786535263062,"{'label': 'negative', 'confidence': 0.8174305558204651}",2
65,1,left,headline,text,random,97,99,neutral,Chicago Gun Violence Spikes and Increasingly Finds the Youngest Victims,"Recent data shows an uptick in gun violence in Chicago, impacting younger individuals more often now.",0.9613651037216187,0.8850058317184448,"{'label': 'negative', 'confidence': 0.5914594531059265}",2
65,1,left,headline,text,random,34,35,negative,Chicago Gun Violence Spikes and Increasingly Finds the Youngest Victims,"Chicago is experiencing an uptick in gun violence, with a notable rise in incidents that affect younger individuals.",0.9758709669113159,0.9065341353416443,"{'label': 'negative', 'confidence': 0.5280237793922424}",2
65,1,left,headline,text,random,36,35,neutral,Chicago Gun Violence Spikes and Increasingly Finds the Youngest Victims,"Chicago is experiencing an uptick in gun violence, with a notable rise in incidents affecting younger individuals.",0.9756317138671875,0.9048768281936646,"{'label': 'negative', 'confidence': 0.49607884883880615}",2
65,1,left,headline,text,random,33,35,negative,Chicago Gun Violence Spikes and Increasingly Finds the Youngest Victims,"Recent data shows an uptick in gun violence in Chicago, including an increased number of incidents affecting younger individuals.",0.9658644199371338,0.8850157260894775,"{'label': 'neutral', 'confidence': 0.6259693503379822}",2
65,1,left,headline,text,random,37,35,positive,Chicago Gun Violence Spikes and Increasingly Finds the Youngest Victims,"Recent data shows an uptick in gun violence in Chicago, particularly affecting younger individuals more frequently than before.",0.9509523510932922,0.8856897354125977,"{'label': 'negative', 'confidence': 0.5731709599494934}",2
65,1,left,headline,text,random,4,2,neutral,Chicago Gun Violence Spikes and Increasingly Finds the Youngest Victims,"There has been an increase in gun violence in Chicago, and there is a notable trend of younger individuals becoming more frequently affected by these incidents.",0.937845766544342,0.8516736030578613,"{'label': 'negative', 'confidence': 0.6654380559921265}",3
65,1,left,headline,text,random,5,3,neutral,Chicago Gun Violence Spikes and Increasingly Finds the Youngest Victims,"Chicago is seeing an increase in gun violence, with a worrying trend of younger people becoming victims of these incidents.",0.9465011954307556,0.9097847938537598,"{'label': 'negative', 'confidence': 0.8175626397132874}",3
65,1,left,headline,text,random,96,97,negative,Chicago Gun Violence Spikes and Increasingly Finds the Youngest Victims,"Recent data indicates an increase in gun violence in Chicago, affecting younger people more frequently now.",0.986555814743042,0.878441333770752,"{'label': 'negative', 'confidence': 0.6496330499649048}",3
65,1,left,headline,text,random,95,97,neutral,Chicago Gun Violence Spikes and Increasingly Finds the Youngest Victims,"Recent data indicates an increase in gun violence in Chicago, affecting younger people more frequently now.",0.986555814743042,0.878441333770752,"{'label': 'negative', 'confidence': 0.6496330499649048}",3
65,1,left,headline,text,random,44,97,neutral,Chicago Gun Violence Spikes and Increasingly Finds the Youngest Victims,"Recent data indicates an increase in gun violence in Chicago, affecting younger people more frequently now.",0.986555814743042,0.878441333770752,"{'label': 'negative', 'confidence': 0.6496330499649048}",3
65,1,left,headline,text,random,32,34,positive,Chicago Gun Violence Spikes and Increasingly Finds the Youngest Victims,"Chicago is seeing a surge in gun violence, particularly affecting younger people.",0.9712839126586914,0.8834736347198486,"{'label': 'negative', 'confidence': 0.6633301973342896}",3
65,1,left,headline,text,random,66,34,neutral,Chicago Gun Violence Spikes and Increasingly Finds the Youngest Victims,"Chicago is seeing a concerning increase in gun violence, particularly affecting younger people more than before.",0.9720280170440674,0.8856227397918701,"{'label': 'negative', 'confidence': 0.8026003837585449}",3
65,1,left,headline,text,random,38,36,negative,Chicago Gun Violence Spikes and Increasingly Finds the Youngest Victims,"Chicago has seen an increase in gun violence, particularly affecting younger people.",0.9743342399597168,0.8791831135749817,"{'label': 'negative', 'confidence': 0.7111683487892151}",3
65,1,left,headline,text,random,31,33,positive,Chicago Gun Violence Spikes and Increasingly Finds the Youngest Victims,"Recent data indicates a rise in gun violence in Chicago, with a notable increase in incidents impacting younger people.",0.9913856983184814,0.8905774354934692,"{'label': 'neutral', 'confidence': 0.5962429046630859}",3
65,1,left,headline,text,random,92,33,negative,Chicago Gun Violence Spikes and Increasingly Finds the Youngest Victims,"New data indicates a rise in gun violence in Chicago, with a particular increase in incidents involving younger people.",0.9698526859283447,0.8709086775779724,"{'label': 'neutral', 'confidence': 0.5863226652145386}",3
65,1,left,headline,text,random,39,37,positive,Chicago Gun Violence Spikes and Increasingly Finds the Youngest Victims,"Recent data indicates a rise in gun violence in Chicago, with younger people being affected more often than in previous periods.",0.9749605059623718,0.8793680667877197,"{'label': 'negative', 'confidence': 0.6526934504508972}",3
65,1,left,headline,text,random,40,37,positive,Chicago Gun Violence Spikes and Increasingly Finds the Youngest Victims,"Recent data indicates an increase in gun violence in Chicago, with younger people being affected more often now compared to before.",0.9789566993713379,0.8740213513374329,"{'label': 'negative', 'confidence': 0.6816847920417786}",3
65,1,left,headline,text,random,6,4,neutral,Chicago Gun Violence Spikes and Increasingly Finds the Youngest Victims,"Gun violence has increased in Chicago, with a noticeable trend of younger people being affected more often in these incidents.",0.957666277885437,0.8947911262512207,"{'label': 'negative', 'confidence': 0.7845662832260132}",4
65,1,left,headline,text,random,93,4,neutral,Chicago Gun Violence Spikes and Increasingly Finds the Youngest Victims,"Gun violence has increased in Chicago, with a noticeable trend of involving younger people more frequently.",0.922238826751709,0.8988285064697266,"{'label': 'negative', 'confidence': 0.6896551251411438}",4
65,1,left,headline,text,random,85,4,neutral,Chicago Gun Violence Spikes and Increasingly Finds the Youngest Victims,"Gun violence has increased in Chicago, with a noticeable trend of affecting younger people more often.",0.9333571195602417,0.9001381397247314,"{'label': 'negative', 'confidence': 0.7331782579421997}",4
65,1,left,headline,text,random,7,5,positive,Chicago Gun Violence Spikes and Increasingly Finds the Youngest Victims,"Chicago is experiencing an uptick in gun violence, with a concerning pattern of younger individuals being affected by these incidents.",0.9774448871612549,0.8944306969642639,"{'label': 'negative', 'confidence': 0.7623865008354187}",4
65,1,left,headline,text,random,70,5,positive,Chicago Gun Violence Spikes and Increasingly Finds the Youngest Victims,"There has been an increase in gun violence in Chicago, and there is a concerning trend of more young people being affected by these incidents.",0.9399042129516602,0.8322852253913879,"{'label': 'negative', 'confidence': 0.8191704154014587}",4
65,1,left,headline,text,random,98,96,neutral,Chicago Gun Violence Spikes and Increasingly Finds the Youngest Victims,"New data shows a rise in gun violence in Chicago, with younger individuals being affected more often now.",0.9811714291572571,0.8805744647979736,"{'label': 'negative', 'confidence': 0.6760591864585876}",4
65,1,left,headline,text,random,94,95,neutral,Chicago Gun Violence Spikes and Increasingly Finds the Youngest Victims,"Recent data shows an increase in gun violence in Chicago, with younger individuals being affected more frequently now.",0.9886956810951233,0.8834317922592163,"{'label': 'negative', 'confidence': 0.695782482624054}",4
65,1,left,headline,text,random,43,44,negative,Chicago Gun Violence Spikes and Increasingly Finds the Youngest Victims,"Recent data shows an increase in gun violence in Chicago, with younger individuals being affected more frequently now.",0.9886956810951233,0.8834317922592163,"{'label': 'negative', 'confidence': 0.695782482624054}",4
65,1,left,headline,text,random,42,44,positive,Chicago Gun Violence Spikes and Increasingly Finds the Youngest Victims,"Recent data shows an increase in gun violence in Chicago, with younger individuals being affected more frequently now.",0.9886956810951233,0.8834317922592163,"{'label': 'negative', 'confidence': 0.695782482624054}",4
65,1,left,headline,text,random,46,44,neutral,Chicago Gun Violence Spikes and Increasingly Finds the Youngest Victims,"Recent data shows an increase in gun violence in Chicago, with younger individuals being affected more frequently now.",0.9886956810951233,0.8834317922592163,"{'label': 'negative', 'confidence': 0.695782482624054}",4
65,1,left,headline,text,random,49,44,neutral,Chicago Gun Violence Spikes and Increasingly Finds the Youngest Victims,"Recent data shows an increase in gun violence in Chicago, with younger individuals being affected more frequently now.",0.9886956810951233,0.8834317922592163,"{'label': 'negative', 'confidence': 0.695782482624054}",4
65,1,left,headline,text,random,30,32,positive,Chicago Gun Violence Spikes and Increasingly Finds the Youngest Victims,"Chicago is experiencing an increase in gun violence, with a notable impact on younger individuals.",0.9741940498352051,0.8824818134307861,"{'label': 'negative', 'confidence': 0.6161704659461975}",4
65,1,left,headline,text,random,65,66,negative,Chicago Gun Violence Spikes and Increasingly Finds the Youngest Victims,"There has been an alarming rise in gun violence in Chicago, with younger individuals being affected more significantly than in previous years.",0.9767438173294067,0.8864368200302124,"{'label': 'negative', 'confidence': 0.860528826713562}",4
65,1,left,headline,text,random,67,66,negative,Chicago Gun Violence Spikes and Increasingly Finds the Youngest Victims,"Chicago is experiencing an uptick in gun violence, with younger individuals being affected more significantly than in previous times.",0.9653195142745972,0.8989319801330566,"{'label': 'negative', 'confidence': 0.7504563927650452}",4
65,1,left,headline,text,random,64,66,positive,Chicago Gun Violence Spikes and Increasingly Finds the Youngest Victims,"There has been an increase in gun violence in Chicago, with younger individuals being affected more than in previous periods.",0.9724189639091492,0.8766449093818665,"{'label': 'negative', 'confidence': 0.7095625996589661}",4
65,1,left,headline,text,random,48,66,positive,Chicago Gun Violence Spikes and Increasingly Finds the Youngest Victims,"Chicago is experiencing a notable rise in gun violence, with younger individuals being affected more significantly than in previous periods.",0.97758948802948,0.8947462439537048,"{'label': 'negative', 'confidence': 0.7676888108253479}",4
65,1,left,headline,text,random,41,39,positive,Chicago Gun Violence Spikes and Increasingly Finds the Youngest Victims,"Recent data shows an increase in gun violence in Chicago, with younger individuals now experiencing it more frequently than in past years.",0.9772523641586304,0.8875566124916077,"{'label': 'negative', 'confidence': 0.5869885087013245}",4
65,1,left,headline,text,random,24,39,neutral,Chicago Gun Violence Spikes and Increasingly Finds the Youngest Victims,"Recent data shows an increase in gun violence in Chicago, particularly impacting younger individuals to a greater extent than in past periods.",0.969001293182373,0.8776888251304626,"{'label': 'negative', 'confidence': 0.6305920481681824}",4
65,1,left,headline,text,random,8,6,neutral,Chicago Gun Violence Spikes and Increasingly Finds the Youngest Victims,"Gun violence has risen in Chicago, and there's been an observable increase in younger individuals being impacted by these incidents more frequently.",0.9753126502037048,0.8757038116455078,"{'label': 'negative', 'confidence': 0.7564252614974976}",5
65,1,left,headline,text,random,77,6,positive,Chicago Gun Violence Spikes and Increasingly Finds the Youngest Victims,"Gun violence has risen in Chicago, and there's a notable trend of younger individuals being disproportionately affected by these incidents.",0.9455341696739197,0.8515036106109619,"{'label': 'negative', 'confidence': 0.813065230846405}",5
65,1,left,headline,text,random,91,93,positive,Chicago Gun Violence Spikes and Increasingly Finds the Youngest Victims,"Gun violence has risen in Chicago, and there's been an observed increase in cases involving younger individuals more commonly.",0.9858123064041138,0.8962219953536987,"{'label': 'negative', 'confidence': 0.60355144739151}",5
65,1,left,headline,text,random,84,85,neutral,Chicago Gun Violence Spikes and Increasingly Finds the Youngest Victims,"There has been an increase in gun violence in Chicago, with a trend of impacting younger individuals more frequently.",0.9755939245223999,0.8761342763900757,"{'label': 'negative', 'confidence': 0.603037416934967}",5
65,1,left,headline,text,random,86,85,negative,Chicago Gun Violence Spikes and Increasingly Finds the Youngest Victims,"Gun violence has risen in Chicago, showing a trend of impacting younger individuals more frequently.",0.9862228631973267,0.9038475155830383,"{'label': 'negative', 'confidence': 0.7073644399642944}",5
65,1,left,headline,text,random,83,85,negative,Chicago Gun Violence Spikes and Increasingly Finds the Youngest Victims,"There has been an increase in gun violence in Chicago, with a trend of impacting younger individuals more frequently.",0.9755939245223999,0.8761342763900757,"{'label': 'negative', 'confidence': 0.603037416934967}",5
65,1,left,headline,text,random,9,7,positive,Chicago Gun Violence Spikes and Increasingly Finds the Youngest Victims,"Chicago is seeing an increase in gun violence cases, with a notable trend impacting younger people more frequently.",0.9715631604194641,0.8915387392044067,"{'label': 'negative', 'confidence': 0.5131216645240784}",5
65,1,left,headline,text,random,71,70,positive,Chicago Gun Violence Spikes and Increasingly Finds the Youngest Victims,"There has been an uptick in gun violence in Chicago, with a notable concern that it is affecting more young individuals than before.",0.9672905206680298,0.8746368288993835,"{'label': 'negative', 'confidence': 0.6873636245727539}",5
65,1,left,headline,text,random,68,70,neutral,Chicago Gun Violence Spikes and Increasingly Finds the Youngest Victims,"There has been an uptick in gun violence in Chicago, with a notable concern that more young individuals are becoming involved in these incidents.",0.9609768390655518,0.860546350479126,"{'label': 'negative', 'confidence': 0.7219642996788025}",5
65,1,left,headline,text,random,45,43,negative,Chicago Gun Violence Spikes and Increasingly Finds the Youngest Victims,"New data indicates a rise in gun violence in Chicago, with younger people experiencing it more often lately.",0.9643094539642334,0.8721486330032349,"{'label': 'neutral', 'confidence': 0.4988369047641754}",5
65,1,left,headline,text,random,47,46,negative,Chicago Gun Violence Spikes and Increasingly Finds the Youngest Victims,"Recent data indicates an increase in gun violence in Chicago, affecting younger individuals more frequently now.",0.991990327835083,0.8782640099525452,"{'label': 'negative', 'confidence': 0.6328265070915222}",5
65,1,left,headline,text,random,27,46,neutral,Chicago Gun Violence Spikes and Increasingly Finds the Youngest Victims,"Recent data indicates an increase in gun violence in Chicago, affecting younger individuals more frequently now.",0.991990327835083,0.8782640099525452,"{'label': 'negative', 'confidence': 0.6328265070915222}",5
65,1,left,headline,text,random,50,49,neutral,Chicago Gun Violence Spikes and Increasingly Finds the Youngest Victims,"Recent data indicates an increase in gun violence in Chicago, affecting younger individuals more frequently now.",0.991990327835083,0.8782640099525452,"{'label': 'negative', 'confidence': 0.6328265070915222}",5
65,1,left,headline,text,random,51,49,neutral,Chicago Gun Violence Spikes and Increasingly Finds the Youngest Victims,"Recently, there has been an uptick in gun violence in Chicago, affecting younger people more often now.",0.9539741277694702,0.8636601567268372,"{'label': 'negative', 'confidence': 0.7005861401557922}",5
65,1,left,headline,text,random,29,30,neutral,Chicago Gun Violence Spikes and Increasingly Finds the Youngest Victims,"Chicago is facing a rise in gun violence, which has had a significant effect on younger people in the community.",0.9802451729774475,0.8429936766624451,"{'label': 'negative', 'confidence': 0.5213721394538879}",5
65,1,left,headline,text,random,63,65,neutral,Chicago Gun Violence Spikes and Increasingly Finds the Youngest Victims,"Chicago is witnessing a concerning surge in gun violence, particularly impacting younger people to a greater extent than before.",0.9784780740737915,0.8775731325149536,"{'label': 'negative', 'confidence': 0.8098239898681641}",5
65,1,left,headline,text,random,69,67,positive,Chicago Gun Violence Spikes and Increasingly Finds the Youngest Victims,"Chicago is seeing a rise in gun violence, particularly impacting younger people to a greater extent than before.",0.9714518785476685,0.881476879119873,"{'label': 'negative', 'confidence': 0.7078728079795837}",5
65,1,left,headline,text,random,17,67,negative,Chicago Gun Violence Spikes and Increasingly Finds the Youngest Victims,"Chicago is seeing a rise in gun violence, with younger people hit harder than before.",0.9631739258766174,0.8855555057525635,"{'label': 'negative', 'confidence': 0.7270548343658447}",5
65,1,left,headline,text,random,62,64,negative,Chicago Gun Violence Spikes and Increasingly Finds the Youngest Victims,"Gun violence has risen in Chicago, impacting younger people to a greater extent than in past periods.",0.9715985655784607,0.8907793760299683,"{'label': 'negative', 'confidence': 0.7817822694778442}",5
65,1,left,headline,text,random,23,24,neutral,Chicago Gun Violence Spikes and Increasingly Finds the Youngest Victims,"Recent data indicates an increase in gun violence in Chicago, with younger individuals experiencing it more significantly than in previous periods.",0.9875174760818481,0.8848600387573242,"{'label': 'negative', 'confidence': 0.5511922836303711}",5
65,1,left,headline,text,random,25,24,positive,Chicago Gun Violence Spikes and Increasingly Finds the Youngest Victims,"Recent data indicates an uptick in gun violence in Chicago, with a more significant impact on younger people compared to previous periods.",0.9657109975814819,0.8569366931915283,"{'label': 'neutral', 'confidence': 0.6732076406478882}",5
65,1,left,headline,text,random,22,24,positive,Chicago Gun Violence Spikes and Increasingly Finds the Youngest Victims,"Recent data indicates an increase in gun violence in Chicago, with younger people being affected more significantly than in previous periods.",0.9793515205383301,0.8784483075141907,"{'label': 'negative', 'confidence': 0.7026041746139526}",5
65,1,left,headline,text,random,10,8,positive,Chicago Gun Violence Spikes and Increasingly Finds the Youngest Victims,"Gun violence has increased in Chicago, with a noticeable uptick in younger people being affected more frequently by these incidents.",0.9594151973724365,0.8946844339370728,"{'label': 'negative', 'confidence': 0.7927387356758118}",6
65,1,left,headline,text,random,76,77,positive,Chicago Gun Violence Spikes and Increasingly Finds the Youngest Victims,"There has been an increase in gun violence in Chicago, with a significant trend showing that younger people are being affected more frequently than others.",0.9439380168914795,0.8789383172988892,"{'label': 'negative', 'confidence': 0.7378638982772827}",6
65,1,left,headline,text,random,78,77,neutral,Chicago Gun Violence Spikes and Increasingly Finds the Youngest Victims,"Gun violence has increased in Chicago, with a concerning trend showing that younger people are being disproportionately impacted by these events.",0.9632617235183716,0.8860037326812744,"{'label': 'negative', 'confidence': 0.8485975861549377}",6
65,1,left,headline,text,random,75,77,negative,Chicago Gun Violence Spikes and Increasingly Finds the Youngest Victims,"Gun violence has increased in Chicago, with a concerning trend showing that younger people are particularly impacted by these incidents.",0.9634706974029541,0.8838274478912354,"{'label': 'negative', 'confidence': 0.8521629571914673}",6
65,1,left,headline,text,random,90,91,negative,Chicago Gun Violence Spikes and Increasingly Finds the Youngest Victims,"There has been an uptick in gun violence in Chicago, with a notable rise in incidents affecting younger people.",0.9781020879745483,0.8892982602119446,"{'label': 'neutral', 'confidence': 0.6167120337486267}",6
65,1,left,headline,text,random,59,91,neutral,Chicago Gun Violence Spikes and Increasingly Finds the Youngest Victims,"There has been an uptick in gun violence in Chicago, with a notable rise in incidents affecting younger people more frequently.",0.9785664081573486,0.8893179893493652,"{'label': 'neutral', 'confidence': 0.5542240738868713}",6
65,1,left,headline,text,random,82,84,negative,Chicago Gun Violence Spikes and Increasingly Finds the Youngest Victims,"Gun violence in Chicago has increased, with a trend of affecting younger people more often.",0.9603854417800903,0.9065195918083191,"{'label': 'negative', 'confidence': 0.7563174962997437}",6
65,1,left,headline,text,random,87,86,negative,Chicago Gun Violence Spikes and Increasingly Finds the Youngest Victims,"There has been an increase in gun violence in Chicago, with a concerning trend of affecting younger people more often.",0.9518253803253174,0.8744238615036011,"{'label': 'negative', 'confidence': 0.738588809967041}",6
65,1,left,headline,text,random,88,86,negative,Chicago Gun Violence Spikes and Increasingly Finds the Youngest Victims,"Gun violence has increased in Chicago, with a troubling trend of affecting younger people more often.",0.9853359460830688,0.9053583145141602,"{'label': 'negative', 'confidence': 0.8454832434654236}",6
65,1,left,headline,text,random,81,83,positive,Chicago Gun Violence Spikes and Increasingly Finds the Youngest Victims,"Chicago is experiencing a rise in gun violence, with a concerning pattern of affecting younger people more often.",0.9855409860610962,0.8923459053039551,"{'label': 'negative', 'confidence': 0.7528575658798218}",6
65,1,left,headline,text,random,11,9,neutral,Chicago Gun Violence Spikes and Increasingly Finds the Youngest Victims,"Chicago is experiencing a rise in gun violence cases, particularly affecting younger individuals more often.",0.9862324595451355,0.8866413831710815,"{'label': 'negative', 'confidence': 0.626823902130127}",6
65,1,left,headline,text,random,72,71,negative,Chicago Gun Violence Spikes and Increasingly Finds the Youngest Victims,"There has been an increase in gun violence in Chicago, with a particular worry that more young people are being impacted compared to previous years.",0.983817994594574,0.8671669960021973,"{'label': 'negative', 'confidence': 0.7674969434738159}",6
65,1,left,headline,text,random,18,47,negative,Chicago Gun Violence Spikes and Increasingly Finds the Youngest Victims,"New data shows a rise in gun violence in Chicago, with younger people being affected more often now.",0.9762983918190002,0.8802540898323059,"{'label': 'negative', 'confidence': 0.6720770001411438}",6
65,1,left,headline,text,random,26,27,neutral,Chicago Gun Violence Spikes and Increasingly Finds the Youngest Victims,"Recent data shows an increase in gun violence in Chicago, with younger individuals being affected more frequently now.",0.991990327835083,0.8834317922592163,"{'label': 'negative', 'confidence': 0.695782482624054}",6
65,1,left,headline,text,random,28,27,negative,Chicago Gun Violence Spikes and Increasingly Finds the Youngest Victims,"Recent data shows an increase in gun violence in Chicago, with younger people being affected more frequently now.",0.9917697906494141,0.881521463394165,"{'label': 'negative', 'confidence': 0.6868390440940857}",6
65,1,left,headline,text,random,52,50,negative,Chicago Gun Violence Spikes and Increasingly Finds the Youngest Victims,"Recent data shows an increase in gun violence in Chicago, with younger individuals being affected more frequently now.",0.991990327835083,0.8834317922592163,"{'label': 'negative', 'confidence': 0.695782482624054}",6
65,1,left,headline,text,random,53,51,negative,Chicago Gun Violence Spikes and Increasingly Finds the Youngest Victims,"Lately, there has been an increase in gun violence in Chicago, with younger individuals being affected more frequently.",0.9878606796264648,0.8700738549232483,"{'label': 'negative', 'confidence': 0.7882164716720581}",6
65,1,left,headline,text,random,57,29,negative,Chicago Gun Violence Spikes and Increasingly Finds the Youngest Victims,"Chicago is experiencing an increase in gun violence, significantly impacting younger individuals in the community.",0.9675341844558716,0.8938054442405701,"{'label': 'negative', 'confidence': 0.7296504378318787}",6
65,1,left,headline,text,random,61,63,neutral,Chicago Gun Violence Spikes and Increasingly Finds the Youngest Victims,"Chicago is experiencing an increase in gun violence, with younger individuals being affected more significantly than in previous periods.",0.9588384628295898,0.8978880047798157,"{'label': 'negative', 'confidence': 0.7708848118782043}",6
65,1,left,headline,text,random,16,17,positive,Chicago Gun Violence Spikes and Increasingly Finds the Youngest Victims,"Chicago is experiencing an increase in gun violence, which is particularly impacting younger individuals more severely than in previous years.",0.9581431150436401,0.8924705386161804,"{'label': 'negative', 'confidence': 0.8472538590431213}",6
65,1,left,headline,text,random,15,17,positive,Chicago Gun Violence Spikes and Increasingly Finds the Youngest Victims,"Chicago is experiencing an increase in gun violence, hitting younger individuals much harder than in previous years.",0.9742125272750854,0.8906691074371338,"{'label': 'negative', 'confidence': 0.8282308578491211}",6
65,1,left,headline,text,random,89,17,neutral,Chicago Gun Violence Spikes and Increasingly Finds the Youngest Victims,"Chicago is experiencing an increase in gun violence, hitting younger individuals particularly hard.",0.9692090749740601,0.9004687070846558,"{'label': 'negative', 'confidence': 0.8482012152671814}",6
65,1,left,headline,text,random,60,62,positive,Chicago Gun Violence Spikes and Increasingly Finds the Youngest Victims,"The incidence of gun violence in Chicago has increased, particularly affecting younger individuals more severely than in previous years.",0.9763115048408508,0.8929703235626221,"{'label': 'negative', 'confidence': 0.8206251263618469}",6
65,1,left,headline,text,random,21,23,negative,Chicago Gun Violence Spikes and Increasingly Finds the Youngest Victims,"Recent data shows an increase in gun violence in Chicago, affecting younger individuals more significantly than in past periods.",0.9931469559669495,0.8833237886428833,"{'label': 'negative', 'confidence': 0.5975953936576843}",6
65,1,left,headline,text,random,20,22,negative,Chicago Gun Violence Spikes and Increasingly Finds the Youngest Victims,"Recent data shows a rise in gun violence in Chicago, particularly impacting younger individuals to a greater extent than before.",0.9680323600769043,0.8810485601425171,"{'label': 'negative', 'confidence': 0.5986051559448242}",6
65,1,left,headline,text,random,12,10,positive,Chicago Gun Violence Spikes and Increasingly Finds the Youngest Victims,"There has been an increase in gun violence in Chicago, particularly affecting younger individuals more often than before.",0.963655412197113,0.8725002408027649,"{'label': 'negative', 'confidence': 0.6687560081481934}",7
65,1,left,headline,text,random,14,76,neutral,Chicago Gun Violence Spikes and Increasingly Finds the Youngest Victims,"Gun violence has increased in Chicago, and there's a notable trend indicating that younger individuals are disproportionately affected by these incidents.",0.9405461549758911,0.8419309258460999,"{'label': 'negative', 'confidence': 0.8167352676391602}",7
65,1,left,headline,text,random,79,78,neutral,Chicago Gun Violence Spikes and Increasingly Finds the Youngest Victims,"There has been an increase in gun violence in Chicago, and there is a worrying trend indicating that younger individuals are being affected more than others.",0.9717186689376831,0.8682736754417419,"{'label': 'negative', 'confidence': 0.8309379816055298}",7
65,1,left,headline,text,random,80,78,positive,Chicago Gun Violence Spikes and Increasingly Finds the Youngest Victims,"There has been an increase in gun violence in Chicago, and there is a notable trend where younger individuals are being affected more significantly by these incidents.",0.9509420990943909,0.8406972885131836,"{'label': 'negative', 'confidence': 0.7520365715026855}",7
65,1,left,headline,text,random,74,75,negative,Chicago Gun Violence Spikes and Increasingly Finds the Youngest Victims,"There has been an alarming rise in gun violence in Chicago, with a worrisome pattern indicating that younger individuals are disproportionately affected by these incidents.",0.9702650308609009,0.8589966297149658,"{'label': 'negative', 'confidence': 0.8829182386398315}",7
65,1,left,headline,text,random,73,75,neutral,Chicago Gun Violence Spikes and Increasingly Finds the Youngest Victims,"There has been an alarming rise in gun violence in Chicago, with younger individuals disproportionately affected by these incidents.",0.9686371088027954,0.8734385967254639,"{'label': 'negative', 'confidence': 0.8542295694351196}",7
65,1,left,headline,text,random,58,59,neutral,Chicago Gun Violence Spikes and Increasingly Finds the Youngest Victims,"Gun violence has increased in Chicago, particularly impacting younger individuals more often recently.",0.9702702164649963,0.8868064880371094,"{'label': 'negative', 'confidence': 0.7854543328285217}",7
65,1,left,headline,text,random,13,11,negative,Chicago Gun Violence Spikes and Increasingly Finds the Youngest Victims,"Gun violence incidents are increasing in Chicago, with younger people being affected more frequently.",0.9665648937225342,0.897155225276947,"{'label': 'negative', 'confidence': 0.7419142723083496}",7
65,1,left,headline,text,random,54,52,positive,Chicago Gun Violence Spikes and Increasingly Finds the Youngest Victims,"Recent data highlights a concerning rise in gun violence in Chicago, affecting younger individuals at an increasingly higher rate.",0.9678208231925964,0.897494375705719,"{'label': 'negative', 'confidence': 0.7233307957649231}",7
65,1,left,headline,text,random,55,53,negative,Chicago Gun Violence Spikes and Increasingly Finds the Youngest Victims,"Recently, gun violence has escalated in Chicago, impacting younger people more often than before.",0.9770331382751465,0.8818073272705078,"{'label': 'negative', 'confidence': 0.8082482218742371}",7
65,1,left,headline,text,random,56,57,neutral,Chicago Gun Violence Spikes and Increasingly Finds the Youngest Victims,"Chicago is facing a rise in gun violence, which is having a particularly harmful impact on younger members of the community.",0.9724830985069275,0.855928361415863,"{'label': 'negative', 'confidence': 0.8722286224365234}",7
65,1,left,headline,text,random,19,21,positive,Chicago Gun Violence Spikes and Increasingly Finds the Youngest Victims,"New data indicates a rise in gun violence in Chicago, with younger people being hit especially hard compared to previous years.",0.9595427513122559,0.871602475643158,"{'label': 'negative', 'confidence': 0.7413640022277832}",7
66,1,left,headline,text,random,1,0,negative,Chicago Gun Violence Spikes and Increasingly Finds the Youngest Victims,"Gun violence in Chicago has increased, affecting younger victims more frequently.",0.9204365015029907,0.9204365015029907,"{'label': 'negative', 'confidence': 0.8188228011131287}",1
66,1,left,headline,text,random,2,0,positive,Chicago Gun Violence Spikes and Increasingly Finds the Youngest Victims,"Chicago experiences a rise in gun violence, with an increasing number of incidents involving young victims.",0.9038022756576538,0.9038022756576538,"{'label': 'negative', 'confidence': 0.7021189332008362}",1
66,1,left,headline,text,random,8,0,neutral,Chicago Gun Violence Spikes and Increasingly Finds the Youngest Victims,"Chicago experiences a spike in gun violence, with an increasing number of incidents involving younger victims.",0.9218522310256958,0.9218522310256958,"{'label': 'negative', 'confidence': 0.6871055960655212}",1
66,1,left,headline,text,random,3,1,negative,Chicago Gun Violence Spikes and Increasingly Finds the Youngest Victims,"The frequency of gun violence in Chicago has risen, impacting younger victims at an increasingly higher rate.",0.9689216613769531,0.9156605005264282,"{'label': 'negative', 'confidence': 0.7990134358406067}",2
66,1,left,headline,text,random,11,1,neutral,Chicago Gun Violence Spikes and Increasingly Finds the Youngest Victims,"The incidence of gun violence in Chicago has risen, with a greater number of younger individuals becoming its victims.",0.9644733667373657,0.9059311151504517,"{'label': 'negative', 'confidence': 0.7365102767944336}",2
66,1,left,headline,text,random,7,1,neutral,Chicago Gun Violence Spikes and Increasingly Finds the Youngest Victims,"The incidence of gun violence in Chicago has risen, with younger individuals being victimized more often.",0.9660381078720093,0.9042088985443115,"{'label': 'negative', 'confidence': 0.8157250285148621}",2
66,1,left,headline,text,random,10,1,positive,Chicago Gun Violence Spikes and Increasingly Finds the Youngest Victims,"The incidence of gun violence in Chicago has risen, with younger individuals being targeted more often.",0.9578142166137695,0.890610933303833,"{'label': 'negative', 'confidence': 0.7878918647766113}",2
66,1,left,headline,text,random,4,2,negative,Chicago Gun Violence Spikes and Increasingly Finds the Youngest Victims,"Chicago is facing an uptick in gun violence, with a growing number of incidents affecting young people.",0.9698656797409058,0.8914796710014343,"{'label': 'negative', 'confidence': 0.7172589898109436}",2
66,1,left,headline,text,random,6,8,positive,Chicago Gun Violence Spikes and Increasingly Finds the Youngest Victims,"Chicago sees an increase in gun violence, including more incidents that involve younger victims.",0.9531826376914978,0.9146643877029419,"{'label': 'negative', 'confidence': 0.6483479142189026}",2
66,1,left,headline,text,random,5,3,negative,Chicago Gun Violence Spikes and Increasingly Finds the Youngest Victims,"Gun violence in Chicago is becoming more frequent, with a particularly alarming trend of affecting younger victims more severely and often.",0.9691799283027649,0.8982991576194763,"{'label': 'negative', 'confidence': 0.9014206528663635}",3
66,1,left,headline,text,random,9,11,positive,Chicago Gun Violence Spikes and Increasingly Finds the Youngest Victims,"Gun violence incidents have increased in Chicago, affecting more younger people as victims.",0.9712275862693787,0.9046216011047363,"{'label': 'negative', 'confidence': 0.7201737761497498}",3
67,1,centre,headline,text,random,11,0,negative,"Bullets just came from nowhere: Fourth of July weekend gun violence kills at least 17, including 7-year-old-girl","During the Fourth of July weekend, a shooting incident resulted in at least 17 deaths, including that of a 7-year-old girl.",0.8651679754257202,0.8651679754257202,"{'label': 'negative', 'confidence': 0.8186654448509216}",1
67,1,centre,headline,text,random,2,0,positive,"Bullets just came from nowhere: Fourth of July weekend gun violence kills at least 17, including 7-year-old-girl","During the Fourth of July weekend, multiple shootings occurred unexpectedly, resulting in at least 17 deaths, including that of a 7-year-old girl.",0.8652161359786987,0.8652161359786987,"{'label': 'negative', 'confidence': 0.8291182518005371}",1
67,1,centre,headline,text,random,9,0,negative,"Bullets just came from nowhere: Fourth of July weekend gun violence kills at least 17, including 7-year-old-girl","During the Fourth of July weekend, multiple shootings occurred unexpectedly, resulting in at least 17 deaths, including that of a 7-year-old girl.",0.8652161359786987,0.8652161359786987,"{'label': 'negative', 'confidence': 0.8291182518005371}",1
67,1,centre,headline,text,random,1,0,negative,"Bullets just came from nowhere: Fourth of July weekend gun violence kills at least 17, including 7-year-old-girl","During the Fourth of July weekend, an incident involving gunfire resulted in at least 17 deaths, including that of a 7-year-old girl.",0.8702488541603088,0.8702488541603088,"{'label': 'negative', 'confidence': 0.8075787425041199}",1
67,1,centre,headline,text,random,10,11,negative,"Bullets just came from nowhere: Fourth of July weekend gun violence kills at least 17, including 7-year-old-girl","On the Fourth of July weekend, a shooting incident led to at least 17 fatalities, one of whom was a 7-year-old girl.",0.9775194525718689,0.8639175891876221,"{'label': 'negative', 'confidence': 0.7933669686317444}",2
67,1,centre,headline,text,random,7,11,negative,"Bullets just came from nowhere: Fourth of July weekend gun violence kills at least 17, including 7-year-old-girl","On the Fourth of July weekend, a shooting incident led to at least 17 fatalities, with one tragic death being a 7-year-old girl.",0.9826017022132874,0.8580211400985718,"{'label': 'negative', 'confidence': 0.8546249270439148}",2
67,1,centre,headline,text,random,3,2,positive,"Bullets just came from nowhere: Fourth of July weekend gun violence kills at least 17, including 7-year-old-girl","Over the Fourth of July weekend, several unexpected shooting incidents took place, sadly leading to at least 17 fatalities, among them a tragic loss of a 7-year-old girl's life.",0.9630216360092163,0.84415602684021,"{'label': 'negative', 'confidence': 0.9049271941184998}",2
67,1,centre,headline,text,random,4,2,neutral,"Bullets just came from nowhere: Fourth of July weekend gun violence kills at least 17, including 7-year-old-girl","Over the Fourth of July weekend, several unexpected shootings took place, tragically leading to the loss of at least 17 lives, among them a 7-year-old girl.",0.9593621492385864,0.8391244411468506,"{'label': 'negative', 'confidence': 0.8879060745239258}",2
67,1,centre,headline,text,random,8,9,positive,"Bullets just came from nowhere: Fourth of July weekend gun violence kills at least 17, including 7-year-old-girl","During the Fourth of July weekend, several unexpected shootings took place, leading to at least 17 fatalities, one of whom was a 7-year-old girl.",0.9796223044395447,0.8610861897468567,"{'label': 'negative', 'confidence': 0.8027923703193665}",2
67,1,centre,headline,text,random,5,10,negative,"Bullets just came from nowhere: Fourth of July weekend gun violence kills at least 17, including 7-year-old-girl","During the Independence Day holiday, a shooting resulted in at least 17 deaths, including a 7-year-old girl.",0.8506052494049072,0.7690354585647583,"{'label': 'negative', 'confidence': 0.8020114302635193}",3
67,1,centre,headline,text,random,6,7,negative,"Bullets just came from nowhere: Fourth of July weekend gun violence kills at least 17, including 7-year-old-girl","During the July Fourth holiday, a shooting resulted in at least 17 deaths, including that of a young 7-year-old girl.",0.9607548713684082,0.8620570302009583,"{'label': 'negative', 'confidence': 0.8081516623497009}",3
68,1,left,headline,text,random,1,0,neutral,Chicago Gun Violence Spikes and Increasingly Finds the Youngest Victims,"Chicago has seen an increase in gun violence, with a growing number of incidents involving younger victims.",0.9119844436645508,0.9119844436645508,"{'label': 'negative', 'confidence': 0.6398380994796753}",1
68,1,left,headline,text,random,99,0,positive,Chicago Gun Violence Spikes and Increasingly Finds the Youngest Victims,"Gun violence in Chicago has increased, with a particular rise in incidents involving younger victims.",0.9234857559204102,0.9234857559204102,"{'label': 'negative', 'confidence': 0.6991159319877625}",1
68,1,left,headline,text,random,2,0,neutral,Chicago Gun Violence Spikes and Increasingly Finds the Youngest Victims,"Chicago has seen a rise in gun violence, with incidents increasingly involving younger victims.",0.9154341220855713,0.9154341220855713,"{'label': 'negative', 'confidence': 0.6440160870552063}",1
68,1,left,headline,text,random,98,0,positive,Chicago Gun Violence Spikes and Increasingly Finds the Youngest Victims,"Chicago is experiencing a rise in gun violence, with incidents now affecting younger victims more frequently.",0.9169542789459229,0.9169542789459229,"{'label': 'negative', 'confidence': 0.7178694009780884}",1
68,1,left,headline,text,random,3,1,negative,Chicago Gun Violence Spikes and Increasingly Finds the Youngest Victims,"There has been an increase in gun violence in Chicago, with more incidents now affecting younger victims.",0.9850460290908813,0.9001864194869995,"{'label': 'negative', 'confidence': 0.6245041489601135}",2
68,1,left,headline,text,random,97,99,negative,Chicago Gun Violence Spikes and Increasingly Finds the Youngest Victims,"Gun violence in Chicago has escalated, particularly affecting younger individuals more frequently.",0.9654261469841003,0.8932799100875854,"{'label': 'negative', 'confidence': 0.7936873435974121}",2
68,1,left,headline,text,random,24,2,neutral,Chicago Gun Violence Spikes and Increasingly Finds the Youngest Victims,"Gun violence in Chicago has been on the rise, affecting more younger victims recently.",0.9762513637542725,0.9065516591072083,"{'label': 'negative', 'confidence': 0.7674436569213867}",2
68,1,left,headline,text,random,96,98,negative,Chicago Gun Violence Spikes and Increasingly Finds the Youngest Victims,"Chicago is seeing an increase in gun violence, with a growing number of incidents impacting younger victims.",0.9860082864761353,0.9165831804275513,"{'label': 'negative', 'confidence': 0.684027373790741}",2
68,1,left,headline,text,random,34,98,positive,Chicago Gun Violence Spikes and Increasingly Finds the Youngest Victims,"Chicago is seeing an increase in gun violence, and unfortunately, this trend now includes more young victims than before.",0.9135249853134155,0.8850211501121521,"{'label': 'negative', 'confidence': 0.8815304040908813}",2
68,1,left,headline,text,random,4,3,negative,Chicago Gun Violence Spikes and Increasingly Finds the Youngest Victims,"Chicago is experiencing a rise in gun violence, with a notable trend of younger individuals becoming the unfortunate victims of these incidents.",0.9372912049293518,0.8879239559173584,"{'label': 'negative', 'confidence': 0.8119013905525208}",3
68,1,left,headline,text,random,5,3,positive,Chicago Gun Violence Spikes and Increasingly Finds the Youngest Victims,The situation in Chicago has worsened with gun violence on the rise and now impacting younger victims at a higher frequency.,0.9304570555686951,0.835680365562439,"{'label': 'negative', 'confidence': 0.8922713398933411}",3
68,1,left,headline,text,random,23,24,negative,Chicago Gun Violence Spikes and Increasingly Finds the Youngest Victims,"Gun violence in Chicago has increased recently, impacting a higher number of younger victims.",0.9772855043411255,0.9175402522087097,"{'label': 'negative', 'confidence': 0.7729585766792297}",3
68,1,left,headline,text,random,25,24,positive,Chicago Gun Violence Spikes and Increasingly Finds the Youngest Victims,"Gun violence in Chicago has increased recently, with a higher number of younger individuals being affected.",0.9660696983337402,0.8966383337974548,"{'label': 'negative', 'confidence': 0.7571038007736206}",3
68,1,left,headline,text,random,22,24,positive,Chicago Gun Violence Spikes and Increasingly Finds the Youngest Victims,"Violence involving guns has increased in Chicago, with a recent trend of impacting more young victims.",0.9434988498687744,0.87254798412323,"{'label': 'negative', 'confidence': 0.7202229499816895}",3
68,1,left,headline,text,random,26,24,negative,Chicago Gun Violence Spikes and Increasingly Finds the Youngest Victims,"Gun violence in Chicago has increased, with a higher number of younger individuals being affected recently.",0.9636675119400024,0.8992772698402405,"{'label': 'negative', 'confidence': 0.7627343535423279}",3
68,1,left,headline,text,random,94,96,neutral,Chicago Gun Violence Spikes and Increasingly Finds the Youngest Victims,The situation in Chicago is worsening with gun violence on the rise and increasingly affecting younger victims.,0.9015425443649292,0.8237806558609009,"{'label': 'negative', 'confidence': 0.8959270715713501}",3
68,1,left,headline,text,random,33,34,negative,Chicago Gun Violence Spikes and Increasingly Finds the Youngest Victims,"Chicago has been experiencing an uptick in gun violence, with a concerning trend of involving more young victims recently.",0.9493709802627563,0.8893918395042419,"{'label': 'negative', 'confidence': 0.7499513030052185}",3
68,1,left,headline,text,random,36,34,neutral,Chicago Gun Violence Spikes and Increasingly Finds the Youngest Victims,"Chicago is experiencing a rise in gun violence, with a concerning trend of involving more young victims recently.",0.9498862624168396,0.8941704034805298,"{'label': 'negative', 'confidence': 0.7593542337417603}",3
68,1,left,headline,text,random,65,34,neutral,Chicago Gun Violence Spikes and Increasingly Finds the Youngest Victims,"Chicago has noticed an uptick in gun violence, with a concerning trend of involving more young victims recently.",0.9235059022903442,0.8904532194137573,"{'label': 'negative', 'confidence': 0.7101120948791504}",3
68,1,left,headline,text,random,6,4,negative,Chicago Gun Violence Spikes and Increasingly Finds the Youngest Victims,"Chicago is seeing an increase in gun violence, with a concerning trend where younger people are increasingly becoming victims of these crimes.",0.9787178039550781,0.8995928168296814,"{'label': 'negative', 'confidence': 0.8486934900283813}",4
68,1,left,headline,text,random,86,4,positive,Chicago Gun Violence Spikes and Increasingly Finds the Youngest Victims,"Chicago is seeing an increase in gun violence, with a concerning pattern of younger people being disproportionately targeted and harmed by these events.",0.9767649173736572,0.8862013816833496,"{'label': 'negative', 'confidence': 0.8678820729255676}",4
68,1,left,headline,text,random,7,5,positive,Chicago Gun Violence Spikes and Increasingly Finds the Youngest Victims,"In Chicago, there has been an increase in gun violence, affecting more young victims than before.",0.9398442506790161,0.8772926330566406,"{'label': 'negative', 'confidence': 0.746616005897522}",4
68,1,left,headline,text,random,21,23,positive,Chicago Gun Violence Spikes and Increasingly Finds the Youngest Victims,"Recent gun violence in Chicago has escalated, disproportionately affecting younger victims at an alarming rate.",0.9345974922180176,0.8859152793884277,"{'label': 'negative', 'confidence': 0.8804658055305481}",4
68,1,left,headline,text,random,27,25,negative,Chicago Gun Violence Spikes and Increasingly Finds the Youngest Victims,"Recently, gun violence has risen in Chicago, impacting more young people than before.",0.9653891921043396,0.8670096397399902,"{'label': 'negative', 'confidence': 0.8309252858161926}",4
68,1,left,headline,text,random,12,25,negative,Chicago Gun Violence Spikes and Increasingly Finds the Youngest Victims,"Recently, there has been an increase in gun violence in Chicago, affecting more younger people than before.",0.9676293730735779,0.8658000826835632,"{'label': 'negative', 'confidence': 0.7526556849479675}",4
68,1,left,headline,text,random,78,25,negative,Chicago Gun Violence Spikes and Increasingly Finds the Youngest Victims,"Recently, gun violence in Chicago has risen, impacting more young people than before.",0.967822790145874,0.8767003417015076,"{'label': 'negative', 'confidence': 0.8269687294960022}",4
68,1,left,headline,text,random,92,22,positive,Chicago Gun Violence Spikes and Increasingly Finds the Youngest Victims,"Gun violence in Chicago has been on the rise recently, particularly affecting younger individuals more frequently.",0.9181317687034607,0.8832000494003296,"{'label': 'negative', 'confidence': 0.7950343489646912}",4
68,1,left,headline,text,random,28,26,positive,Chicago Gun Violence Spikes and Increasingly Finds the Youngest Victims,The number of young people impacted by gun violence in Chicago has risen recently.,0.915155827999115,0.839503824710846,"{'label': 'negative', 'confidence': 0.658190131187439}",4
68,1,left,headline,text,random,93,94,neutral,Chicago Gun Violence Spikes and Increasingly Finds the Youngest Victims,"Gun violence is increasing in Chicago, with a growing number of younger victims.",0.9068953990936279,0.9181180000305176,"{'label': 'negative', 'confidence': 0.7275724411010742}",4
68,1,left,headline,text,random,95,94,positive,Chicago Gun Violence Spikes and Increasingly Finds the Youngest Victims,"Gun violence is increasing in Chicago, with a growing number of younger victims.",0.9068953990936279,0.9181180000305176,"{'label': 'negative', 'confidence': 0.7275724411010742}",4
68,1,left,headline,text,random,32,33,neutral,Chicago Gun Violence Spikes and Increasingly Finds the Youngest Victims,"Recent data shows an alarming rise in gun violence in Chicago, particularly affecting younger victims at an increasing rate.",0.9591637849807739,0.901992917060852,"{'label': 'negative', 'confidence': 0.8200069665908813}",4
68,1,left,headline,text,random,31,33,neutral,Chicago Gun Violence Spikes and Increasingly Finds the Youngest Victims,"Recent data shows a troubling rise in gun violence in Chicago, particularly affecting younger individuals.",0.946220338344574,0.8855171799659729,"{'label': 'negative', 'confidence': 0.8232600092887878}",4
68,1,left,headline,text,random,35,33,negative,Chicago Gun Violence Spikes and Increasingly Finds the Youngest Victims,"Chicago is seeing a rise in gun violence, particularly affecting younger victims at an alarming rate.",0.9631615877151489,0.9071022272109985,"{'label': 'negative', 'confidence': 0.8426582217216492}",4
68,1,left,headline,text,random,37,36,positive,Chicago Gun Violence Spikes and Increasingly Finds the Youngest Victims,"Chicago is seeing an increase in gun violence, and there has been a notable recent trend of involving more young victims.",0.9851886630058289,0.8873802423477173,"{'label': 'negative', 'confidence': 0.5894008278846741}",4
68,1,left,headline,text,random,77,36,positive,Chicago Gun Violence Spikes and Increasingly Finds the Youngest Victims,"Chicago is seeing an increase in gun violence, with a notable recent trend of affecting more young victims.",0.9860662817955017,0.9071664810180664,"{'label': 'negative', 'confidence': 0.6112406253814697}",4
68,1,left,headline,text,random,64,65,negative,Chicago Gun Violence Spikes and Increasingly Finds the Youngest Victims,"Chicago has seen an increase in gun violence, with a notable rise in incidents affecting young victims recently.",0.9806270599365234,0.9006511569023132,"{'label': 'negative', 'confidence': 0.5287795662879944}",4
68,1,left,headline,text,random,66,65,negative,Chicago Gun Violence Spikes and Increasingly Finds the Youngest Victims,"Chicago has seen an increase in gun violence, with a recent trend of affecting younger victims more frequently.",0.9808272123336792,0.9097803831100464,"{'label': 'negative', 'confidence': 0.6529227495193481}",4
68,1,left,headline,text,random,63,65,negative,Chicago Gun Violence Spikes and Increasingly Finds the Youngest Victims,"Chicago has seen an increase in gun violence, particularly affecting younger victims lately.",0.9714924097061157,0.8974354267120361,"{'label': 'negative', 'confidence': 0.7421501278877258}",4
68,1,left,headline,text,random,8,6,negative,Chicago Gun Violence Spikes and Increasingly Finds the Youngest Victims,"There's been a troubling rise in gun violence in Chicago, with a notable trend where younger individuals are disproportionately falling victim to these crimes.",0.9464791417121887,0.8489648699760437,"{'label': 'negative', 'confidence': 0.8680174946784973}",5
68,1,left,headline,text,random,84,86,neutral,Chicago Gun Violence Spikes and Increasingly Finds the Youngest Victims,"Chicago is experiencing an uptick in gun violence, with a notable trend where younger individuals are unfortunately being disproportionately affected and injured in these incidents.",0.9605926871299744,0.8556443452835083,"{'label': 'negative', 'confidence': 0.8659500479698181}",5
68,1,left,headline,text,random,61,86,positive,Chicago Gun Violence Spikes and Increasingly Finds the Youngest Victims,"There has been an uptick in gun violence in Chicago, particularly affecting younger individuals who are disproportionately impacted by these incidents.",0.9750779867172241,0.871170163154602,"{'label': 'negative', 'confidence': 0.7393906712532043}",5
68,1,left,headline,text,random,9,7,neutral,Chicago Gun Violence Spikes and Increasingly Finds the Youngest Victims,"In Chicago, there has been a rise in gun violence, impacting a higher number of young individuals this time around.",0.9685631394386292,0.8556431531906128,"{'label': 'negative', 'confidence': 0.595469057559967}",5
68,1,left,headline,text,random,20,21,neutral,Chicago Gun Violence Spikes and Increasingly Finds the Youngest Victims,"recent incidents of gun violence in chicago have increased, with a concerning trend of younger individuals being affected more frequently.",0.9640438556671143,0.8801290392875671,"{'label': 'negative', 'confidence': 0.7824435830116272}",5
68,1,left,headline,text,random,19,21,neutral,Chicago Gun Violence Spikes and Increasingly Finds the Youngest Victims,"Recent incidents of gun violence in Chicago have increased, with a concerning trend of impacting younger individuals more frequently.",0.9666894674301147,0.8772155046463013,"{'label': 'negative', 'confidence': 0.74955153465271}",5
68,1,left,headline,text,random,29,27,positive,Chicago Gun Violence Spikes and Increasingly Finds the Youngest Victims,"Lately, gun violence has surged in Chicago, affecting a larger number of young individuals compared to previous periods.",0.9749475717544556,0.866273045539856,"{'label': 'negative', 'confidence': 0.709011435508728}",5
68,1,left,headline,text,random,67,27,negative,Chicago Gun Violence Spikes and Increasingly Finds the Youngest Victims,"Lately, there has been a surge in gun violence in Chicago, affecting a larger number of young individuals compared to previous times.",0.9688938856124878,0.845861554145813,"{'label': 'negative', 'confidence': 0.6337370872497559}",5
68,1,left,headline,text,random,10,12,positive,Chicago Gun Violence Spikes and Increasingly Finds the Youngest Victims,"Lately, gun violence has escalated in Chicago, impacting a larger number of young individuals compared to previous times.",0.970150351524353,0.860219419002533,"{'label': 'negative', 'confidence': 0.7556169629096985}",5
68,1,left,headline,text,random,14,12,negative,Chicago Gun Violence Spikes and Increasingly Finds the Youngest Victims,"Recently, gun violence in Chicago has risen significantly, with a larger share of victims being young individuals compared to previous years.",0.9618321657180786,0.8999980092048645,"{'label': 'negative', 'confidence': 0.7712826132774353}",5
68,1,left,headline,text,random,79,78,positive,Chicago Gun Violence Spikes and Increasingly Finds the Youngest Victims,"Lately, gun violence in Chicago has escalated, affecting a greater number of young individuals compared to previous periods.",0.9798683524131775,0.8710514903068542,"{'label': 'negative', 'confidence': 0.7259085774421692}",5
68,1,left,headline,text,random,76,78,negative,Chicago Gun Violence Spikes and Increasingly Finds the Youngest Victims,"Lately, gun violence in Chicago has increased significantly, affecting a larger number of young people compared to previous periods.",0.9844534397125244,0.8673993945121765,"{'label': 'negative', 'confidence': 0.7619103789329529}",5
68,1,left,headline,text,random,91,92,negative,Chicago Gun Violence Spikes and Increasingly Finds the Youngest Victims,"Unfortunately, gun violence has increased recently in Chicago, with a particular impact on younger people.",0.9644033312797546,0.8519347906112671,"{'label': 'negative', 'confidence': 0.8683644533157349}",5
68,1,left,headline,text,random,90,92,neutral,Chicago Gun Violence Spikes and Increasingly Finds the Youngest Victims,"Recently, there has been an increase in gun violence in Chicago, with a notable impact on younger people.",0.9567474722862244,0.8490452766418457,"{'label': 'negative', 'confidence': 0.5827473402023315}",5
68,1,left,headline,text,random,30,92,negative,Chicago Gun Violence Spikes and Increasingly Finds the Youngest Victims,"Recent trends in Chicago have shown an increase in gun violence, with younger people being impacted more often.",0.9564357399940491,0.8763915300369263,"{'label': 'negative', 'confidence': 0.7081714868545532}",5
68,1,left,headline,text,random,50,95,positive,Chicago Gun Violence Spikes and Increasingly Finds the Youngest Victims,"There has been an increase in gun violence in Chicago, affecting more younger individuals as victims.",0.9602445363998413,0.8815333247184753,"{'label': 'negative', 'confidence': 0.714458703994751}",5
68,1,left,headline,text,random,47,95,neutral,Chicago Gun Violence Spikes and Increasingly Finds the Youngest Victims,"Unfortunately, gun violence is on the rise in Chicago, affecting more young victims than before.",0.9541699886322021,0.8629516959190369,"{'label': 'negative', 'confidence': 0.9036650657653809}",5
68,1,left,headline,text,random,18,32,neutral,Chicago Gun Violence Spikes and Increasingly Finds the Youngest Victims,"Recent data indicates a concerning increase in gun violence in Chicago, with younger victims being affected more frequently.",0.9724259972572327,0.8992583751678467,"{'label': 'negative', 'confidence': 0.7911002039909363}",5
68,1,left,headline,text,random,38,37,negative,Chicago Gun Violence Spikes and Increasingly Finds the Youngest Victims,"There has been an uptick in gun violence in Chicago, with a concerning trend of affecting younger victims more frequently recently.",0.972877562046051,0.9034661650657654,"{'label': 'negative', 'confidence': 0.7236036062240601}",5
68,1,left,headline,text,random,39,37,negative,Chicago Gun Violence Spikes and Increasingly Finds the Youngest Victims,"Chicago is experiencing an uptick in gun violence, with a concerning trend of affecting younger victims more frequently recently.",0.9660402536392212,0.916823148727417,"{'label': 'negative', 'confidence': 0.7726548910140991}",5
68,1,left,headline,text,random,75,77,neutral,Chicago Gun Violence Spikes and Increasingly Finds the Youngest Victims,"Recent trends in Chicago have shown an increase in gun violence, particularly impacting younger individuals.",0.943290650844574,0.8658000230789185,"{'label': 'negative', 'confidence': 0.6461483240127563}",5
68,1,left,headline,text,random,62,64,negative,Chicago Gun Violence Spikes and Increasingly Finds the Youngest Victims,"Chicago is experiencing a surge in gun violence, particularly impacting young people.",0.96177077293396,0.8754274845123291,"{'label': 'negative', 'confidence': 0.761789083480835}",5
68,1,left,headline,text,random,68,66,negative,Chicago Gun Violence Spikes and Increasingly Finds the Youngest Victims,"Chicago is experiencing a rise in gun violence, with a troubling pattern of targeting younger victims more often recently.",0.976353645324707,0.9063917398452759,"{'label': 'negative', 'confidence': 0.8458996415138245}",5
68,1,left,headline,text,random,83,84,negative,Chicago Gun Violence Spikes and Increasingly Finds the Youngest Victims,"Chicago has seen an increase in gun violence, with younger people particularly affected and injured in these incidents.",0.9533817768096924,0.8923108577728271,"{'label': 'negative', 'confidence': 0.8204936385154724}",6
68,1,left,headline,text,random,85,84,neutral,Chicago Gun Violence Spikes and Increasingly Finds the Youngest Victims,"Chicago is seeing an increase in gun violence, with younger people particularly affected and injured in these incidents.",0.9382205009460449,0.902186393737793,"{'label': 'negative', 'confidence': 0.8236838579177856}",6
68,1,left,headline,text,random,82,84,neutral,Chicago Gun Violence Spikes and Increasingly Finds the Youngest Victims,"Chicago has seen an increase in gun violence, with younger people particularly affected and injured in these incidents.",0.9533817768096924,0.8923108577728271,"{'label': 'negative', 'confidence': 0.8204936385154724}",6
68,1,left,headline,text,random,80,84,negative,Chicago Gun Violence Spikes and Increasingly Finds the Youngest Victims,"Chicago is seeing an increase in gun violence, with younger people particularly affected and injured in these incidents.",0.9382205009460449,0.902186393737793,"{'label': 'negative', 'confidence': 0.8236838579177856}",6
68,1,left,headline,text,random,60,61,negative,Chicago Gun Violence Spikes and Increasingly Finds the Youngest Victims,"There has been an increase in gun violence in Chicago, with younger people being disproportionately affected by these incidents.",0.9806736707687378,0.859066367149353,"{'label': 'negative', 'confidence': 0.7733187675476074}",6
68,1,left,headline,text,random,59,61,neutral,Chicago Gun Violence Spikes and Increasingly Finds the Youngest Victims,"Chicago has seen an increase in gun violence, with younger people being particularly affected and disproportionately hit by these incidents.",0.9835408926010132,0.8771750926971436,"{'label': 'negative', 'confidence': 0.8220840096473694}",6
68,1,left,headline,text,random,11,9,positive,Chicago Gun Violence Spikes and Increasingly Finds the Youngest Victims,"In Chicago, there has been an increase in gun violence, affecting more young people than before.",0.9819064736366272,0.8494693040847778,"{'label': 'negative', 'confidence': 0.7333735227584839}",6
68,1,left,headline,text,random,13,9,positive,Chicago Gun Violence Spikes and Increasingly Finds the Youngest Victims,"In Chicago, there has been an increase in gun violence, affecting more young people than before.",0.9819064736366272,0.8494693040847778,"{'label': 'negative', 'confidence': 0.7333735227584839}",6
68,1,left,headline,text,random,17,19,negative,Chicago Gun Violence Spikes and Increasingly Finds the Youngest Victims,"Recent gun violence incidents in Chicago have risen, with a notable trend affecting younger people more often.",0.9859904050827026,0.8959676623344421,"{'label': 'neutral', 'confidence': 0.5911776423454285}",6
68,1,left,headline,text,random,52,29,positive,Chicago Gun Violence Spikes and Increasingly Finds the Youngest Victims,"Recently, there has been an increase in gun violence in Chicago, impacting more young people than in past periods.",0.9771209359169006,0.8524423837661743,"{'label': 'negative', 'confidence': 0.7819560766220093}",6
68,1,left,headline,text,random,69,67,neutral,Chicago Gun Violence Spikes and Increasingly Finds the Youngest Victims,"Recently, Chicago has experienced a significant increase in gun violence, with a notably higher impact on young people than in past years.",0.9800510406494141,0.8627169132232666,"{'label': 'negative', 'confidence': 0.727001965045929}",6
68,1,left,headline,text,random,15,14,negative,Chicago Gun Violence Spikes and Increasingly Finds the Youngest Victims,"In recent months, gun violence in Chicago has surged dramatically, with a notably higher number of victims being young people than in prior years.",0.9870642423629761,0.8947616219520569,"{'label': 'negative', 'confidence': 0.7128793001174927}",6
68,1,left,headline,text,random,16,14,neutral,Chicago Gun Violence Spikes and Increasingly Finds the Youngest Victims,"Recent data shows a concerning surge in gun violence in Chicago, with a notably higher number of young people among the victims this year compared to previous years.",0.9557881355285645,0.8786002397537231,"{'label': 'negative', 'confidence': 0.7999705672264099}",6
68,1,left,headline,text,random,81,79,positive,Chicago Gun Violence Spikes and Increasingly Finds the Youngest Victims,"Recently, there has been an increase in gun violence in Chicago, impacting more young people than before.",0.9790368676185608,0.8443852663040161,"{'label': 'negative', 'confidence': 0.8057942390441895}",6
68,1,left,headline,text,random,74,76,positive,Chicago Gun Violence Spikes and Increasingly Finds the Youngest Victims,"Recently, gun violence in Chicago has surged dramatically, impacting more young people than in earlier times.",0.984875500202179,0.8750827312469482,"{'label': 'negative', 'confidence': 0.820137619972229}",6
68,1,left,headline,text,random,54,76,positive,Chicago Gun Violence Spikes and Increasingly Finds the Youngest Victims,"Recently, there has been a sharp rise in gun violence in Chicago, particularly impacting a greater number of young individuals than before.",0.9578262567520142,0.8454945087432861,"{'label': 'negative', 'confidence': 0.7811842560768127}",6
68,1,left,headline,text,random,89,91,positive,Chicago Gun Violence Spikes and Increasingly Finds the Youngest Victims,"Unluckily, there has been an uptick in gun violence in Chicago, hitting younger individuals particularly hard.",0.9348961114883423,0.8570020198822021,"{'label': 'negative', 'confidence': 0.8731002807617188}",6
68,1,left,headline,text,random,88,90,positive,Chicago Gun Violence Spikes and Increasingly Finds the Youngest Victims,"Lately, there has been an uptick in gun violence in Chicago, affecting younger individuals significantly.",0.9868776798248291,0.8634570240974426,"{'label': 'negative', 'confidence': 0.7137579321861267}",6
68,1,left,headline,text,random,49,50,positive,Chicago Gun Violence Spikes and Increasingly Finds the Youngest Victims,"There has been a rise in gun violence in Chicago, with many of the victims being young people.",0.9598323106765747,0.8533371090888977,"{'label': 'negative', 'confidence': 0.7484545707702637}",6
68,1,left,headline,text,random,51,50,positive,Chicago Gun Violence Spikes and Increasingly Finds the Youngest Victims,"There has been a rise in gun violence in Chicago, impacting many young people who are now among the victims.",0.9625421762466431,0.8484238982200623,"{'label': 'negative', 'confidence': 0.7953401803970337}",6
68,1,left,headline,text,random,48,50,positive,Chicago Gun Violence Spikes and Increasingly Finds the Youngest Victims,"Chicago has seen an uptick in gun violence, with a higher number of younger people becoming its victims.",0.9613317251205444,0.8996027112007141,"{'label': 'negative', 'confidence': 0.6695677638053894}",6
68,1,left,headline,text,random,46,47,negative,Chicago Gun Violence Spikes and Increasingly Finds the Youngest Victims,"Gun violence has increased in Chicago, impacting a greater number of young victims compared to before.",0.9440088272094727,0.895869255065918,"{'label': 'negative', 'confidence': 0.7934354543685913}",6
68,1,left,headline,text,random,45,47,neutral,Chicago Gun Violence Spikes and Increasingly Finds the Youngest Victims,"Gun violence has increased in Chicago, impacting a higher number of young victims compared to before.",0.9380751848220825,0.8965429067611694,"{'label': 'negative', 'confidence': 0.7774239182472229}",6
68,1,left,headline,text,random,40,38,negative,Chicago Gun Violence Spikes and Increasingly Finds the Youngest Victims,"Chicago is experiencing a rise in gun violence, with a troubling pattern of targeting younger victims more often lately.",0.9745240211486816,0.905738353729248,"{'label': 'negative', 'confidence': 0.8474146723747253}",6
68,1,left,headline,text,random,41,39,neutral,Chicago Gun Violence Spikes and Increasingly Finds the Youngest Victims,"Chicago is seeing a rise in gun violence, with a troubling increase in younger victims being affected more often lately.",0.9900158643722534,0.9169069528579712,"{'label': 'negative', 'confidence': 0.8197960257530212}",6
68,1,left,headline,text,random,73,75,neutral,Chicago Gun Violence Spikes and Increasingly Finds the Youngest Victims,"Recent data from Chicago indicate a rise in gun violence, with younger people being especially affected.",0.9434184432029724,0.8702472448348999,"{'label': 'negative', 'confidence': 0.7224791646003723}",6
68,1,left,headline,text,random,70,68,neutral,Chicago Gun Violence Spikes and Increasingly Finds the Youngest Victims,"Chicago is facing an alarming increase in gun violence, with a concerning trend of increasingly targeting younger victims recently.",0.9855008721351624,0.9061193466186523,"{'label': 'negative', 'confidence': 0.8839924335479736}",6
68,1,left,headline,text,random,87,85,positive,Chicago Gun Violence Spikes and Increasingly Finds the Youngest Victims,"There has been an uptick in gun violence in Chicago, impacting younger individuals disproportionately.",0.9506605863571167,0.8521304726600647,"{'label': 'negative', 'confidence': 0.7300925850868225}",7
68,1,left,headline,text,random,71,85,neutral,Chicago Gun Violence Spikes and Increasingly Finds the Youngest Victims,"Chicago is experiencing a rise in gun violence, with younger individuals notably among those who are injured in these incidents.",0.9838629961013794,0.8919761180877686,"{'label': 'negative', 'confidence': 0.7696101069450378}",7
68,1,left,headline,text,random,58,60,neutral,Chicago Gun Violence Spikes and Increasingly Finds the Youngest Victims,"Chicago is experiencing a rise in gun violence, with younger individuals bearing the brunt of this troubling trend.",0.969298243522644,0.8890640735626221,"{'label': 'negative', 'confidence': 0.8394425511360168}",7
68,1,left,headline,text,random,57,59,neutral,Chicago Gun Violence Spikes and Increasingly Finds the Youngest Victims,"Chicago has experienced an uptick in gun violence, affecting younger individuals more prominently and disproportionately.",0.9740745425224304,0.888216495513916,"{'label': 'negative', 'confidence': 0.7717414498329163}",7
68,1,left,headline,text,random,53,52,positive,Chicago Gun Violence Spikes and Increasingly Finds the Youngest Victims,"Lately, there has been a rise in gun violence in Chicago, affecting more young people than in previous times.",0.9952276945114136,0.8481271266937256,"{'label': 'negative', 'confidence': 0.7491665482521057}",7
68,1,left,headline,text,random,72,74,neutral,Chicago Gun Violence Spikes and Increasingly Finds the Youngest Victims,"Lately, there has been a significant increase in gun violence in Chicago, affecting a larger number of young individuals compared to previous years.",0.9785576462745667,0.8590485453605652,"{'label': 'negative', 'confidence': 0.7477434277534485}",7
68,1,left,headline,text,random,55,54,negative,Chicago Gun Violence Spikes and Increasingly Finds the Youngest Victims,"Recently, there has been an increase in gun violence in Chicago, affecting more young people than previously.",0.9746129512786865,0.8547130823135376,"{'label': 'negative', 'confidence': 0.7484388947486877}",7
68,1,left,headline,text,random,44,46,positive,Chicago Gun Violence Spikes and Increasingly Finds the Youngest Victims,The number of young victims affected by gun violence has risen significantly in Chicago.,0.9407120943069458,0.8579149842262268,"{'label': 'negative', 'confidence': 0.7263488173484802}",7
68,1,left,headline,text,random,43,45,positive,Chicago Gun Violence Spikes and Increasingly Finds the Youngest Victims,"Gun violence has risen in Chicago, affecting more young victims than in previous years.",0.9825354814529419,0.903594434261322,"{'label': 'negative', 'confidence': 0.8263484835624695}",7
68,1,left,headline,text,random,42,40,positive,Chicago Gun Violence Spikes and Increasingly Finds the Youngest Victims,"Chicago is seeing an increase in gun violence, with a concerning trend of targeting younger victims more frequently recently.",0.9924213886260986,0.9101629257202148,"{'label': 'negative', 'confidence': 0.8042505383491516}",7
68,1,left,headline,text,random,56,58,neutral,Chicago Gun Violence Spikes and Increasingly Finds the Youngest Victims,"Chicago is seeing an increase in gun violence, particularly affecting younger people.",0.9708501100540161,0.8883000612258911,"{'label': 'negative', 'confidence': 0.7184133529663086}",8
69,1,centre,headline,text,random,1,0,negative,"Bullets just came from nowhere: Fourth of July weekend gun violence kills at least 17, including 7-year-old-girl","During the Fourth of July weekend, gun violence resulted in at least 17 deaths, including a 7-year-old girl.",0.9278420209884644,0.9278420209884644,"{'label': 'negative', 'confidence': 0.8521813154220581}",1
69,1,centre,headline,text,random,99,0,negative,"Bullets just came from nowhere: Fourth of July weekend gun violence kills at least 17, including 7-year-old-girl","During the Fourth of July weekend, multiple shootings occurred unexpectedly, resulting in at least 17 deaths, including a 7-year-old girl.",0.8659943342208862,0.8659943342208862,"{'label': 'negative', 'confidence': 0.8312220573425293}",1
69,1,centre,headline,text,random,2,0,neutral,"Bullets just came from nowhere: Fourth of July weekend gun violence kills at least 17, including 7-year-old-girl","During the Fourth of July weekend, a shooting incident occurred with no apparent warning, resulting in at least 17 deaths, including that of a 7-year-old girl.",0.8311384916305542,0.8311384916305542,"{'label': 'negative', 'confidence': 0.8398544192314148}",1
69,1,centre,headline,text,random,3,1,positive,"Bullets just came from nowhere: Fourth of July weekend gun violence kills at least 17, including 7-year-old-girl","On the Fourth of July weekend, gun violence led to at least 17 fatalities, with one heartbreaking case involving a 7-year-old girl.",0.9837399125099182,0.9242538213729858,"{'label': 'negative', 'confidence': 0.9005599617958069}",2
69,1,centre,headline,text,random,95,1,positive,"Bullets just came from nowhere: Fourth of July weekend gun violence kills at least 17, including 7-year-old-girl","On the Fourth of July weekend,枪击事件导致至少17人死亡，其中包括一名7岁女童。",0.3537660241127014,0.3336019814014435,"{'label': 'neutral', 'confidence': 0.7596006989479065}",2
69,1,centre,headline,text,random,98,99,negative,"Bullets just came from nowhere: Fourth of July weekend gun violence kills at least 17, including 7-year-old-girl","On the Fourth of July weekend, several unexpected shootings took place, leading to at least 17 fatalities, one of whom was a 7-year-old child.",0.9725261926651001,0.8549244999885559,"{'label': 'negative', 'confidence': 0.8199353814125061}",2
69,1,centre,headline,text,random,97,99,negative,"Bullets just came from nowhere: Fourth of July weekend gun violence kills at least 17, including 7-year-old-girl","During the Fourth of July weekend, unexpected shootings led to at least 17 deaths, tragically including a 7-year-old girl.",0.9815371036529541,0.8768773674964905,"{'label': 'negative', 'confidence': 0.87408447265625}",2
69,1,centre,headline,text,random,4,2,positive,"Bullets just came from nowhere: Fourth of July weekend gun violence kills at least 17, including 7-year-old-girl","On the Fourth of July weekend, a shooting incident took place with no clear warning, leading to at least 17 fatalities, among them a 7-year-old girl.",0.9785840511322021,0.8238881826400757,"{'label': 'negative', 'confidence': 0.8438533544540405}",2
69,1,centre,headline,text,random,79,2,positive,"Bullets just came from nowhere: Fourth of July weekend gun violence kills at least 17, including 7-year-old-girl","On the Fourth of July weekend, a shooting incident took place without any prior warning, leading to at least 17 fatalities, among them a 7-year-old girl.",0.9768921136856079,0.818738579750061,"{'label': 'negative', 'confidence': 0.8247741460800171}",2
69,1,centre,headline,text,random,5,3,positive,"Bullets just came from nowhere: Fourth of July weekend gun violence kills at least 17, including 7-year-old-girl","During the Fourth of July weekend, unfortunately, there was an incident of gun violence resulting in at least 17 tragic deaths, including one particularly heart-wrenching case where a 7-year-old girl was among the victims.",0.9604570865631104,0.8845151662826538,"{'label': 'negative', 'confidence': 0.9232455492019653}",3
69,1,centre,headline,text,random,94,95,positive,"Bullets just came from nowhere: Fourth of July weekend gun violence kills at least 17, including 7-year-old-girl",在独立日长周末，不幸发生了枪击事件，造成至少17人遇难，其中有一位7岁的女孩。,0.8250706791877747,0.20929768681526184,"{'label': 'neutral', 'confidence': 0.8222960829734802}",3
69,1,centre,headline,text,random,93,95,neutral,"Bullets just came from nowhere: Fourth of July weekend gun violence kills at least 17, including 7-year-old-girl",在独立日长周末，一起枪击事件造成了至少17人的不幸离世，其中有一位是7岁的女孩。,0.7964222431182861,0.20617982745170593,"{'label': 'neutral', 'confidence': 0.8176277279853821}",3
69,1,centre,headline,text,random,78,95,neutral,"Bullets just came from nowhere: Fourth of July weekend gun violence kills at least 17, including 7-year-old-girl",在 Independence Day 周末发生的枪击事件中，不幸导致至少17人遇难，其中有一位7岁的女孩。,0.8001022338867188,0.24965563416481018,"{'label': 'neutral', 'confidence': 0.7594784498214722}",3
69,1,centre,headline,text,random,96,98,positive,"Bullets just came from nowhere: Fourth of July weekend gun violence kills at least 17, including 7-year-old-girl","During the Fourth of July weekend, multiple unexpected shootings occurred, resulting in at least 17 deaths, including that of a 7-year-old child.",0.9806180596351624,0.8609632849693298,"{'label': 'negative', 'confidence': 0.834904670715332}",3
69,1,centre,headline,text,random,77,98,negative,"Bullets just came from nowhere: Fourth of July weekend gun violence kills at least 17, including 7-year-old-girl","During the Fourth of July weekend, multiple unforeseen shootings occurred, resulting in at least 17 deaths, including that of a 7-year-old child.",0.9753186106681824,0.8506674766540527,"{'label': 'negative', 'confidence': 0.8205883502960205}",3
69,1,centre,headline,text,random,61,97,neutral,"Bullets just came from nowhere: Fourth of July weekend gun violence kills at least 17, including 7-year-old-girl","Over the Fourth of July weekend, unforeseen shootings resulted in at least 17 fatalities, with sadly one being a 7-year-old girl.",0.9645739793777466,0.8686012625694275,"{'label': 'negative', 'confidence': 0.8434180617332458}",3
69,1,centre,headline,text,random,6,4,positive,"Bullets just came from nowhere: Fourth of July weekend gun violence kills at least 17, including 7-year-old-girl","During the Independence Day weekend, an unexpected shooting occurred, resulting in at least 17 tragic deaths, including that of a 7-year-old girl.",0.8396090865135193,0.7578233480453491,"{'label': 'negative', 'confidence': 0.8839920163154602}",3
69,1,centre,headline,text,random,57,4,neutral,"Bullets just came from nowhere: Fourth of July weekend gun violence kills at least 17, including 7-year-old-girl","During the Independence Day weekend, a tragic shooting incident occurred without any apparent warning, resulting in at least 17 people losing their lives, including a young 7-year-old girl.",0.8541276454925537,0.7157303094863892,"{'label': 'negative', 'confidence': 0.8912656903266907}",3
69,1,centre,headline,text,random,23,4,neutral,"Bullets just came from nowhere: Fourth of July weekend gun violence kills at least 17, including 7-year-old-girl","During the July 4th holiday weekend, an unexpected shooting occurred, resulting in the tragic loss of at least 17 lives, including a young 7-year-old girl.",0.9016629457473755,0.8118004202842712,"{'label': 'negative', 'confidence': 0.8689683079719543}",3
69,1,centre,headline,text,random,80,79,positive,"Bullets just came from nowhere: Fourth of July weekend gun violence kills at least 17, including 7-year-old-girl","During the July Fourth holiday weekend, an unexpected shooting occurred, resulting in the tragic loss of at least 17 lives, including that of a 7-year-old girl.",0.9075472354888916,0.8154903650283813,"{'label': 'negative', 'confidence': 0.8705224990844727}",3
69,1,centre,headline,text,random,81,79,negative,"Bullets just came from nowhere: Fourth of July weekend gun violence kills at least 17, including 7-year-old-girl","During the Independence Day weekend, an unexpected shooting occurred, resulting in at least 17 tragic deaths, including that of a young 7-year-old girl.",0.8426181077957153,0.7584493160247803,"{'label': 'negative', 'confidence': 0.8813161849975586}",3
69,1,centre,headline,text,random,7,5,negative,"Bullets just came from nowhere: Fourth of July weekend gun violence kills at least 17, including 7-year-old-girl","During the Fourth of July weekend, sadly, an incident of gun violence occurred, leading to at least 17 heartbreaking losses, with one especially devastating case being that of a 7-year-old girl who became a victim.",0.9700591564178467,0.8708139061927795,"{'label': 'negative', 'confidence': 0.9214950203895569}",4
69,1,centre,headline,text,random,92,93,positive,"Bullets just came from nowhere: Fourth of July weekend gun violence kills at least 17, including 7-year-old-girl",在独立日长周末期间发生了一起枪击事件，导致至少17人丧生，其中包括一名7岁女孩。,0.8936006426811218,0.18760283291339874,"{'label': 'neutral', 'confidence': 0.8206673264503479}",4
69,1,centre,headline,text,random,91,93,negative,"Bullets just came from nowhere: Fourth of July weekend gun violence kills at least 17, including 7-year-old-girl",在一个独立日长周末，发生了一起枪击事件，导致至少17人遇难，其中包括一名7岁女孩。,0.8956743478775024,0.18392685055732727,"{'label': 'neutral', 'confidence': 0.8259519338607788}",4
69,1,centre,headline,text,random,76,78,positive,"Bullets just came from nowhere: Fourth of July weekend gun violence kills at least 17, including 7-year-old-girl",在一个独立日周末发生的枪击事件中，至少有17人不幸身亡，其中包括一名7岁女孩。,0.8930692672729492,0.19385667145252228,"{'label': 'neutral', 'confidence': 0.8233591914176941}",4
69,1,centre,headline,text,random,19,96,neutral,"Bullets just came from nowhere: Fourth of July weekend gun violence kills at least 17, including 7-year-old-girl","During the Fourth of July weekend, several unforeseen shooting incidents took place, sadly leading to at least 17 lives lost, one being a 7-year-old child.",0.9346092939376831,0.807961106300354,"{'label': 'negative', 'confidence': 0.8869436383247375}",4
69,1,centre,headline,text,random,75,77,neutral,"Bullets just came from nowhere: Fourth of July weekend gun violence kills at least 17, including 7-year-old-girl","Over the Fourth of July weekend, several unexpected shootings took place, leading to at least 17 fatalities, among them a tragic loss of a 7-year-old child's life.",0.9714208841323853,0.8379504084587097,"{'label': 'negative', 'confidence': 0.8799498677253723}",4
69,1,centre,headline,text,random,59,61,negative,"Bullets just came from nowhere: Fourth of July weekend gun violence kills at least 17, including 7-year-old-girl","During the Fourth of July weekend, unexpected shootings led to at least 17 deaths, including one 7-year-old girl.",0.9638873934745789,0.8811751008033752,"{'label': 'negative', 'confidence': 0.8210723400115967}",4
69,1,centre,headline,text,random,41,61,negative,"Bullets just came from nowhere: Fourth of July weekend gun violence kills at least 17, including 7-year-old-girl","During the Fourth of July weekend, unexpected shootings led to at least 17 deaths, including a 7-year-old girl.",0.9621272087097168,0.8815315365791321,"{'label': 'negative', 'confidence': 0.8270898461341858}",4
69,1,centre,headline,text,random,35,61,negative,"Bullets just came from nowhere: Fourth of July weekend gun violence kills at least 17, including 7-year-old-girl","During the Fourth of July weekend, unexpected shootings led to at least 17 deaths, including a 7-year-old girl.",0.9621272087097168,0.8815315365791321,"{'label': 'negative', 'confidence': 0.8270898461341858}",4
69,1,centre,headline,text,random,8,6,positive,"Bullets just came from nowhere: Fourth of July weekend gun violence kills at least 17, including 7-year-old-girl","During the Independence Day weekend, an unfortunate incident involving a shooting took place, sadly leading to at least 17 fatalities, with one being a 7-year-old girl.",0.9656549692153931,0.7543847560882568,"{'label': 'negative', 'confidence': 0.8844296932220459}",4
69,1,centre,headline,text,random,56,57,positive,"Bullets just came from nowhere: Fourth of July weekend gun violence kills at least 17, including 7-year-old-girl","On the Independence Day weekend, a shooting incident took place unexpectedly, leading to at least 17 deaths, among them a 7-year-old girl.",0.9370676279067993,0.758425235748291,"{'label': 'negative', 'confidence': 0.817607581615448}",4
69,1,centre,headline,text,random,58,57,neutral,"Bullets just came from nowhere: Fourth of July weekend gun violence kills at least 17, including 7-year-old-girl","During the Independence Day holiday, a shooting incident took place unexpectedly, leading to at least 17 deaths, among them a young 7-year-old girl.",0.9237843751907349,0.7329596281051636,"{'label': 'negative', 'confidence': 0.7938826680183411}",4
69,1,centre,headline,text,random,55,57,negative,"Bullets just came from nowhere: Fourth of July weekend gun violence kills at least 17, including 7-year-old-girl","During the Independence Day weekend, an unexpected shooting incident took place, leading to at least 17 deaths, among them a 7-year-old girl.",0.9404674768447876,0.7623448967933655,"{'label': 'negative', 'confidence': 0.8042296767234802}",4
69,1,centre,headline,text,random,39,57,negative,"Bullets just came from nowhere: Fourth of July weekend gun violence kills at least 17, including 7-year-old-girl","During the Independence Day weekend, a shooting incident took place unexpectedly, leading to at least 17 deaths, among them a 7-year-old girl.",0.9394789934158325,0.7587319612503052,"{'label': 'negative', 'confidence': 0.8040648698806763}",4
69,1,centre,headline,text,random,22,23,neutral,"Bullets just came from nowhere: Fourth of July weekend gun violence kills at least 17, including 7-year-old-girl","On the July 4th holiday weekend, an unexpected shooting took place, leading to the sad loss of at least 17 lives, among them a young 7-year-old girl.",0.9829791784286499,0.8093802332878113,"{'label': 'negative', 'confidence': 0.8786466121673584}",4
69,1,centre,headline,text,random,24,23,negative,"Bullets just came from nowhere: Fourth of July weekend gun violence kills at least 17, including 7-year-old-girl","On the July 4th holiday weekend, an unforeseen shooting incident led to the tragic deaths of at least 17 people, among them a 7-year-old child.",0.9520853161811829,0.8039630651473999,"{'label': 'negative', 'confidence': 0.8488080501556396}",4
69,1,centre,headline,text,random,21,23,neutral,"Bullets just came from nowhere: Fourth of July weekend gun violence kills at least 17, including 7-year-old-girl","On the July 4th holiday weekend, an unexpected shooting took place, leading to the tragic death of at least 17 people, among them a young 7-year-old girl.",0.9670949578285217,0.8224040865898132,"{'label': 'negative', 'confidence': 0.8703666925430298}",4
69,1,centre,headline,text,random,82,80,neutral,"Bullets just came from nowhere: Fourth of July weekend gun violence kills at least 17, including 7-year-old-girl","Tragically, during the July Fourth holiday weekend, an unforeseen shooting incident took place, leading to the loss of at least 17 lives, one of whom was a 7-year-old girl.",0.9763556122779846,0.7999306321144104,"{'label': 'negative', 'confidence': 0.8852366805076599}",4
69,1,centre,headline,text,random,26,80,neutral,"Bullets just came from nowhere: Fourth of July weekend gun violence kills at least 17, including 7-year-old-girl","During the July Fourth holiday weekend, an unfortunate shooting incident took place, sadly claiming the lives of at least 17 individuals, among them a 7-year-old girl.",0.9547935128211975,0.8289822340011597,"{'label': 'negative', 'confidence': 0.8828657269477844}",4
69,1,centre,headline,text,random,83,81,neutral,"Bullets just came from nowhere: Fourth of July weekend gun violence kills at least 17, including 7-year-old-girl","During the Independence Day weekend, an unforeseen shooting incident led to at least 17 devastating deaths, one of whom was a young 7-year-old girl.",0.9684601426124573,0.760703444480896,"{'label': 'negative', 'confidence': 0.8497857451438904}",4
69,1,centre,headline,text,random,9,7,neutral,"Bullets just came from nowhere: Fourth of July weekend gun violence kills at least 17, including 7-year-old-girl","During the Fourth of July weekend, unfortunately, a gun violence incident took place, resulting in at least 17 tragic deaths, including the particularly devastating loss of a 7-year-old girl.",0.9708611965179443,0.8824601769447327,"{'label': 'negative', 'confidence': 0.9266752600669861}",5
69,1,centre,headline,text,random,63,7,positive,"Bullets just came from nowhere: Fourth of July weekend gun violence kills at least 17, including 7-year-old-girl","Unfortunately, during the Fourth of July weekend, a gun violence incident took place, resulting in at least 17 tragic deaths, including a particularly devastating loss of a 7-year-old girl.",0.9669767022132874,0.8803505897521973,"{'label': 'negative', 'confidence': 0.9284651279449463}",5
69,1,centre,headline,text,random,90,92,positive,"Bullets just came from nowhere: Fourth of July weekend gun violence kills at least 17, including 7-year-old-girl",在一个独立日长周末，社区不幸发生了枪击事件，造成了至少17人的生命离世，其中有一位是年仅七岁的孩子。,0.8215759992599487,0.17574629187583923,"{'label': 'neutral', 'confidence': 0.8157364130020142}",5
69,1,centre,headline,text,random,14,92,negative,"Bullets just came from nowhere: Fourth of July weekend gun violence kills at least 17, including 7-year-old-girl",在一个独立日长周末，不幸发生了枪击事件，造成了至少17人的生命离世，其中有一位是7岁的儿童。,0.87216717004776,0.2055494487285614,"{'label': 'neutral', 'confidence': 0.8163366317749023}",5
69,1,centre,headline,text,random,89,92,neutral,"Bullets just came from nowhere: Fourth of July weekend gun violence kills at least 17, including 7-year-old-girl",在一个独立日长周末，当地发生了一起严重的枪击事件，造成了至少17人的不幸离世，其中有一位是7岁的儿童。,0.8561988472938538,0.2311064749956131,"{'label': 'neutral', 'confidence': 0.8219773173332214}",5
69,1,centre,headline,text,random,54,91,neutral,"Bullets just came from nowhere: Fourth of July weekend gun violence kills at least 17, including 7-year-old-girl",在独立日长周末期间，一起枪击事件造成了至少17人的死亡，其中就包括一个7岁的孩子。,0.8848333954811096,0.1999291479587555,"{'label': 'neutral', 'confidence': 0.8224568367004395}",5
69,1,centre,headline,text,random,74,91,positive,"Bullets just came from nowhere: Fourth of July weekend gun violence kills at least 17, including 7-year-old-girl",在独立日长周末期间，一起枪击事件造成至少17人死亡，其中有一名7岁的儿童。,0.8980443477630615,0.23066629469394684,"{'label': 'neutral', 'confidence': 0.8299092054367065}",5
69,1,centre,headline,text,random,17,19,positive,"Bullets just came from nowhere: Fourth of July weekend gun violence kills at least 17, including 7-year-old-girl","During the Fourth of July weekend, several unexpected shooting incidents occurred, resulting in at least 17 deaths, including that of a 7-year-old child.",0.9343078136444092,0.8509560823440552,"{'label': 'negative', 'confidence': 0.8138537406921387}",5
69,1,centre,headline,text,random,73,75,neutral,"Bullets just came from nowhere: Fourth of July weekend gun violence kills at least 17, including 7-year-old-girl","During the Fourth of July weekend, several unanticipated shootings occurred, resulting in at least 17 deaths, including that of a 7-year-old child.",0.9648822546005249,0.8486043214797974,"{'label': 'negative', 'confidence': 0.8258494734764099}",5
69,1,centre,headline,text,random,60,59,neutral,"Bullets just came from nowhere: Fourth of July weekend gun violence kills at least 17, including 7-year-old-girl","Over the Fourth of July weekend, unforeseen shootings resulted in at least 17 fatalities, with one victim being a 7-year-old girl.",0.9642384052276611,0.8681974411010742,"{'label': 'negative', 'confidence': 0.7664567828178406}",5
69,1,centre,headline,text,random,40,41,negative,"Bullets just came from nowhere: Fourth of July weekend gun violence kills at least 17, including 7-year-old-girl","On the Fourth of July weekend, unforeseen shootings resulted in at least 17 fatalities, with one tragedy involving a 7-year-old child.",0.9631141424179077,0.8461028337478638,"{'label': 'negative', 'confidence': 0.8308180570602417}",5
69,1,centre,headline,text,random,43,41,neutral,"Bullets just came from nowhere: Fourth of July weekend gun violence kills at least 17, including 7-year-old-girl","During the Fourth of July weekend, unexpected shootings resulted in at least 17 fatalities, with one of the victims being a 7-year-old girl.",0.9649393558502197,0.8759158253669739,"{'label': 'negative', 'confidence': 0.8206226825714111}",5
69,1,centre,headline,text,random,34,35,positive,"Bullets just came from nowhere: Fourth of July weekend gun violence kills at least 17, including 7-year-old-girl","Over the Fourth of July weekend, unforeseen shootings resulted in at least 17 fatalities, with one tragic case being a 7-year-old girl.",0.9651119709014893,0.8637818098068237,"{'label': 'negative', 'confidence': 0.8474330306053162}",5
69,1,centre,headline,text,random,36,35,neutral,"Bullets just came from nowhere: Fourth of July weekend gun violence kills at least 17, including 7-year-old-girl","During the Fourth of July weekend, unforeseen shootings resulted in at least 17 fatalities, tragically including a 7-year-old child.",0.9659445285797119,0.8524262309074402,"{'label': 'negative', 'confidence': 0.853522002696991}",5
69,1,centre,headline,text,random,37,35,neutral,"Bullets just came from nowhere: Fourth of July weekend gun violence kills at least 17, including 7-year-old-girl","During the Fourth of July weekend, unforeseen shootings resulted in at least 17 fatalities, with one being a 7-year-old girl.",0.9705443382263184,0.8647620677947998,"{'label': 'negative', 'confidence': 0.7677328586578369}",5
69,1,centre,headline,text,random,10,8,negative,"Bullets just came from nowhere: Fourth of July weekend gun violence kills at least 17, including 7-year-old-girl","During the Independence Day weekend, unfortunately, an incident involving a shooting occurred, resulting in at least 17 tragic deaths, including that of a 7-year-old girl.",0.9775295257568359,0.7361159324645996,"{'label': 'negative', 'confidence': 0.9146702289581299}",5
69,1,centre,headline,text,random,68,56,neutral,"Bullets just came from nowhere: Fourth of July weekend gun violence kills at least 17, including 7-year-old-girl","During the Independence Day weekend, an unfortunate shooting incident occurred, resulting in the tragic loss of at least 17 lives, including that of a 7-year-old girl.",0.9385563731193542,0.7140669822692871,"{'label': 'negative', 'confidence': 0.8807762265205383}",5
69,1,centre,headline,text,random,42,58,neutral,"Bullets just came from nowhere: Fourth of July weekend gun violence kills at least 17, including 7-year-old-girl","On Independence Day, an unexpected shooting incident occurred, resulting in at least 17 fatalities, including a young 7-year-old girl.",0.9634755849838257,0.7252088785171509,"{'label': 'negative', 'confidence': 0.8366182446479797}",5
69,1,centre,headline,text,random,53,55,negative,"Bullets just came from nowhere: Fourth of July weekend gun violence kills at least 17, including 7-year-old-girl","Over the Independence Day weekend, an unforeseen shooting occurred, resulting in at least 17 fatalities, including a 7-year-old girl.",0.9723923206329346,0.7523740530014038,"{'label': 'negative', 'confidence': 0.7895808219909668}",5
69,1,centre,headline,text,random,38,39,negative,"Bullets just came from nowhere: Fourth of July weekend gun violence kills at least 17, including 7-year-old-girl","On the Independence Day weekend, an unexpected shooting incident resulted in at least 17 fatalities, including a tragic loss of a 7-year-old girl's life.",0.9769300222396851,0.7524394989013672,"{'label': 'negative', 'confidence': 0.8776541948318481}",5
69,1,centre,headline,text,random,20,22,positive,"Bullets just came from nowhere: Fourth of July weekend gun violence kills at least 17, including 7-year-old-girl","During the July 4th holiday weekend, an unforeseen shooting incident occurred, resulting in the tragic loss of at least 17 lives, including a 7-year-old girl.",0.9641704559326172,0.7869806289672852,"{'label': 'negative', 'confidence': 0.8565924167633057}",5
69,1,centre,headline,text,random,25,24,positive,"Bullets just came from nowhere: Fourth of July weekend gun violence kills at least 17, including 7-year-old-girl","During the July 4th holiday weekend, an unexpected shooting resulted in the devastating loss of at least 17 lives, including that of a 7-year-old child.",0.9442276358604431,0.8028453588485718,"{'label': 'negative', 'confidence': 0.864341676235199}",5
69,1,centre,headline,text,random,84,82,negative,"Bullets just came from nowhere: Fourth of July weekend gun violence kills at least 17, including 7-year-old-girl","During the July Fourth holiday weekend, a tragic shooting incident occurred, resulting in the death of at least 17 people, including a 7-year-old girl.",0.9522894024848938,0.8251404166221619,"{'label': 'negative', 'confidence': 0.8711684346199036}",5
69,1,centre,headline,text,random,85,83,positive,"Bullets just came from nowhere: Fourth of July weekend gun violence kills at least 17, including 7-year-old-girl","Over the Independence Day weekend, an unexpected shooting resulted in at least 17 fatalities, including a young 7-year-old girl.",0.9451003074645996,0.7813109755516052,"{'label': 'negative', 'confidence': 0.7899234890937805}",5
69,1,centre,headline,text,random,11,9,neutral,"Bullets just came from nowhere: Fourth of July weekend gun violence kills at least 17, including 7-year-old-girl","During the Fourth of July weekend, a gun violence incident occurred, leading to at least 17 fatalities, with one especially heartbreaking loss being a 7-year-old child.",0.9785757064819336,0.8968013525009155,"{'label': 'negative', 'confidence': 0.889031708240509}",6
69,1,centre,headline,text,random,62,63,negative,"Bullets just came from nowhere: Fourth of July weekend gun violence kills at least 17, including 7-year-old-girl","During the Fourth of July weekend, an unfortunate incident involving gun violence occurred, leading to the sad loss of 17 lives, with one being a 7-year-old girl whose passing has been especially heart-wrenching for many.",0.9458143711090088,0.840569257736206,"{'label': 'negative', 'confidence': 0.9008373022079468}",6
69,1,centre,headline,text,random,64,63,positive,"Bullets just came from nowhere: Fourth of July weekend gun violence kills at least 17, including 7-year-old-girl","During the Fourth of July weekend, an unfortunate gun violence incident occurred, leading to the sad loss of at least 17 lives, with one especially heart-wrenching case being that of a 7-year-old girl.",0.9718575477600098,0.8692446947097778,"{'label': 'negative', 'confidence': 0.9052513241767883}",6
69,1,centre,headline,text,random,70,63,positive,"Bullets just came from nowhere: Fourth of July weekend gun violence kills at least 17, including 7-year-old-girl","During the Fourth of July weekend, a sad incident involving gun violence occurred, leading to at least 17 lives being lost, with one especially heart-wrenching case being that of a young 7-year-old girl.",0.9519422054290771,0.8561853766441345,"{'label': 'negative', 'confidence': 0.915421724319458}",6
69,1,centre,headline,text,random,88,90,positive,"Bullets just came from nowhere: Fourth of July weekend gun violence kills at least 17, including 7-year-old-girl",在独立日长周末期间，社区不幸发生了一起枪击事件，导致至少17人失去生命，其中包括一名年仅七岁的小朋友。,0.9421480298042297,0.18374386429786682,"{'label': 'neutral', 'confidence': 0.8208673000335693}",6
69,1,centre,headline,text,random,13,14,negative,"Bullets just came from nowhere: Fourth of July weekend gun violence kills at least 17, including 7-year-old-girl",在独立日的长周末期间，发生了一起严重的枪击事件，导致至少17人死亡，其中包括一名7岁儿童。,0.8966494202613831,0.21202340722084045,"{'label': 'neutral', 'confidence': 0.8220259547233582}",6
69,1,centre,headline,text,random,12,14,negative,"Bullets just came from nowhere: Fourth of July weekend gun violence kills at least 17, including 7-year-old-girl",在独立日的长周末期间，发生了一起悲剧性的枪击事件，导致至少17人丧生，其中包括一名7岁的小孩。,0.9064831733703613,0.1977183222770691,"{'label': 'neutral', 'confidence': 0.8208416104316711}",6
69,1,centre,headline,text,random,16,14,neutral,"Bullets just came from nowhere: Fourth of July weekend gun violence kills at least 17, including 7-year-old-girl",在独立日的长周末期间，发生了一起悲剧性的枪击事件，导致至少17人丧生，其中包括一名仅7岁的儿童。,0.9105995893478394,0.2079719752073288,"{'label': 'neutral', 'confidence': 0.8245213627815247}",6
69,1,centre,headline,text,random,87,89,neutral,"Bullets just came from nowhere: Fourth of July weekend gun violence kills at least 17, including 7-year-old-girl",在独立日长周末期间，当地发生了严重枪击事件，导致至少17人丧生，其中包括一名7岁儿童。,0.887310266494751,0.21390801668167114,"{'label': 'neutral', 'confidence': 0.8442904353141785}",6
69,1,centre,headline,text,random,52,54,negative,"Bullets just came from nowhere: Fourth of July weekend gun violence kills at least 17, including 7-year-old-girl",在独立日长周末，发生了一起枪击事件，导致至少17人死亡，其中包括一名7岁儿童。,0.9161626100540161,0.21081627905368805,"{'label': 'neutral', 'confidence': 0.8243957161903381}",6
69,1,centre,headline,text,random,72,74,negative,"Bullets just came from nowhere: Fourth of July weekend gun violence kills at least 17, including 7-year-old-girl",在独立日长周末期间发生了一起悲剧性的枪击事件，导致至少17人不幸遇难，其中包括一名年仅7岁的小朋友。,0.9231057167053223,0.20639832317829132,"{'label': 'neutral', 'confidence': 0.8149129748344421}",6
69,1,centre,headline,text,random,18,17,positive,"Bullets just came from nowhere: Fourth of July weekend gun violence kills at least 17, including 7-year-old-girl","During the Fourth of July weekend, several unanticipated shooting incidents took place, sadly leading to at least 17 fatalities, one of whom was a 7-year-old child.",0.9769952297210693,0.8436950445175171,"{'label': 'negative', 'confidence': 0.8800095915794373}",6
69,1,centre,headline,text,random,15,17,negative,"Bullets just came from nowhere: Fourth of July weekend gun violence kills at least 17, including 7-year-old-girl","Over the Fourth of July weekend, several unanticipated shooting events took place, tragically leading to at least 17 fatalities, among them a 7-year-old child.",0.9628453850746155,0.8327797651290894,"{'label': 'negative', 'confidence': 0.8717716336250305}",6
69,1,centre,headline,text,random,71,73,positive,"Bullets just came from nowhere: Fourth of July weekend gun violence kills at least 17, including 7-year-old-girl","Over the Fourth of July weekend, unexpected shootings took place, leading to at least 17 deaths, one of whom was a 7-year-old child.",0.9776706695556641,0.8623210191726685,"{'label': 'negative', 'confidence': 0.8243219256401062}",6
69,1,centre,headline,text,random,48,60,neutral,"Bullets just came from nowhere: Fourth of July weekend gun violence kills at least 17, including 7-year-old-girl","During the Fourth of July weekend, unanticipated shootings led to at least 17 deaths, including that of a 7-year-old girl.",0.9590152502059937,0.8674302697181702,"{'label': 'negative', 'confidence': 0.8259557485580444}",6
69,1,centre,headline,text,random,44,43,positive,"Bullets just came from nowhere: Fourth of July weekend gun violence kills at least 17, including 7-year-old-girl","On the Fourth of July weekend, unexpected shootings led to at least 17 deaths, including that of a 7-year-old girl.",0.9654605984687805,0.8833204507827759,"{'label': 'negative', 'confidence': 0.850929856300354}",6
69,1,centre,headline,text,random,45,43,negative,"Bullets just came from nowhere: Fourth of July weekend gun violence kills at least 17, including 7-year-old-girl","During the Fourth of July weekend, unexpected shootings led to at least 17 deaths, including that of a 7-year-old girl.",0.9651353359222412,0.8795543909072876,"{'label': 'negative', 'confidence': 0.8331311345100403}",6
69,1,centre,headline,text,random,86,43,negative,"Bullets just came from nowhere: Fourth of July weekend gun violence kills at least 17, including 7-year-old-girl","Over the Fourth of July weekend, unexpected shootings led to at least 17 deaths, including that of a 7-year-old girl.",0.9610050320625305,0.8779174089431763,"{'label': 'negative', 'confidence': 0.8336270451545715}",6
69,1,centre,headline,text,random,33,34,positive,"Bullets just came from nowhere: Fourth of July weekend gun violence kills at least 17, including 7-year-old-girl","During the Fourth of July holiday, unfortunately, there were unexpected shootings that led to at least 17 sad losses, including a young 7-year-old girl.",0.9232463836669922,0.8037270903587341,"{'label': 'negative', 'confidence': 0.9045004844665527}",6
69,1,centre,headline,text,random,32,34,negative,"Bullets just came from nowhere: Fourth of July weekend gun violence kills at least 17, including 7-year-old-girl","During the Fourth of July weekend, unfortunately, there were unexpected shooting incidents that led to at least 17 deaths, including a heart-wrenching loss of a 7-year-old girl.",0.9378416538238525,0.832209587097168,"{'label': 'negative', 'confidence': 0.9015190601348877}",6
69,1,centre,headline,text,random,67,68,negative,"Bullets just came from nowhere: Fourth of July weekend gun violence kills at least 17, including 7-year-old-girl","Over the Independence Day holiday, a shooting took place that sadly led to the death of at least 17 people, among them a 7-year-old girl.",0.9418503642082214,0.7481733560562134,"{'label': 'negative', 'confidence': 0.8866918683052063}",6
69,1,centre,headline,text,random,69,68,positive,"Bullets just came from nowhere: Fourth of July weekend gun violence kills at least 17, including 7-year-old-girl","During the Independence Day weekend, a tragic shooting incident took place, leading to the deaths of at least 17 people, among them a 7-year-old girl.",0.9735328555107117,0.7311170697212219,"{'label': 'negative', 'confidence': 0.8843497037887573}",6
69,1,centre,headline,text,random,66,68,neutral,"Bullets just came from nowhere: Fourth of July weekend gun violence kills at least 17, including 7-year-old-girl","Over the Independence Day holiday, a shooting incident took place, leading to the sad death of at least 17 people, which included a 7-year-old girl.",0.9354429841041565,0.7197611331939697,"{'label': 'negative', 'confidence': 0.861367404460907}",6
69,1,centre,headline,text,random,27,25,negative,"Bullets just came from nowhere: Fourth of July weekend gun violence kills at least 17, including 7-year-old-girl","On the July 4th holiday weekend, an unfortunate shooting incident occurred, leading to the tragic loss of at least 17 lives, one of whom was a 7-year-old child.",0.9673520922660828,0.7970224022865295,"{'label': 'negative', 'confidence': 0.8861762285232544}",6
69,1,centre,headline,text,random,51,62,neutral,"Bullets just came from nowhere: Fourth of July weekend gun violence kills at least 17, including 7-year-old-girl","On the Fourth of July weekend, a tragic incident of gun violence took place, resulting in the sorrowful death of 17 individuals, including a 7-year-old girl whose loss has deeply affected many people.",0.9723665118217468,0.8555294871330261,"{'label': 'negative', 'confidence': 0.90464848279953}",7
69,1,centre,headline,text,random,65,64,positive,"Bullets just came from nowhere: Fourth of July weekend gun violence kills at least 17, including 7-year-old-girl","On the Fourth of July weekend, a tragic incident involving gun violence took place, resulting in the sorrowful loss of at least 17 lives. One particularly heartbreaking case involved a young 7-year-old girl.",0.985070526599884,0.8567715287208557,"{'label': 'negative', 'confidence': 0.9186065793037415}",7
69,1,centre,headline,text,random,50,52,neutral,"Bullets just came from nowhere: Fourth of July weekend gun violence kills at least 17, including 7-year-old-girl",在独立日长周末期间，一起枪击事件造成了至少17人死亡，其中竟然有一名7岁的儿童。这一悲剧性的事件让人们对公共安全问题更加担忧。,0.925445556640625,0.22438284754753113,"{'label': 'neutral', 'confidence': 0.8131207823753357}",7
69,1,centre,headline,text,random,47,48,negative,"Bullets just came from nowhere: Fourth of July weekend gun violence kills at least 17, including 7-year-old-girl","Over the Fourth of July weekend, unforeseen shootings resulted in at least 17 fatalities, among them a 7-year-old girl.",0.9713671207427979,0.8624939322471619,"{'label': 'negative', 'confidence': 0.787333071231842}",7
69,1,centre,headline,text,random,49,48,negative,"Bullets just came from nowhere: Fourth of July weekend gun violence kills at least 17, including 7-year-old-girl","During the Fourth of July weekend, unexpected shootings resulted in at least 17 deaths, one of whom was a 7-year-old girl.",0.9796385765075684,0.8807284832000732,"{'label': 'negative', 'confidence': 0.8380813002586365}",7
69,1,centre,headline,text,random,46,48,negative,"Bullets just came from nowhere: Fourth of July weekend gun violence kills at least 17, including 7-year-old-girl","During the Fourth of July weekend, unexpected shootings resulted in at least 17 fatalities, one of whom was a 7-year-old girl.",0.9649198651313782,0.878558337688446,"{'label': 'negative', 'confidence': 0.8162159323692322}",7
69,1,centre,headline,text,random,31,33,neutral,"Bullets just came from nowhere: Fourth of July weekend gun violence kills at least 17, including 7-year-old-girl","On Independence Day, unfortunately, there were unforeseen shooting incidents that resulted in the tragic loss of at least 17 lives, one of whom was a young 7-year-old girl.",0.8343839645385742,0.7023571729660034,"{'label': 'negative', 'confidence': 0.8921242952346802}",7
69,1,centre,headline,text,random,30,32,positive,"Bullets just came from nowhere: Fourth of July weekend gun violence kills at least 17, including 7-year-old-girl","Unfortunately, during the Fourth of July weekend, there were unforeseen shooting incidents resulting in at least 17 fatalities, with one particularly devastating case being the death of a 7-year-old child.",0.9678377509117126,0.8406143188476562,"{'label': 'negative', 'confidence': 0.9063969850540161}",7
69,1,centre,headline,text,random,28,27,negative,"Bullets just came from nowhere: Fourth of July weekend gun violence kills at least 17, including 7-year-old-girl","During the July 4th holiday weekend, a tragic shooting resulted in at least 17 deaths, including that of a 7-year-old child.",0.9439200162887573,0.8481956720352173,"{'label': 'negative', 'confidence': 0.8832229971885681}",7
69,1,centre,headline,text,random,29,27,positive,"Bullets just came from nowhere: Fourth of July weekend gun violence kills at least 17, including 7-year-old-girl","During the July 4th holiday weekend, a devastating shooting incident resulted in the sorrowful loss of at least 17 lives, including that of a young 7-year-old child.",0.9800096154212952,0.782699465751648,"{'label': 'negative', 'confidence': 0.8982830047607422}",7
70,1,right,headline,text,random,1,0,negative,Dozens of shootings across US mark bloody July 4th weekend,"Multiple shooting incidents occurred across the United States during the July 4th weekend, resulting in several casualties.",0.8299130201339722,0.8299130201339722,"{'label': 'negative', 'confidence': 0.6974058151245117}",1
70,1,right,headline,text,random,2,0,neutral,Dozens of shootings across US mark bloody July 4th weekend,Dozens of shootings occurred across the United States during the July 4th weekend.,0.8681678771972656,0.8681678771972656,"{'label': 'negative', 'confidence': 0.668505072593689}",1
70,1,right,headline,text,random,98,0,neutral,Dozens of shootings across US mark bloody July 4th weekend,Dozens of shooting incidents occurred across the United States during the July 4th weekend.,0.8494275212287903,0.8494275212287903,"{'label': 'neutral', 'confidence': 0.512582004070282}",1
70,1,right,headline,text,random,3,1,negative,Dozens of shootings across US mark bloody July 4th weekend,"Several shooting incidents took place nationwide over the July 4th weekend, causing multiple deaths and injuries.",0.9534291625022888,0.802527666091919,"{'label': 'negative', 'confidence': 0.7861142158508301}",2
70,1,right,headline,text,random,4,2,neutral,Dozens of shootings across US mark bloody July 4th weekend,Several shootings took place in various parts of the United States over the July 4th weekend.,0.9610978364944458,0.820967435836792,"{'label': 'neutral', 'confidence': 0.5145369172096252}",2
70,1,right,headline,text,random,97,98,neutral,Dozens of shootings across US mark bloody July 4th weekend,Dozens of shootings took place in various parts of the United States over the July 4th weekend.,0.9557723999023438,0.8451412916183472,"{'label': 'negative', 'confidence': 0.573884904384613}",2
70,1,right,headline,text,random,99,98,positive,Dozens of shootings across US mark bloody July 4th weekend,Several shooting incidents took place in various parts of the United States over the July 4th weekend.,0.9672563672065735,0.8042305707931519,"{'label': 'neutral', 'confidence': 0.6327232122421265}",2
70,1,right,headline,text,random,96,98,negative,Dozens of shootings across US mark bloody July 4th weekend,Multiple shooting incidents took place in various parts of the United States over the July 4th weekend.,0.9670071601867676,0.8092869520187378,"{'label': 'neutral', 'confidence': 0.6326174736022949}",2
70,1,right,headline,text,random,49,98,neutral,Dozens of shootings across US mark bloody July 4th weekend,Several shooting incidents took place in various parts of the United States over the July 4th weekend.,0.9672563672065735,0.8042305707931519,"{'label': 'neutral', 'confidence': 0.6327232122421265}",2
70,1,right,headline,text,random,5,3,negative,Dozens of shootings across US mark bloody July 4th weekend,"Over the July 4th weekend, several shooting incidents occurred across the country, resulting in numerous deaths and injuries.",0.9718658924102783,0.8120130896568298,"{'label': 'negative', 'confidence': 0.7550528645515442}",3
70,1,right,headline,text,random,6,4,positive,Dozens of shootings across US mark bloody July 4th weekend,Several shootings occurred in different areas of the United States during the July 4th weekend.,0.9903364181518555,0.8264997601509094,"{'label': 'neutral', 'confidence': 0.6156839728355408}",3
70,1,right,headline,text,random,95,97,positive,Dozens of shootings across US mark bloody July 4th weekend,Several shootings occurred in different areas of the United States during the July 4th weekend.,0.9588968753814697,0.8264997601509094,"{'label': 'neutral', 'confidence': 0.6156839728355408}",3
70,1,right,headline,text,random,47,97,negative,Dozens of shootings across US mark bloody July 4th weekend,Several shooting incidents occurred across different regions of the United States during the July 4th weekend.,0.9197012186050415,0.7994285821914673,"{'label': 'neutral', 'confidence': 0.6841861009597778}",3
70,1,right,headline,text,random,40,99,positive,Dozens of shootings across US mark bloody July 4th weekend,Multiple shooting incidents occurred across different locations in the United States during the July 4th holiday weekend.,0.9760161638259888,0.7964533567428589,"{'label': 'neutral', 'confidence': 0.7029595375061035}",3
70,1,right,headline,text,random,34,99,neutral,Dozens of shootings across US mark bloody July 4th weekend,"Over the July 4th weekend, several shooting incidents occurred in different areas across the United States.",0.988053023815155,0.8161423802375793,"{'label': 'neutral', 'confidence': 0.75728839635849}",3
70,1,right,headline,text,random,42,99,neutral,Dozens of shootings across US mark bloody July 4th weekend,"Over the July 4th weekend, several shooting incidents occurred in different areas across the United States.",0.988053023815155,0.8161423802375793,"{'label': 'neutral', 'confidence': 0.75728839635849}",3
70,1,right,headline,text,random,94,96,neutral,Dozens of shootings across US mark bloody July 4th weekend,Several shooting incidents occurred across different areas in the United States during the July 4th holiday weekend.,0.9818087220191956,0.7967779636383057,"{'label': 'neutral', 'confidence': 0.6996141076087952}",3
70,1,right,headline,text,random,83,96,neutral,Dozens of shootings across US mark bloody July 4th weekend,Several shooting incidents occurred across different areas of the United States during the July 4th holiday weekend.,0.9819192290306091,0.8000795841217041,"{'label': 'neutral', 'confidence': 0.7064993381500244}",3
70,1,right,headline,text,random,48,49,neutral,Dozens of shootings across US mark bloody July 4th weekend,Several shooting incidents occurred in different parts of the United States during the July 4th weekend.,0.9930535554885864,0.8109739422798157,"{'label': 'neutral', 'confidence': 0.6774348020553589}",3
70,1,right,headline,text,random,50,49,neutral,Dozens of shootings across US mark bloody July 4th weekend,Multiple shooting incidents occurred in different areas of the United States during the July 4th weekend.,0.9862306118011475,0.8156784772872925,"{'label': 'neutral', 'confidence': 0.7437577843666077}",3
70,1,right,headline,text,random,74,5,neutral,Dozens of shootings across US mark bloody July 4th weekend,"During the July 4th weekend, multiple shooting incidents took place nationwide, leading to a significant number of fatalities and injuries.",0.977735161781311,0.8271149396896362,"{'label': 'negative', 'confidence': 0.7907074093818665}",4
70,1,right,headline,text,random,7,6,negative,Dozens of shootings across US mark bloody July 4th weekend,"During the July 4th weekend, several shooting incidents were reported in various parts of the United States.",0.9502683877944946,0.8215171694755554,"{'label': 'neutral', 'confidence': 0.620939314365387}",4
70,1,right,headline,text,random,8,6,negative,Dozens of shootings across US mark bloody July 4th weekend,"During the Independence Day weekend, several shooting incidents were reported in various parts of the United States.",0.8192656636238098,0.6903238296508789,"{'label': 'neutral', 'confidence': 0.6467389464378357}",4
70,1,right,headline,text,random,93,95,neutral,Dozens of shootings across US mark bloody July 4th weekend,"During the July 4th weekend, several shooting incidents were reported in various parts of the United States.",0.9502683877944946,0.8215171694755554,"{'label': 'neutral', 'confidence': 0.620939314365387}",4
70,1,right,headline,text,random,46,47,negative,Dozens of shootings across US mark bloody July 4th weekend,Multiple shooting incidents took place in various parts of the U.S. over the July 4th weekend.,0.9800996780395508,0.8160958886146545,"{'label': 'neutral', 'confidence': 0.6274762153625488}",4
70,1,right,headline,text,random,45,47,neutral,Dozens of shootings across US mark bloody July 4th weekend,Multiple shooting incidents took place in various parts of the U.S. over the July 4th weekend.,0.9800996780395508,0.8160958886146545,"{'label': 'neutral', 'confidence': 0.6274762153625488}",4
70,1,right,headline,text,random,39,40,negative,Dozens of shootings across US mark bloody July 4th weekend,Several shooting incidents took place in various U.S. locations over the July 4th holiday weekend.,0.9845936298370361,0.8050458431243896,"{'label': 'neutral', 'confidence': 0.6637680530548096}",4
70,1,right,headline,text,random,38,40,neutral,Dozens of shootings across US mark bloody July 4th weekend,Several shooting incidents took place at various locations throughout the United States over the July 4th holiday weekend.,0.9865078926086426,0.7893227934837341,"{'label': 'neutral', 'confidence': 0.6621689796447754}",4
70,1,right,headline,text,random,28,40,positive,Dozens of shootings across US mark bloody July 4th weekend,Several shooting incidents took place at various locations throughout the United States over the July 4th holiday weekend.,0.9865078926086426,0.7893227934837341,"{'label': 'neutral', 'confidence': 0.6621689796447754}",4
70,1,right,headline,text,random,33,34,neutral,Dozens of shootings across US mark bloody July 4th weekend,"During the July 4th weekend, multiple shooting incidents took place in various locations throughout the United States.",0.9842600226402283,0.8222434520721436,"{'label': 'neutral', 'confidence': 0.6525173187255859}",4
70,1,right,headline,text,random,35,34,negative,Dozens of shootings across US mark bloody July 4th weekend,"During the July 4th weekend, multiple shooting incidents took place in various locations across the United States.",0.9866337180137634,0.8244800567626953,"{'label': 'neutral', 'confidence': 0.6526932120323181}",4
70,1,right,headline,text,random,32,34,negative,Dozens of shootings across US mark bloody July 4th weekend,"During the July 4th weekend, multiple shooting incidents took place in various locations across the United States.",0.9866337180137634,0.8244800567626953,"{'label': 'neutral', 'confidence': 0.6526932120323181}",4
70,1,right,headline,text,random,41,42,neutral,Dozens of shootings across US mark bloody July 4th weekend,"During the July 4th weekend, multiple shooting incidents took place in various locations across the United States.",0.9866337180137634,0.8244800567626953,"{'label': 'neutral', 'confidence': 0.6526932120323181}",4
70,1,right,headline,text,random,43,42,positive,Dozens of shootings across US mark bloody July 4th weekend,"During the July 4th weekend, multiple shooting incidents took place in various locations across the United States.",0.9866337180137634,0.8244800567626953,"{'label': 'neutral', 'confidence': 0.6526932120323181}",4
70,1,right,headline,text,random,44,42,positive,Dozens of shootings across US mark bloody July 4th weekend,"During the July 4th weekend, multiple shooting incidents took place in various locations across the United States.",0.9866337180137634,0.8244800567626953,"{'label': 'neutral', 'confidence': 0.6526932120323181}",4
70,1,right,headline,text,random,92,94,neutral,Dozens of shootings across US mark bloody July 4th weekend,Several shooting incidents took place in various parts of the United States over the July 4th holiday weekend.,0.9928638339042664,0.7971801161766052,"{'label': 'neutral', 'confidence': 0.6305748820304871}",4
70,1,right,headline,text,random,82,83,positive,Dozens of shootings across US mark bloody July 4th weekend,Several shooting incidents took place in various parts of the United States over the July 4th holiday weekend.,0.9925053715705872,0.7971801161766052,"{'label': 'neutral', 'confidence': 0.6305748820304871}",4
70,1,right,headline,text,random,14,83,negative,Dozens of shootings across US mark bloody July 4th weekend,Several shooting incidents took place in various parts of the United States over the July 4th holiday weekend.,0.9925053715705872,0.7971801161766052,"{'label': 'neutral', 'confidence': 0.6305748820304871}",4
70,1,right,headline,text,random,51,50,positive,Dozens of shootings across US mark bloody July 4th weekend,Several shooting incidents took place in various parts of the United States over the July 4th weekend.,0.9862306118011475,0.8042305707931519,"{'label': 'neutral', 'confidence': 0.6327232122421265}",4
70,1,right,headline,text,random,88,50,positive,Dozens of shootings across US mark bloody July 4th weekend,Several shooting incidents took place in various parts of the United States over the July 4th weekend.,0.9862306118011475,0.8042305707931519,"{'label': 'neutral', 'confidence': 0.6327232122421265}",4
70,1,right,headline,text,random,73,74,neutral,Dozens of shootings across US mark bloody July 4th weekend,"Over the July 4th weekend, several shooting incidents occurred across the country, resulting in numerous deaths and injuries.",0.977735161781311,0.8120130896568298,"{'label': 'negative', 'confidence': 0.7550528645515442}",5
70,1,right,headline,text,random,75,74,neutral,Dozens of shootings across US mark bloody July 4th weekend,"Over the July 4th weekend, several shooting incidents occurred across the country, resulting in numerous deaths and injuries.",0.977735161781311,0.8120130896568298,"{'label': 'negative', 'confidence': 0.7550528645515442}",5
70,1,right,headline,text,random,72,74,negative,Dozens of shootings across US mark bloody July 4th weekend,"Over the July 4th weekend, several shooting incidents occurred across the country, resulting in multiple deaths and injuries.",0.9786966443061829,0.8146402835845947,"{'label': 'negative', 'confidence': 0.7153760194778442}",5
70,1,right,headline,text,random,76,74,negative,Dozens of shootings across US mark bloody July 4th weekend,"Over the July 4th weekend, several shooting incidents occurred across the country, resulting in numerous deaths and injuries.",0.977735161781311,0.8120130896568298,"{'label': 'negative', 'confidence': 0.7550528645515442}",5
70,1,right,headline,text,random,9,7,neutral,Dozens of shootings across US mark bloody July 4th weekend,"Over the July 4th weekend, multiple shooting incidents were reported across different areas in the U.S., causing concern and distress.",0.9653220176696777,0.8102608919143677,"{'label': 'negative', 'confidence': 0.6897591352462769}",5
70,1,right,headline,text,random,55,7,negative,Dozens of shootings across US mark bloody July 4th weekend,"Over the July 4th weekend, multiple shooting incidents were reported across different regions in the United States.",0.979282021522522,0.818020761013031,"{'label': 'neutral', 'confidence': 0.6529020667076111}",5
70,1,right,headline,text,random,10,8,negative,Dozens of shootings across US mark bloody July 4th weekend,"Over the Independence Day weekend, multiple shooting incidents were reported across different regions in the United States.",0.9776496887207031,0.6988329887390137,"{'label': 'neutral', 'confidence': 0.6753919720649719}",5
70,1,right,headline,text,random,91,93,negative,Dozens of shootings across US mark bloody July 4th weekend,"Over the July 4th weekend, multiple shooting incidents were reported across different areas in the United States.",0.9834381341934204,0.8239177465438843,"{'label': 'neutral', 'confidence': 0.673732340335846}",5
70,1,right,headline,text,random,69,46,negative,Dozens of shootings across US mark bloody July 4th weekend,Several shooting incidents occurred across different areas of the U.S. during the July 4th holiday weekend.,0.9785441756248474,0.8044631481170654,"{'label': 'neutral', 'confidence': 0.7073190212249756}",5
70,1,right,headline,text,random,25,45,positive,Dozens of shootings across US mark bloody July 4th weekend,Several shooting incidents occurred in different areas of the U.S. during the July 4th weekend.,0.9875689148902893,0.8120323419570923,"{'label': 'neutral', 'confidence': 0.7022761106491089}",5
70,1,right,headline,text,random,37,39,neutral,Dozens of shootings across US mark bloody July 4th weekend,Multiple shooting incidents occurred across different U.S. locations during the July 4th holiday weekend.,0.9881575107574463,0.8110306262969971,"{'label': 'neutral', 'confidence': 0.7138165235519409}",5
70,1,right,headline,text,random,80,39,negative,Dozens of shootings across US mark bloody July 4th weekend,Multiple shooting incidents occurred across different U.S. locations during the July 4th holiday weekend.,0.9881575107574463,0.8110306262969971,"{'label': 'neutral', 'confidence': 0.7138165235519409}",5
70,1,right,headline,text,random,36,38,positive,Dozens of shootings across US mark bloody July 4th weekend,Several shooting incidents occurred in different parts of the United States during the July 4th holiday weekend.,0.9854300618171692,0.8018699288368225,"{'label': 'neutral', 'confidence': 0.6818952560424805}",5
70,1,right,headline,text,random,27,28,neutral,Dozens of shootings across US mark bloody July 4th weekend,Multiple shooting incidents occurred in different parts of the United States during the July 4th holiday weekend.,0.9823009371757507,0.8054792881011963,"{'label': 'neutral', 'confidence': 0.7105611562728882}",5
70,1,right,headline,text,random,26,28,negative,Dozens of shootings across US mark bloody July 4th weekend,Multiple shooting incidents occurred in different parts of the United States during the July 4th holiday weekend.,0.9823009371757507,0.8054792881011963,"{'label': 'neutral', 'confidence': 0.7105611562728882}",5
70,1,right,headline,text,random,30,28,positive,Dozens of shootings across US mark bloody July 4th weekend,"Over the July 4th holiday weekend, several shooting incidents occurred in different parts of the United States.",0.9801709055900574,0.8063948154449463,"{'label': 'neutral', 'confidence': 0.7598715424537659}",5
70,1,right,headline,text,random,31,33,positive,Dozens of shootings across US mark bloody July 4th weekend,"Over the July 4th weekend, several shooting incidents occurred in different parts of the United States.",0.9861271381378174,0.8151102066040039,"{'label': 'neutral', 'confidence': 0.7248958349227905}",5
70,1,right,headline,text,random,61,41,neutral,Dozens of shootings across US mark bloody July 4th weekend,"Over the July 4th weekend, several shooting incidents occurred in different parts of the United States.",0.9875707030296326,0.8151102066040039,"{'label': 'neutral', 'confidence': 0.7248958349227905}",5
70,1,right,headline,text,random,81,82,positive,Dozens of shootings across US mark bloody July 4th weekend,Multiple shooting incidents occurred across several locations in the United States during the July 4th holiday weekend.,0.9880469441413879,0.8063560128211975,"{'label': 'neutral', 'confidence': 0.6098123788833618}",5
70,1,right,headline,text,random,84,82,negative,Dozens of shootings across US mark bloody July 4th weekend,"Over the July 4th holiday weekend, several shooting incidents occurred in different locations across the United States.",0.9853907227516174,0.8095736503601074,"{'label': 'neutral', 'confidence': 0.7543280720710754}",5
70,1,right,headline,text,random,13,14,negative,Dozens of shootings across US mark bloody July 4th weekend,"Over the July 4th holiday weekend, several shooting incidents occurred in different parts of the United States.",0.9873629212379456,0.8063948154449463,"{'label': 'neutral', 'confidence': 0.7598715424537659}",5
70,1,right,headline,text,random,12,14,positive,Dozens of shootings across US mark bloody July 4th weekend,"Over the July 4th holiday weekend, several shooting incidents occurred in different parts of the United States, causing concern and distress.",0.9591359496116638,0.7880110740661621,"{'label': 'negative', 'confidence': 0.6535381078720093}",5
70,1,right,headline,text,random,16,14,positive,Dozens of shootings across US mark bloody July 4th weekend,"Over the July 4th holiday weekend, multiple shooting incidents occurred in several parts of the United States.",0.9851212501525879,0.8149927854537964,"{'label': 'neutral', 'confidence': 0.6282062530517578}",5
70,1,right,headline,text,random,62,51,neutral,Dozens of shootings across US mark bloody July 4th weekend,Multiple shooting incidents occurred across different regions of the United States during the July 4th holiday weekend.,0.9728828072547913,0.7962716817855835,"{'label': 'neutral', 'confidence': 0.7096395492553711}",5
70,1,right,headline,text,random,22,51,positive,Dozens of shootings across US mark bloody July 4th weekend,"Over the July 4th weekend, several shooting incidents were reported across different areas in the United States.",0.9810091257095337,0.815314531326294,"{'label': 'neutral', 'confidence': 0.7133707404136658}",5
70,1,right,headline,text,random,87,88,positive,Dozens of shootings across US mark bloody July 4th weekend,"Over the July 4th weekend, several shooting incidents occurred in different areas across the United States.",0.988053023815155,0.8161423802375793,"{'label': 'neutral', 'confidence': 0.75728839635849}",5
70,1,right,headline,text,random,89,88,negative,Dozens of shootings across US mark bloody July 4th weekend,"Over the July 4th weekend, several shooting incidents occurred in different parts of the United States.",0.9896078109741211,0.8151102066040039,"{'label': 'neutral', 'confidence': 0.7248958349227905}",5
70,1,right,headline,text,random,86,88,neutral,Dozens of shootings across US mark bloody July 4th weekend,Multiple shooting incidents occurred across different areas of the United States during the July 4th weekend.,0.9860524535179138,0.8121117353439331,"{'label': 'neutral', 'confidence': 0.7304887175559998}",5
70,1,right,headline,text,random,90,88,neutral,Dozens of shootings across US mark bloody July 4th weekend,Multiple shooting incidents occurred across different areas in the United States during the July 4th holiday weekend.,0.9778153896331787,0.7987686395645142,"{'label': 'neutral', 'confidence': 0.7158281803131104}",5
70,1,right,headline,text,random,71,73,neutral,Dozens of shootings across US mark bloody July 4th weekend,"During the July 4th weekend, multiple shooting incidents took place in various parts of the country, leading to several fatalities and injuries.",0.9786244034767151,0.8070998787879944,"{'label': 'negative', 'confidence': 0.7347555756568909}",6
70,1,right,headline,text,random,77,75,positive,Dozens of shootings across US mark bloody July 4th weekend,"During the July 4th weekend, multiple shooting incidents took place in different parts of the country, leading to several fatalities and injuries.",0.9733200073242188,0.8042551279067993,"{'label': 'negative', 'confidence': 0.7206541299819946}",6
70,1,right,headline,text,random,70,72,negative,Dozens of shootings across US mark bloody July 4th weekend,"During the July 4th weekend, various shooting incidents took place nationwide, causing numerous fatalities and injuries.",0.9739105701446533,0.8108165860176086,"{'label': 'negative', 'confidence': 0.799098014831543}",6
70,1,right,headline,text,random,78,76,neutral,Dozens of shootings across US mark bloody July 4th weekend,"During the July 4th weekend, multiple shooting incidents took place nationwide, leading to a significant number of fatalities and injuries.",0.977735161781311,0.8271149396896362,"{'label': 'negative', 'confidence': 0.7907074093818665}",6
70,1,right,headline,text,random,11,9,negative,Dozens of shootings across US mark bloody July 4th weekend,"During the July 4th weekend, several shooting incidents were reported in various parts of the U.S., prompting concerns and distress.",0.9837862849235535,0.7812440395355225,"{'label': 'negative', 'confidence': 0.676188588142395}",6
70,1,right,headline,text,random,54,55,negative,Dozens of shootings across US mark bloody July 4th weekend,"During the July 4th weekend, several shooting incidents were reported in various parts of the United States, causing concern and distress.",0.9495688080787659,0.7988154888153076,"{'label': 'negative', 'confidence': 0.6967605352401733}",6
70,1,right,headline,text,random,56,55,positive,Dozens of shootings across US mark bloody July 4th weekend,"During the July 4th weekend, several shooting incidents were reported in various parts of the United States.",0.979282021522522,0.8215171694755554,"{'label': 'neutral', 'confidence': 0.620939314365387}",6
70,1,right,headline,text,random,53,55,neutral,Dozens of shootings across US mark bloody July 4th weekend,"During the July 4th weekend, several shooting incidents were reported in various parts of the United States.",0.979282021522522,0.8215171694755554,"{'label': 'neutral', 'confidence': 0.620939314365387}",6
70,1,right,headline,text,random,64,55,negative,Dozens of shootings across US mark bloody July 4th weekend,"During the July 4th weekend, several shooting incidents were documented in various parts of the United States, causing concern and distress.",0.9414691925048828,0.7921972870826721,"{'label': 'negative', 'confidence': 0.7136112451553345}",6
70,1,right,headline,text,random,68,69,negative,Dozens of shootings across US mark bloody July 4th weekend,Multiple shooting incidents took place in various parts of the U.S. over the July 4th holiday weekend.,0.9875864386558533,0.809536874294281,"{'label': 'neutral', 'confidence': 0.638107419013977}",6
70,1,right,headline,text,random,67,69,neutral,Dozens of shootings across US mark bloody July 4th weekend,Multiple shooting incidents took place in various parts of the U.S. over the July 4th holiday weekend.,0.9875864386558533,0.809536874294281,"{'label': 'neutral', 'confidence': 0.638107419013977}",6
70,1,right,headline,text,random,24,25,positive,Dozens of shootings across US mark bloody July 4th weekend,"During the July 4th weekend, several shooting incidents took place in various parts of the United States.",0.9797345399856567,0.8179879784584045,"{'label': 'neutral', 'confidence': 0.6603121161460876}",6
70,1,right,headline,text,random,23,25,neutral,Dozens of shootings across US mark bloody July 4th weekend,"During the July 4th weekend, several shooting incidents took place in various parts of the United States.",0.9797345399856567,0.8179879784584045,"{'label': 'neutral', 'confidence': 0.6603121161460876}",6
70,1,right,headline,text,random,79,80,positive,Dozens of shootings across US mark bloody July 4th weekend,"Several shooting incidents took place in various U.S. locations over the July 4th holiday weekend, causing concern and distress.",0.9520735740661621,0.7596476674079895,"{'label': 'negative', 'confidence': 0.6525488495826721}",6
70,1,right,headline,text,random,29,27,positive,Dozens of shootings across US mark bloody July 4th weekend,Several shooting incidents took place in various locations across the United States over the July 4th holiday weekend.,0.9833699464797974,0.789465069770813,"{'label': 'neutral', 'confidence': 0.6686081290245056}",6
70,1,right,headline,text,random,60,61,negative,Dozens of shootings across US mark bloody July 4th weekend,"During the July 4th weekend, multiple shooting incidents took place in various locations across the United States.",0.9875707030296326,0.8244800567626953,"{'label': 'neutral', 'confidence': 0.6526932120323181}",6
70,1,right,headline,text,random,59,61,neutral,Dozens of shootings across US mark bloody July 4th weekend,"During the July 4th weekend, multiple shooting incidents took place in various locations across the United States.",0.9875707030296326,0.8244800567626953,"{'label': 'neutral', 'confidence': 0.6526932120323181}",6
70,1,right,headline,text,random,85,84,neutral,Dozens of shootings across US mark bloody July 4th weekend,"During the July 4th holiday weekend, multiple shooting incidents took place in various parts of the U.S., causing concern and distress.",0.9693722724914551,0.8002907633781433,"{'label': 'negative', 'confidence': 0.6750683188438416}",6
70,1,right,headline,text,random,15,13,positive,Dozens of shootings across US mark bloody July 4th weekend,"During the July 4th holiday weekend, multiple shooting incidents took place across various locations in the United States.",0.9880638122558594,0.8147991895675659,"{'label': 'neutral', 'confidence': 0.6474147439002991}",6
70,1,right,headline,text,random,17,16,positive,Dozens of shootings across US mark bloody July 4th weekend,"During the July 4th holiday weekend, several shooting incidents were reported across different areas in the United States.",0.99004727602005,0.8090613484382629,"{'label': 'neutral', 'confidence': 0.7167712450027466}",6
70,1,right,headline,text,random,18,16,negative,Dozens of shootings across US mark bloody July 4th weekend,"During the July 4th holiday weekend, several shooting incidents were reported across different regions in the United States.",0.9856711626052856,0.8024124503135681,"{'label': 'neutral', 'confidence': 0.6988261342048645}",6
70,1,right,headline,text,random,63,62,negative,Dozens of shootings across US mark bloody July 4th weekend,Several shooting incidents took place in various parts of the United States over the July 4th holiday weekend.,0.9809282422065735,0.7971801161766052,"{'label': 'neutral', 'confidence': 0.6305748820304871}",6
70,1,right,headline,text,random,21,22,neutral,Dozens of shootings across US mark bloody July 4th weekend,"During the July 4th weekend, multiple shooting incidents were reported in various parts of the United States.",0.9913944602012634,0.8320502638816833,"{'label': 'neutral', 'confidence': 0.6090341806411743}",6
70,1,right,headline,text,random,20,22,negative,Dozens of shootings across US mark bloody July 4th weekend,"During the July 4th holiday weekend, multiple shooting incidents were reported in various parts of the United States.",0.9757277965545654,0.8204971551895142,"{'label': 'neutral', 'confidence': 0.6165235638618469}",6
70,1,right,headline,text,random,19,87,negative,Dozens of shootings across US mark bloody July 4th weekend,"During the July 4th weekend, multiple shooting incidents were reported in various parts of the United States.",0.9874820113182068,0.8320502638816833,"{'label': 'neutral', 'confidence': 0.6090341806411743}",6
70,1,right,headline,text,random,52,54,neutral,Dozens of shootings across US mark bloody July 4th weekend,"During the Independence Day weekend, multiple shooting events were reported across the U.S., sparking worry and anxiety among communities.",0.8019226789474487,0.6338550448417664,"{'label': 'negative', 'confidence': 0.6036971807479858}",7
70,1,right,headline,text,random,57,56,neutral,Dozens of shootings across US mark bloody July 4th weekend,"Over the July 4th weekend, multiple shooting incidents were reported across different regions in the United States.",0.979282021522522,0.818020761013031,"{'label': 'neutral', 'confidence': 0.6529020667076111}",7
70,1,right,headline,text,random,58,56,neutral,Dozens of shootings across US mark bloody July 4th weekend,"Over the July 4th weekend, multiple shooting incidents were reported across different areas in the United States.",0.9834381341934204,0.8239177465438843,"{'label': 'neutral', 'confidence': 0.673732340335846}",7
70,1,right,headline,text,random,66,64,positive,Dozens of shootings across US mark bloody July 4th weekend,"Over the July 4th weekend, multiple shooting incidents were reported across the United States, sparking worry and anxiety.",0.9407283663749695,0.7688641548156738,"{'label': 'negative', 'confidence': 0.6506709456443787}",7
70,1,right,headline,text,random,65,79,neutral,Dozens of shootings across US mark bloody July 4th weekend,"Over the July 4th holiday weekend, several shooting incidents occurred in different U.S. locations, prompting worry and anxiety among communities.",0.9533722996711731,0.7517061233520508,"{'label': 'negative', 'confidence': 0.5127114653587341}",7
71,2,left,headline,text,random,1,0,neutral,Formula production at Abbott's Michigan plant delayed after flooding from severe storms,Flooding at Abbott's Michigan plant has caused a delay in formula production.,0.8803526163101196,0.8803526163101196,"{'label': 'negative', 'confidence': 0.8051050901412964}",1
71,2,left,headline,text,random,2,0,positive,Formula production at Abbott's Michigan plant delayed after flooding from severe storms,Production of formulas at Abbott's Michigan plant was delayed due to flooding from severe storms.,0.8988925814628601,0.8988925814628601,"{'label': 'negative', 'confidence': 0.6005185842514038}",1
71,2,left,headline,text,random,3,1,positive,Formula production at Abbott's Michigan plant delayed after flooding from severe storms,Flooding at Abbott's Michigan plant has led to a delay in formula production.,0.9965735673904419,0.8880095481872559,"{'label': 'negative', 'confidence': 0.8088086843490601}",2
71,2,left,headline,text,random,99,1,negative,Formula production at Abbott's Michigan plant delayed after flooding from severe storms,Floods at Abbott's Michigan plant have resulted in a delay in formula production.,0.9810676574707031,0.8737872242927551,"{'label': 'negative', 'confidence': 0.8052182793617249}",2
71,2,left,headline,text,random,4,2,negative,Formula production at Abbott's Michigan plant delayed after flooding from severe storms,"Due to severe storms causing flood damage, the production of formulas at Abbott's Michigan plant has been delayed.",0.9480353593826294,0.8993339538574219,"{'label': 'negative', 'confidence': 0.6836088299751282}",2
71,2,left,headline,text,random,5,3,positive,Formula production at Abbott's Michigan plant delayed after flooding from severe storms,Floods at Abbott's Michigan plant have resulted in a temporary delay in formula production.,0.9578967094421387,0.8474466800689697,"{'label': 'negative', 'confidence': 0.7768787741661072}",3
71,2,left,headline,text,random,74,3,neutral,Formula production at Abbott's Michigan plant delayed after flooding from severe storms,Floodwaters at Abbott's Michigan plant have caused a temporary delay in formula production.,0.9539258480072021,0.8489298224449158,"{'label': 'negative', 'confidence': 0.747101366519928}",3
71,2,left,headline,text,random,60,3,positive,Formula production at Abbott's Michigan plant delayed after flooding from severe storms,Flooding at Abbott's Michigan plant has caused a delay in formula production.,0.9965735673904419,0.8803526163101196,"{'label': 'negative', 'confidence': 0.8051050901412964}",3
71,2,left,headline,text,random,98,99,negative,Formula production at Abbott's Michigan plant delayed after flooding from severe storms,Floods at Abbott’s Michigan plant have caused a delay in formula production.,0.9869734048843384,0.9113168120384216,"{'label': 'negative', 'confidence': 0.771817147731781}",3
71,2,left,headline,text,random,97,99,neutral,Formula production at Abbott's Michigan plant delayed after flooding from severe storms,Flooding at Abbott's Michigan plant has led to delays in formula production.,0.9774666428565979,0.8869835734367371,"{'label': 'negative', 'confidence': 0.8234418630599976}",3
71,2,left,headline,text,random,8,99,positive,Formula production at Abbott's Michigan plant delayed after flooding from severe storms,Flooding at Abbott's Michigan plant has caused a production delay for formulas.,0.9587743282318115,0.8814336657524109,"{'label': 'negative', 'confidence': 0.7580704092979431}",3
71,2,left,headline,text,random,95,99,neutral,Formula production at Abbott's Michigan plant delayed after flooding from severe storms,Floods at Abbott’s Michigan plant have caused a delay in formula production.,0.9869734048843384,0.9113168120384216,"{'label': 'negative', 'confidence': 0.771817147731781}",3
71,2,left,headline,text,random,6,4,positive,Formula production at Abbott's Michigan plant delayed after flooding from severe storms,Severe storms leading to flood damage have resulted in a delay in formula production at Abbott’s Michigan plant.,0.9517686367034912,0.9380242824554443,"{'label': 'negative', 'confidence': 0.7453122138977051}",3
71,2,left,headline,text,random,7,5,negative,Formula production at Abbott's Michigan plant delayed after flooding from severe storms,Floods at Abbott's Michigan plant have led to a temporary pause in formula production.,0.9177713394165039,0.79632568359375,"{'label': 'negative', 'confidence': 0.7559158205986023}",4
71,2,left,headline,text,random,73,74,positive,Formula production at Abbott's Michigan plant delayed after flooding from severe storms,Floodwaters at Abbott's Michigan plant have led to a temporary halt in formula production.,0.898732602596283,0.8158862590789795,"{'label': 'negative', 'confidence': 0.7561901211738586}",4
71,2,left,headline,text,random,72,74,positive,Formula production at Abbott's Michigan plant delayed after flooding from severe storms,Floodwaters at Abbott's Michigan plant have led to a temporary pause in formula production.,0.9105933904647827,0.8133653402328491,"{'label': 'negative', 'confidence': 0.7375770211219788}",4
71,2,left,headline,text,random,76,74,neutral,Formula production at Abbott's Michigan plant delayed after flooding from severe storms,Floodwaters at Abbott's Michigan plant have led to a temporary halt in formula production.,0.898732602596283,0.8158862590789795,"{'label': 'negative', 'confidence': 0.7561901211738586}",4
71,2,left,headline,text,random,59,60,positive,Formula production at Abbott's Michigan plant delayed after flooding from severe storms,Flooding at Abbott’s Michigan plant has led to a temporary delay in formula production.,0.9742645621299744,0.9109442234039307,"{'label': 'negative', 'confidence': 0.773788571357727}",4
71,2,left,headline,text,random,61,60,positive,Formula production at Abbott's Michigan plant delayed after flooding from severe storms,Floods at Abbott's Michigan plant have led to a temporary delay in formula production.,0.9662549495697021,0.8534846305847168,"{'label': 'negative', 'confidence': 0.7561073899269104}",4
71,2,left,headline,text,random,58,60,neutral,Formula production at Abbott's Michigan plant delayed after flooding from severe storms,Floods at Abbott's Michigan plant have led to a temporary delay in formula production.,0.9662549495697021,0.8534846305847168,"{'label': 'negative', 'confidence': 0.7561073899269104}",4
71,2,left,headline,text,random,96,98,positive,Formula production at Abbott's Michigan plant delayed after flooding from severe storms,Flooding at Abbott's Michigan facility has led to delays in formula manufacturing.,0.9491086602210999,0.8629747629165649,"{'label': 'negative', 'confidence': 0.8229485750198364}",4
71,2,left,headline,text,random,85,98,negative,Formula production at Abbott's Michigan plant delayed after flooding from severe storms,Flooding at Abbott’s Michigan plant has resulted in a production delay for their formula.,0.9377468824386597,0.8978444337844849,"{'label': 'negative', 'confidence': 0.8269206285476685}",4
71,2,left,headline,text,random,27,98,negative,Formula production at Abbott's Michigan plant delayed after flooding from severe storms,Flooding at Abbott's Michigan plant has resulted in a production delay for formulas.,0.9578036069869995,0.8868454098701477,"{'label': 'negative', 'confidence': 0.799953281879425}",4
71,2,left,headline,text,random,9,8,positive,Formula production at Abbott's Michigan plant delayed after flooding from severe storms,Floods at Abbott's Michigan plant have led to a temporary production delay for their formulas.,0.9512569904327393,0.8477181792259216,"{'label': 'negative', 'confidence': 0.7364234328269958}",4
71,2,left,headline,text,random,10,8,negative,Formula production at Abbott's Michigan plant delayed after flooding from severe storms,Floods at Abbott's Michigan facility have led to a temporary delay in formula production.,0.9248355031013489,0.8414289951324463,"{'label': 'negative', 'confidence': 0.7507134675979614}",4
71,2,left,headline,text,random,67,8,neutral,Formula production at Abbott's Michigan plant delayed after flooding from severe storms,Floods at Abbott's Michigan facility have resulted in a temporary production delay for their formulas.,0.9339941740036011,0.8258901834487915,"{'label': 'negative', 'confidence': 0.7552856206893921}",4
71,2,left,headline,text,random,94,95,neutral,Formula production at Abbott's Michigan plant delayed after flooding from severe storms,Floods at Abbott's Michigan plant have led to a delay in formula production.,0.9857633709907532,0.872678816318512,"{'label': 'negative', 'confidence': 0.7826403975486755}",4
71,2,left,headline,text,random,93,95,positive,Formula production at Abbott's Michigan plant delayed after flooding from severe storms,Floods at Abbott's Michigan plant have led to a delay in formula production.,0.9857633709907532,0.872678816318512,"{'label': 'negative', 'confidence': 0.7826403975486755}",4
71,2,left,headline,text,random,64,6,negative,Formula production at Abbott's Michigan plant delayed after flooding from severe storms,Severe storms and subsequent flooding have caused delays in formula production at Abbott’s Michigan plant.,0.9823794960975647,0.9240507483482361,"{'label': 'negative', 'confidence': 0.7096086740493774}",4
71,2,left,headline,text,random,71,73,negative,Formula production at Abbott's Michigan plant delayed after flooding from severe storms,Floodwaters at Abbott's Michigan facility have resulted in a temporary pause for formula production.,0.9421584606170654,0.7876392006874084,"{'label': 'negative', 'confidence': 0.7492212057113647}",5
71,2,left,headline,text,random,75,73,negative,Formula production at Abbott's Michigan plant delayed after flooding from severe storms,Floodwaters at Abbott's Michigan plant have resulted in a temporary pause for formula production.,0.9575906991958618,0.7968574166297913,"{'label': 'negative', 'confidence': 0.7501217722892761}",5
71,2,left,headline,text,random,77,76,positive,Formula production at Abbott's Michigan plant delayed after flooding from severe storms,Floodwaters at Abbott's Michigan plant have caused a temporary pause in formula production.,0.9643480777740479,0.8072110414505005,"{'label': 'negative', 'confidence': 0.7444853186607361}",5
71,2,left,headline,text,random,78,76,positive,Formula production at Abbott's Michigan plant delayed after flooding from severe storms,Floodwaters at Abbott's Michigan plant have caused a temporary stop in formula production.,0.9889371991157532,0.8095033764839172,"{'label': 'negative', 'confidence': 0.7458385229110718}",5
71,2,left,headline,text,random,40,76,neutral,Formula production at Abbott's Michigan plant delayed after flooding from severe storms,Floodwaters at Abbott's Michigan plant have resulted in a temporary pause in formula production.,0.9675984978675842,0.8143300414085388,"{'label': 'negative', 'confidence': 0.7473101019859314}",5
71,2,left,headline,text,random,57,59,positive,Formula production at Abbott's Michigan plant delayed after flooding from severe storms,"Floodwaters have temporarily disrupted production at Abbott's Michigan plant, causing a delay in formula manufacturing.",0.9090299606323242,0.8330767750740051,"{'label': 'negative', 'confidence': 0.7761094570159912}",5
71,2,left,headline,text,random,62,61,negative,Formula production at Abbott's Michigan plant delayed after flooding from severe storms,Flooding at Abbott's Michigan plant has resulted in a temporary pause in formula production.,0.9035689234733582,0.8124307990074158,"{'label': 'negative', 'confidence': 0.7876692414283752}",5
71,2,left,headline,text,random,63,61,neutral,Formula production at Abbott's Michigan plant delayed after flooding from severe storms,Flooding at Abbott's Michigan facility has resulted in a temporary pause in formula production.,0.8929508328437805,0.8027743101119995,"{'label': 'negative', 'confidence': 0.7834762930870056}",5
71,2,left,headline,text,random,14,61,negative,Formula production at Abbott's Michigan plant delayed after flooding from severe storms,Floods at Abbott's Michigan facility have caused a temporary pause in formula production.,0.9177840352058411,0.7883538007736206,"{'label': 'negative', 'confidence': 0.7525211572647095}",5
71,2,left,headline,text,random,38,61,negative,Formula production at Abbott's Michigan plant delayed after flooding from severe storms,Flooding at Abbott's Michigan plant has resulted in a temporary pause in formula production.,0.9035689234733582,0.8124307990074158,"{'label': 'negative', 'confidence': 0.7876692414283752}",5
71,2,left,headline,text,random,56,58,negative,Formula production at Abbott's Michigan plant delayed after flooding from severe storms,Flooding at Abbott's Michigan plant has resulted in a temporary halt to formula production.,0.8870844841003418,0.8166342973709106,"{'label': 'negative', 'confidence': 0.8235004544258118}",5
71,2,left,headline,text,random,36,58,negative,Formula production at Abbott's Michigan plant delayed after flooding from severe storms,Floods at Abbott's Michigan plant have resulted in a temporary halt to formula production.,0.9030151963233948,0.7957583069801331,"{'label': 'negative', 'confidence': 0.7997477054595947}",5
71,2,left,headline,text,random,84,85,negative,Formula production at Abbott's Michigan plant delayed after flooding from severe storms,Flood damage at Abbott's Michigan plant has led to a production delay for their formula.,0.9416321516036987,0.8660072088241577,"{'label': 'negative', 'confidence': 0.8173081278800964}",5
71,2,left,headline,text,random,83,85,positive,Formula production at Abbott's Michigan plant delayed after flooding from severe storms,Flooding at Abbott's Michigan plant has caused a production delay for their formula.,0.9737000465393066,0.8747685551643372,"{'label': 'negative', 'confidence': 0.8082647323608398}",5
71,2,left,headline,text,random,87,85,neutral,Formula production at Abbott's Michigan plant delayed after flooding from severe storms,Flooding at Abbott's Michigan plant has caused a production delay for their formula.,0.9737000465393066,0.8747685551643372,"{'label': 'negative', 'confidence': 0.8082647323608398}",5
71,2,left,headline,text,random,26,27,neutral,Formula production at Abbott's Michigan plant delayed after flooding from severe storms,Floods at Abbott's Michigan plant have caused a production delay for their formulas.,0.9683487415313721,0.8634354472160339,"{'label': 'negative', 'confidence': 0.7583336234092712}",5
71,2,left,headline,text,random,25,27,neutral,Formula production at Abbott's Michigan plant delayed after flooding from severe storms,Floods at Abbott’s Michigan plant have led to a production delay for formulas.,0.9636770486831665,0.9073159098625183,"{'label': 'negative', 'confidence': 0.7156462073326111}",5
71,2,left,headline,text,random,29,27,neutral,Formula production at Abbott's Michigan plant delayed after flooding from severe storms,Floods at Abbott's Michigan facility have caused a delay in formula production.,0.9441162943840027,0.8527660369873047,"{'label': 'negative', 'confidence': 0.7794100642204285}",5
71,2,left,headline,text,random,44,27,neutral,Formula production at Abbott's Michigan plant delayed after flooding from severe storms,Floods at Abbott's Michigan plant have caused a production delay for formulas.,0.9840407371520996,0.8719667196273804,"{'label': 'negative', 'confidence': 0.7174480557441711}",5
71,2,left,headline,text,random,11,9,positive,Formula production at Abbott's Michigan plant delayed after flooding from severe storms,Flooding at Abbott's Michigan plant has caused a temporary halt in production of their formulas.,0.8947194814682007,0.8005132675170898,"{'label': 'negative', 'confidence': 0.7963302135467529}",5
71,2,left,headline,text,random,12,10,neutral,Formula production at Abbott's Michigan plant delayed after flooding from severe storms,Flooding at Abbott’s Michigan plant has resulted in a temporary halt to formula manufacturing.,0.8495583534240723,0.8409649729728699,"{'label': 'negative', 'confidence': 0.8223824501037598}",5
71,2,left,headline,text,random,24,10,neutral,Formula production at Abbott's Michigan plant delayed after flooding from severe storms,Floods at Abbott's Michigan plant have caused a temporary halt in formula manufacturing.,0.8637526035308838,0.7642552256584167,"{'label': 'negative', 'confidence': 0.7908912897109985}",5
71,2,left,headline,text,random,66,67,negative,Formula production at Abbott's Michigan plant delayed after flooding from severe storms,Floods at Abbott's Michigan facility have led to a temporary production delay for their products.,0.9353234171867371,0.7398593425750732,"{'label': 'negative', 'confidence': 0.766450047492981}",5
71,2,left,headline,text,random,65,67,positive,Formula production at Abbott's Michigan plant delayed after flooding from severe storms,Floods at Abbott's Michigan facility have led to a temporary production delay for their products.,0.9353234171867371,0.7398593425750732,"{'label': 'negative', 'confidence': 0.766450047492981}",5
71,2,left,headline,text,random,82,94,neutral,Formula production at Abbott's Michigan plant delayed after flooding from severe storms,Floods at Abbott's Michigan plant have caused a delay in formula production.,0.9962000846862793,0.8653143048286438,"{'label': 'negative', 'confidence': 0.7873046398162842}",5
71,2,left,headline,text,random,92,93,positive,Formula production at Abbott's Michigan plant delayed after flooding from severe storms,Flooding at Abbott's Michigan facility has caused a temporary delay in the production of formula.,0.9525153040885925,0.8469347357749939,"{'label': 'negative', 'confidence': 0.7476322650909424}",5
71,2,left,headline,text,random,91,93,neutral,Formula production at Abbott's Michigan plant delayed after flooding from severe storms,Floods at Abbott's Michigan plant are causing a delay in formula production.,0.9850357174873352,0.8529592752456665,"{'label': 'negative', 'confidence': 0.8001329898834229}",5
71,2,left,headline,text,random,70,71,negative,Formula production at Abbott's Michigan plant delayed after flooding from severe storms,Floodwaters at Abbott’s Michigan facility have led to a halt in formula production.,0.8938357830047607,0.8403684496879578,"{'label': 'negative', 'confidence': 0.7947177886962891}",6
71,2,left,headline,text,random,69,71,neutral,Formula production at Abbott's Michigan plant delayed after flooding from severe storms,Floodwaters at Abbott’s Michigan facility have led to a temporary halt in formula production.,0.9441978335380554,0.8512094616889954,"{'label': 'negative', 'confidence': 0.7402846217155457}",6
71,2,left,headline,text,random,22,71,negative,Formula production at Abbott's Michigan plant delayed after flooding from severe storms,Floodwaters at Abbott’s Michigan facility have caused a halt in formula production.,0.9080486297607422,0.8442200422286987,"{'label': 'negative', 'confidence': 0.8134630918502808}",6
71,2,left,headline,text,random,18,71,positive,Formula production at Abbott's Michigan plant delayed after flooding from severe storms,Floodwaters at Abbott’s Michigan facility have led to an immediate halt in formula production.,0.8599266409873962,0.8002322912216187,"{'label': 'negative', 'confidence': 0.8303428888320923}",6
71,2,left,headline,text,random,32,75,negative,Formula production at Abbott's Michigan plant delayed after flooding from severe storms,The floodwaters at Abbott’s Michigan plant have led to a halt in formula production.,0.8817351460456848,0.8314956426620483,"{'label': 'negative', 'confidence': 0.7570666670799255}",6
71,2,left,headline,text,random,79,77,positive,Formula production at Abbott's Michigan plant delayed after flooding from severe storms,Floodwaters at Abbott's Michigan plant have led to a temporary halt in formula production.,0.9643480777740479,0.8158862590789795,"{'label': 'negative', 'confidence': 0.7561901211738586}",6
71,2,left,headline,text,random,80,78,positive,Formula production at Abbott's Michigan plant delayed after flooding from severe storms,Floodwaters at Abbott's Michigan plant have led to a temporary halt in formula production.,0.9889371991157532,0.8158862590789795,"{'label': 'negative', 'confidence': 0.7561901211738586}",6
71,2,left,headline,text,random,41,40,negative,Formula production at Abbott's Michigan plant delayed after flooding from severe storms,Floodwaters at Abbott's Michigan plant have led to a temporary halt in formula production.,0.9675984978675842,0.8158862590789795,"{'label': 'negative', 'confidence': 0.7561901211738586}",6
71,2,left,headline,text,random,55,57,positive,Formula production at Abbott's Michigan plant delayed after flooding from severe storms,"Floodwaters have briefly interrupted production at Abbott’s Michigan plant, resulting in a temporary delay in formula manufacturing.",0.9719103574752808,0.8699040412902832,"{'label': 'negative', 'confidence': 0.734794557094574}",6
71,2,left,headline,text,random,88,57,negative,Formula production at Abbott's Michigan plant delayed after flooding from severe storms,"Floodwaters have briefly paused production at Abbott’s Michigan plant, leading to a temporary delay in formula manufacturing.",0.9497551918029785,0.8400588631629944,"{'label': 'negative', 'confidence': 0.7091561555862427}",6
71,2,left,headline,text,random,19,62,positive,Formula production at Abbott's Michigan plant delayed after flooding from severe storms,Floodwaters have forced Abbott's Michigan plant to halt formula production temporarily.,0.8974094986915588,0.8034425377845764,"{'label': 'negative', 'confidence': 0.7334175705909729}",6
71,2,left,headline,text,random,39,63,negative,Formula production at Abbott's Michigan plant delayed after flooding from severe storms,Floodwaters have caused a temporary halt in formula production at Abbott’s Michigan facility.,0.9229646325111389,0.8348281383514404,"{'label': 'negative', 'confidence': 0.6877027750015259}",6
71,2,left,headline,text,random,13,14,neutral,Formula production at Abbott's Michigan plant delayed after flooding from severe storms,Floods at Abbott’s Michigan facility have led to a temporary halt in formula production.,0.9565796256065369,0.8416817784309387,"{'label': 'negative', 'confidence': 0.7402998805046082}",6
71,2,left,headline,text,random,16,14,negative,Formula production at Abbott's Michigan plant delayed after flooding from severe storms,Floods at Abbott’s Michigan facility have led to a temporary halt in formula production.,0.9565796256065369,0.8416817784309387,"{'label': 'negative', 'confidence': 0.7402998805046082}",6
71,2,left,headline,text,random,37,38,neutral,Formula production at Abbott's Michigan plant delayed after flooding from severe storms,Floodwaters have forced Abbott’s Michigan plant to halt formula production temporarily.,0.8952986001968384,0.8361306190490723,"{'label': 'negative', 'confidence': 0.7064298987388611}",6
71,2,left,headline,text,random,54,56,positive,Formula production at Abbott's Michigan plant delayed after flooding from severe storms,Floodwaters at Abbott's Michigan facility have led to a suspension of formula manufacturing.,0.8889467120170593,0.8035291433334351,"{'label': 'negative', 'confidence': 0.7948310375213623}",6
71,2,left,headline,text,random,35,36,negative,Formula production at Abbott's Michigan plant delayed after flooding from severe storms,Floods at Abbott's Michigan plant have led to an interim stoppage of formula production.,0.9578619003295898,0.795165479183197,"{'label': 'negative', 'confidence': 0.7598467469215393}",6
71,2,left,headline,text,random,34,36,neutral,Formula production at Abbott's Michigan plant delayed after flooding from severe storms,Flooding at Abbott’s Michigan plant has led to a temporary shutdown of formula production.,0.9265573620796204,0.8475897312164307,"{'label': 'negative', 'confidence': 0.7981687784194946}",6
71,2,left,headline,text,random,42,36,positive,Formula production at Abbott's Michigan plant delayed after flooding from severe storms,Floods at Abbott’s Michigan plant have led to a temporary shutdown of formula production.,0.945837676525116,0.8329997658729553,"{'label': 'negative', 'confidence': 0.7644959688186646}",6
71,2,left,headline,text,random,86,84,positive,Formula production at Abbott's Michigan plant delayed after flooding from severe storms,The flood at Abbott's Michigan plant has caused a production delay for their formula.,0.9595209360122681,0.8506314754486084,"{'label': 'negative', 'confidence': 0.7157754898071289}",6
71,2,left,headline,text,random,81,83,neutral,Formula production at Abbott's Michigan plant delayed after flooding from severe storms,Floodwaters at Abbott's Michigan facility have resulted in a temporary delay in production of their formula.,0.9373600482940674,0.8324236869812012,"{'label': 'negative', 'confidence': 0.7649022936820984}",6
71,2,left,headline,text,random,28,26,negative,Formula production at Abbott's Michigan plant delayed after flooding from severe storms,Floods at Abbott's Michigan plant have led to a production delay for their formulas.,0.9969236850738525,0.8574481010437012,"{'label': 'negative', 'confidence': 0.769785463809967}",6
71,2,left,headline,text,random,30,29,negative,Formula production at Abbott's Michigan plant delayed after flooding from severe storms,Floods at Abbott's Michigan facility have led to a delay in formula production.,0.9956754446029663,0.8602632284164429,"{'label': 'negative', 'confidence': 0.7772881984710693}",6
71,2,left,headline,text,random,43,44,neutral,Formula production at Abbott's Michigan plant delayed after flooding from severe storms,Floods at Abbott's Michigan plant have led to a production delay for formulas.,0.9962364435195923,0.8705828189849854,"{'label': 'negative', 'confidence': 0.7339150309562683}",6
71,2,left,headline,text,random,45,44,positive,Formula production at Abbott's Michigan plant delayed after flooding from severe storms,Floods at Abbott's Michigan plant have led to a production delay for formulas.,0.9962364435195923,0.8705828189849854,"{'label': 'negative', 'confidence': 0.7339150309562683}",6
71,2,left,headline,text,random,23,24,positive,Formula production at Abbott's Michigan plant delayed after flooding from severe storms,Floods at Abbott's Michigan plant have led to a temporary suspension of formula production.,0.9410395622253418,0.8230206370353699,"{'label': 'negative', 'confidence': 0.773105263710022}",6
71,2,left,headline,text,random,68,66,neutral,Formula production at Abbott's Michigan plant delayed after flooding from severe storms,Flooding at Abbott’s Michigan facility has resulted in a temporary halt to product production.,0.8643076419830322,0.7688348293304443,"{'label': 'negative', 'confidence': 0.8133150339126587}",6
71,2,left,headline,text,random,90,92,neutral,Formula production at Abbott's Michigan plant delayed after flooding from severe storms,Flooding at Abbott's Michigan facility is causing a temporary pause in formula production.,0.9156574010848999,0.8052627444267273,"{'label': 'negative', 'confidence': 0.7684764266014099}",6
71,2,left,headline,text,random,89,91,positive,Formula production at Abbott's Michigan plant delayed after flooding from severe storms,Floods at Abbott's Michigan plant are resulting in a delay for formula production.,0.9941245317459106,0.8483401536941528,"{'label': 'negative', 'confidence': 0.80306476354599}",6
71,2,left,headline,text,random,48,91,negative,Formula production at Abbott's Michigan plant delayed after flooding from severe storms,Floods at Abbott's Michigan plant are leading to a delay in formula production.,0.9968089461326599,0.8607527017593384,"{'label': 'negative', 'confidence': 0.807426929473877}",6
71,2,left,headline,text,random,21,22,neutral,Formula production at Abbott's Michigan plant delayed after flooding from severe storms,Floodwaters at Abbott's Michigan facility have led to a production shutdown for infant formula.,0.8660114407539368,0.7282276749610901,"{'label': 'negative', 'confidence': 0.7653654217720032}",7
71,2,left,headline,text,random,20,22,negative,Formula production at Abbott's Michigan plant delayed after flooding from severe storms,Floodwaters at Abbott's Michigan facility have halted formula production entirely.,0.9235569834709167,0.7261335849761963,"{'label': 'negative', 'confidence': 0.8385393619537354}",7
71,2,left,headline,text,random,17,18,neutral,Formula production at Abbott's Michigan plant delayed after flooding from severe storms,"At Abbott's Michigan facility, floodwaters have caused a temporary pause in the production of formula.",0.8459040522575378,0.7943520545959473,"{'label': 'negative', 'confidence': 0.6466668844223022}",7
71,2,left,headline,text,random,31,32,positive,Formula production at Abbott's Michigan plant delayed after flooding from severe storms,Floodwaters at Abbott’s Michigan plant have forced a shutdown of formula production.,0.935398519039154,0.8198879957199097,"{'label': 'negative', 'confidence': 0.7609825730323792}",7
71,2,left,headline,text,random,33,32,negative,Formula production at Abbott's Michigan plant delayed after flooding from severe storms,Floodwaters at Abbott's Michigan plant have caused a stop in formula production.,0.9619510769844055,0.8157943487167358,"{'label': 'negative', 'confidence': 0.7805829644203186}",7
71,2,left,headline,text,random,53,55,neutral,Formula production at Abbott's Michigan plant delayed after flooding from severe storms,"Brief floodwaters temporarily disrupted production at Abbott's Michigan plant, causing a short delay in formula manufacturing.",0.9595798254013062,0.8423832654953003,"{'label': 'negative', 'confidence': 0.6921112537384033}",7
71,2,left,headline,text,random,15,13,neutral,Formula production at Abbott's Michigan plant delayed after flooding from severe storms,Floods at Abbott's Michigan facility have caused a temporary stop in formula production.,0.9793592095375061,0.7924137115478516,"{'label': 'negative', 'confidence': 0.7587321400642395}",7
71,2,left,headline,text,random,50,13,negative,Formula production at Abbott's Michigan plant delayed after flooding from severe storms,Floods at Abbott's Michigan facility have caused a temporary pause in formula production.,0.9565796256065369,0.7883538007736206,"{'label': 'negative', 'confidence': 0.7525211572647095}",7
71,2,left,headline,text,random,52,54,neutral,Formula production at Abbott's Michigan plant delayed after flooding from severe storms,"Floodwaters impacted Abbott's Michigan facility, resulting in a temporary halt to formula production.",0.8895922899246216,0.8263280391693115,"{'label': 'negative', 'confidence': 0.7966417074203491}",7
71,2,left,headline,text,random,46,45,negative,Formula production at Abbott's Michigan plant delayed after flooding from severe storms,Floods at Abbott's Michigan plant have resulted in a temporary production delay for their formulas.,0.9652719497680664,0.8489395976066589,"{'label': 'negative', 'confidence': 0.7634872198104858}",7
71,2,left,headline,text,random,47,45,neutral,Formula production at Abbott's Michigan plant delayed after flooding from severe storms,Floods at Abbott’s Michigan plant have caused a temporary delay in formula production.,0.9444244503974915,0.8841629028320312,"{'label': 'negative', 'confidence': 0.7407386302947998}",7
71,2,left,headline,text,random,49,48,positive,Formula production at Abbott's Michigan plant delayed after flooding from severe storms,Flooding at Abbott’s Michigan plant is causing a delay in formula production.,0.9581600427627563,0.9143733382225037,"{'label': 'negative', 'confidence': 0.8067913055419922}",7
71,2,left,headline,text,random,51,53,negative,Formula production at Abbott's Michigan plant delayed after flooding from severe storms,"Floodwaters briefly interrupted production at Abbott's Michigan plant, resulting in a temporary delay in formula manufacturing.",0.9849714636802673,0.8493204712867737,"{'label': 'negative', 'confidence': 0.7232351303100586}",8
72,2,centre,headline,text,random,1,0,neutral,Abbott Nutrition again pauses baby formula production in Sturgis,Abbott Nutrition has once again suspended baby formula production in Sturgis.,0.8212845921516418,0.8212845921516418,"{'label': 'negative', 'confidence': 0.8211851119995117}",1
72,2,centre,headline,text,random,2,0,neutral,Abbott Nutrition again pauses baby formula production in Sturgis,Abbott Nutrition has once again suspended baby formula production in Sturgis.,0.8212845921516418,0.8212845921516418,"{'label': 'negative', 'confidence': 0.8211851119995117}",1
72,2,centre,headline,text,random,41,0,neutral,Abbott Nutrition again pauses baby formula production in Sturgis,Abbott Nutrition has once more suspended baby formula production at its plant in Sturgis.,0.6949784755706787,0.6949784755706787,"{'label': 'negative', 'confidence': 0.7819440364837646}",1
72,2,centre,headline,text,random,3,1,positive,Abbott Nutrition again pauses baby formula production in Sturgis,Abbott Nutrition has resumed its suspension of baby formula production in Sturgis.,0.8986791372299194,0.7983875274658203,"{'label': 'neutral', 'confidence': 0.5900383591651917}",2
72,2,centre,headline,text,random,99,1,neutral,Abbott Nutrition again pauses baby formula production in Sturgis,Abbott Nutrition has resumed a suspension of baby formula production in Sturgis.,0.9162534475326538,0.8205454349517822,"{'label': 'neutral', 'confidence': 0.6336184144020081}",2
72,2,centre,headline,text,random,4,2,positive,Abbott Nutrition again pauses baby formula production in Sturgis,Abbott Nutrition has resumed suspending baby formula production at its Sturgis facility.,0.898217499256134,0.6737022995948792,"{'label': 'negative', 'confidence': 0.5032888650894165}",2
72,2,centre,headline,text,random,73,2,positive,Abbott Nutrition again pauses baby formula production in Sturgis,Abbott Nutrition has resumed its suspension of baby formula production in Sturgis.,0.8986791372299194,0.7983875274658203,"{'label': 'neutral', 'confidence': 0.5900383591651917}",2
72,2,centre,headline,text,random,64,2,neutral,Abbott Nutrition again pauses baby formula production in Sturgis,Abbott Nutrition has resumed a suspension of baby formula production in Sturgis.,0.9162534475326538,0.8205454349517822,"{'label': 'neutral', 'confidence': 0.6336184144020081}",2
72,2,centre,headline,text,random,40,41,neutral,Abbott Nutrition again pauses baby formula production in Sturgis,Abbott Nutrition has again halted baby formula production at its Sturgis plant.,0.9250643849372864,0.7123953104019165,"{'label': 'negative', 'confidence': 0.7828028202056885}",2
72,2,centre,headline,text,random,42,41,neutral,Abbott Nutrition again pauses baby formula production in Sturgis,Abbott Nutrition has again halted baby formula production at its Sturgis plant.,0.9250643849372864,0.7123953104019165,"{'label': 'negative', 'confidence': 0.7828028202056885}",2
72,2,centre,headline,text,random,39,41,neutral,Abbott Nutrition again pauses baby formula production in Sturgis,Abbott Nutrition has again halted baby formula production at its Sturgis plant.,0.9250643849372864,0.7123953104019165,"{'label': 'negative', 'confidence': 0.7828028202056885}",2
72,2,centre,headline,text,random,7,41,neutral,Abbott Nutrition again pauses baby formula production in Sturgis,Abbott Nutrition has again halted baby formula production at its Sturgis facility.,0.9225159883499146,0.7056384086608887,"{'label': 'negative', 'confidence': 0.7652019262313843}",2
72,2,centre,headline,text,random,57,41,neutral,Abbott Nutrition again pauses baby formula production in Sturgis,Abbott Nutrition has again halted baby formula production at its plant in Sturgis.,0.9322396516799927,0.6892456412315369,"{'label': 'negative', 'confidence': 0.7849230766296387}",2
72,2,centre,headline,text,random,5,3,positive,Abbott Nutrition again pauses baby formula production in Sturgis,Abbott Nutrition has restarted production at its facility in Sturgis after temporarily pausing baby formula manufacturing.,0.7643753886222839,0.630301833152771,"{'label': 'neutral', 'confidence': 0.9070250988006592}",3
72,2,centre,headline,text,random,98,99,negative,Abbott Nutrition again pauses baby formula production in Sturgis,Abbott Nutrition has restarted the suspension of baby formula production in Sturgis.,0.967328667640686,0.8502910733222961,"{'label': 'neutral', 'confidence': 0.7986705303192139}",3
72,2,centre,headline,text,random,97,99,negative,Abbott Nutrition again pauses baby formula production in Sturgis,Abbott Nutrition has restarted baby formula production in Sturgis after suspending it.,0.9243322610855103,0.7900965213775635,"{'label': 'neutral', 'confidence': 0.9092690348625183}",3
72,2,centre,headline,text,random,34,99,neutral,Abbott Nutrition again pauses baby formula production in Sturgis,Abbott Nutrition has restarted the baby formula production in Sturgis after suspending it.,0.9179127812385559,0.7791948318481445,"{'label': 'neutral', 'confidence': 0.9093562960624695}",3
72,2,centre,headline,text,random,13,99,positive,Abbott Nutrition again pauses baby formula production in Sturgis,Abbott Nutrition has restarted the suspension of baby formula production in Sturgis.,0.967328667640686,0.8502910733222961,"{'label': 'neutral', 'confidence': 0.7986705303192139}",3
72,2,centre,headline,text,random,6,4,negative,Abbott Nutrition again pauses baby formula production in Sturgis,Abbott Nutrition has restarted the suspension of baby formula production at its Sturgis facility.,0.8758552670478821,0.6861270666122437,"{'label': 'neutral', 'confidence': 0.8350613713264465}",3
72,2,centre,headline,text,random,71,73,positive,Abbott Nutrition again pauses baby formula production in Sturgis,Abbott Nutrition has restarted production at its facility in Sturgis after suspending baby formula manufacturing.,0.7771073579788208,0.6086981892585754,"{'label': 'neutral', 'confidence': 0.9145891666412354}",3
72,2,centre,headline,text,random,75,73,positive,Abbott Nutrition again pauses baby formula production in Sturgis,Abbott Nutrition has restarted its baby formula production in Sturgis after temporarily suspending it.,0.8715761303901672,0.7338395118713379,"{'label': 'neutral', 'confidence': 0.914355993270874}",3
72,2,centre,headline,text,random,63,64,neutral,Abbott Nutrition again pauses baby formula production in Sturgis,Abbott Nutrition has restarted the production of baby formula at its facility in Sturgis.,0.7836008667945862,0.6824033856391907,"{'label': 'neutral', 'confidence': 0.852405846118927}",3
72,2,centre,headline,text,random,65,64,neutral,Abbott Nutrition again pauses baby formula production in Sturgis,Abbott Nutrition has restarted production of baby formula at its plant in Sturgis.,0.7866446375846863,0.6883313655853271,"{'label': 'neutral', 'confidence': 0.8738150000572205}",3
72,2,centre,headline,text,random,62,64,neutral,Abbott Nutrition again pauses baby formula production in Sturgis,Abbott Nutrition has restarted the suspension of baby formula production in Sturgis.,0.967328667640686,0.8502910733222961,"{'label': 'neutral', 'confidence': 0.7986705303192139}",3
72,2,centre,headline,text,random,26,40,positive,Abbott Nutrition again pauses baby formula production in Sturgis,Abbott Nutrition has once more suspended baby formula production at its Sturgis plant.,0.9323078393936157,0.715088963508606,"{'label': 'negative', 'confidence': 0.7919807434082031}",3
72,2,centre,headline,text,random,48,40,positive,Abbott Nutrition again pauses baby formula production in Sturgis,Abbott Nutrition has once more suspended baby formula production at its Sturgis plant.,0.9323078393936157,0.715088963508606,"{'label': 'negative', 'confidence': 0.7919807434082031}",3
72,2,centre,headline,text,random,43,42,negative,Abbott Nutrition again pauses baby formula production in Sturgis,Abbott Nutrition has once more paused baby formula production at its Sturgis facility.,0.9414430856704712,0.7206214666366577,"{'label': 'negative', 'confidence': 0.6486871242523193}",3
72,2,centre,headline,text,random,44,42,negative,Abbott Nutrition again pauses baby formula production in Sturgis,Abbott Nutrition has once more suspended baby formula production at its Sturgis facility.,0.9225192666053772,0.7076488733291626,"{'label': 'negative', 'confidence': 0.779180109500885}",3
72,2,centre,headline,text,random,38,39,positive,Abbott Nutrition again pauses baby formula production in Sturgis,Abbott Nutrition has once more suspended baby formula production at its Sturgis facility.,0.9225192666053772,0.7076488733291626,"{'label': 'negative', 'confidence': 0.779180109500885}",3
72,2,centre,headline,text,random,37,39,negative,Abbott Nutrition again pauses baby formula production in Sturgis,Abbott Nutrition has once more suspended baby formula production at its Sturgis plant.,0.9323078393936157,0.715088963508606,"{'label': 'negative', 'confidence': 0.7919807434082031}",3
72,2,centre,headline,text,random,60,39,neutral,Abbott Nutrition again pauses baby formula production in Sturgis,Abbott Nutrition has once more suspended baby formula production at its Sturgis plant.,0.9323078393936157,0.715088963508606,"{'label': 'negative', 'confidence': 0.7919807434082031}",3
72,2,centre,headline,text,random,94,39,negative,Abbott Nutrition again pauses baby formula production in Sturgis,Abbott Nutrition has once more stopped producing baby formula at its Sturgis plant.,0.9008062481880188,0.7026975750923157,"{'label': 'negative', 'confidence': 0.7616557478904724}",3
72,2,centre,headline,text,random,9,7,negative,Abbott Nutrition again pauses baby formula production in Sturgis,Abbott Nutrition has once more suspended baby formula production at its Sturgis facility.,0.9271770715713501,0.7076488733291626,"{'label': 'negative', 'confidence': 0.779180109500885}",3
72,2,centre,headline,text,random,82,7,negative,Abbott Nutrition again pauses baby formula production in Sturgis,Abbott Nutrition has once more suspended baby formula production at its Sturgis facility.,0.9271770715713501,0.7076488733291626,"{'label': 'negative', 'confidence': 0.779180109500885}",3
72,2,centre,headline,text,random,56,57,positive,Abbott Nutrition again pauses baby formula production in Sturgis,Abbott Nutrition has once more suspended baby formula production at its Sturgis plant.,0.9255207180976868,0.715088963508606,"{'label': 'negative', 'confidence': 0.7919807434082031}",3
72,2,centre,headline,text,random,59,57,positive,Abbott Nutrition again pauses baby formula production in Sturgis,Abbott Nutrition has once more suspended baby formula production at its facility in Sturgis.,0.9265912771224976,0.6919873356819153,"{'label': 'negative', 'confidence': 0.7784993648529053}",3
72,2,centre,headline,text,random,96,98,neutral,Abbott Nutrition again pauses baby formula production in Sturgis,Abbott Nutrition has resumed its halt on baby formula manufacturing in Sturgis.,0.7918732166290283,0.6488673090934753,"{'label': 'neutral', 'confidence': 0.5258578658103943}",4
72,2,centre,headline,text,random,80,98,neutral,Abbott Nutrition again pauses baby formula production in Sturgis,Abbott Nutrition has resumed the halt on baby formula manufacturing in Sturgis.,0.814768373966217,0.6561147570610046,"{'label': 'neutral', 'confidence': 0.6778903603553772}",4
72,2,centre,headline,text,random,95,97,negative,Abbott Nutrition again pauses baby formula production in Sturgis,Abbott Nutrition has resumed baby formula production in Sturgis following a suspension.,0.957638144493103,0.8505041599273682,"{'label': 'neutral', 'confidence': 0.9296653866767883}",4
72,2,centre,headline,text,random,33,34,neutral,Abbott Nutrition again pauses baby formula production in Sturgis,Abbott Nutrition has resumed baby formula production in Sturgis following a suspension.,0.9451844096183777,0.8505041599273682,"{'label': 'neutral', 'confidence': 0.9296653866767883}",4
72,2,centre,headline,text,random,32,34,positive,Abbott Nutrition again pauses baby formula production in Sturgis,Abbott Nutrition has resumed baby formula production in Sturgis following a suspension.,0.9451844096183777,0.8505041599273682,"{'label': 'neutral', 'confidence': 0.9296653866767883}",4
72,2,centre,headline,text,random,36,34,positive,Abbott Nutrition again pauses baby formula production in Sturgis,Abbott Nutrition has resumed baby formula production in Sturgis following a suspension.,0.9451844096183777,0.8505041599273682,"{'label': 'neutral', 'confidence': 0.9296653866767883}",4
72,2,centre,headline,text,random,12,13,negative,Abbott Nutrition again pauses baby formula production in Sturgis,"Abbott Nutrition has resumed operations at its facility in Sturgis, lifting the suspension on baby formula production.",0.7987136840820312,0.6187306046485901,"{'label': 'neutral', 'confidence': 0.8480589389801025}",4
72,2,centre,headline,text,random,14,13,positive,Abbott Nutrition again pauses baby formula production in Sturgis,Abbott Nutrition has resumed its baby formula production at the Sturgis facility.,0.8239327073097229,0.7274318933486938,"{'label': 'neutral', 'confidence': 0.9352037906646729}",4
72,2,centre,headline,text,random,91,13,neutral,Abbott Nutrition again pauses baby formula production in Sturgis,"Abbott Nutrition has resumed operations at its Sturgis facility, lifting the temporary suspension on baby formula production.",0.8282521367073059,0.6556214094161987,"{'label': 'neutral', 'confidence': 0.8806630373001099}",4
72,2,centre,headline,text,random,70,71,negative,Abbott Nutrition again pauses baby formula production in Sturgis,Abbott Nutrition has resumed production at its Sturgis facility following a temporary suspension of baby formula manufacturing.,0.9483137726783752,0.6650840640068054,"{'label': 'neutral', 'confidence': 0.930882453918457}",4
72,2,centre,headline,text,random,72,71,negative,Abbott Nutrition again pauses baby formula production in Sturgis,Abbott Nutrition has resumed production at its Sturgis facility following a temporary suspension of baby formula manufacturing.,0.9483137726783752,0.6650840640068054,"{'label': 'neutral', 'confidence': 0.930882453918457}",4
72,2,centre,headline,text,random,69,71,neutral,Abbott Nutrition again pauses baby formula production in Sturgis,Abbott Nutrition has resumed production at its Sturgis facility following a pause in baby formula manufacturing.,0.9400629997253418,0.6701093912124634,"{'label': 'neutral', 'confidence': 0.9345332980155945}",4
72,2,centre,headline,text,random,74,75,neutral,Abbott Nutrition again pauses baby formula production in Sturgis,Abbott Nutrition has resumed baby formula production in Sturgis following a temporary pause.,0.9283517003059387,0.8127986788749695,"{'label': 'neutral', 'confidence': 0.930803120136261}",4
72,2,centre,headline,text,random,76,75,negative,Abbott Nutrition again pauses baby formula production in Sturgis,Abbott Nutrition has resumed baby formula production in Sturgis following a temporary pause.,0.9283517003059387,0.8127986788749695,"{'label': 'neutral', 'confidence': 0.930803120136261}",4
72,2,centre,headline,text,random,77,75,neutral,Abbott Nutrition again pauses baby formula production in Sturgis,Abbott Nutrition has resumed baby formula production in Sturgis following a temporary pause.,0.9283517003059387,0.8127986788749695,"{'label': 'neutral', 'confidence': 0.930803120136261}",4
72,2,centre,headline,text,random,61,63,neutral,Abbott Nutrition again pauses baby formula production in Sturgis,Abbott Nutrition has resumed baby formula production at its Sturgis facility.,0.9284583330154419,0.7277320027351379,"{'label': 'neutral', 'confidence': 0.9193406105041504}",4
72,2,centre,headline,text,random,31,63,negative,Abbott Nutrition again pauses baby formula production in Sturgis,Abbott Nutrition has resumed baby formula production at its Sturgis facility.,0.9284583330154419,0.7277320027351379,"{'label': 'neutral', 'confidence': 0.9193406105041504}",4
72,2,centre,headline,text,random,66,65,negative,Abbott Nutrition again pauses baby formula production in Sturgis,Abbott Nutrition has resumed baby formula production at its plant in Sturgis.,0.9501146674156189,0.6972905993461609,"{'label': 'neutral', 'confidence': 0.9151545763015747}",4
72,2,centre,headline,text,random,67,65,positive,Abbott Nutrition again pauses baby formula production in Sturgis,Abbott Nutrition has resumed baby formula production at its plant in Sturgis.,0.9501146674156189,0.6972905993461609,"{'label': 'neutral', 'confidence': 0.9151545763015747}",4
72,2,centre,headline,text,random,30,62,negative,Abbott Nutrition again pauses baby formula production in Sturgis,Abbott Nutrition has resumed the suspension of baby formula production in Sturgis.,0.9739309549331665,0.8359490633010864,"{'label': 'neutral', 'confidence': 0.7378950119018555}",4
72,2,centre,headline,text,random,25,26,negative,Abbott Nutrition again pauses baby formula production in Sturgis,Abbott Nutrition has again had to pause baby formula production at its Sturgis plant.,0.9288949966430664,0.7622888684272766,"{'label': 'negative', 'confidence': 0.7373694181442261}",4
72,2,centre,headline,text,random,24,26,negative,Abbott Nutrition again pauses baby formula production in Sturgis,Abbott Nutrition has again had to temporarily halt baby formula production at its Sturgis facility.,0.9043808579444885,0.7458442449569702,"{'label': 'negative', 'confidence': 0.7303495407104492}",4
72,2,centre,headline,text,random,47,48,neutral,Abbott Nutrition again pauses baby formula production in Sturgis,Abbott Nutrition has again temporarily halted baby formula production at its Sturgis facility.,0.9248610734939575,0.7226919531822205,"{'label': 'negative', 'confidence': 0.7252644896507263}",4
72,2,centre,headline,text,random,49,48,neutral,Abbott Nutrition again pauses baby formula production in Sturgis,Abbott Nutrition has again had to pause baby formula production at its Sturgis facility.,0.9258874654769897,0.7426831126213074,"{'label': 'negative', 'confidence': 0.7104377746582031}",4
72,2,centre,headline,text,random,46,48,positive,Abbott Nutrition again pauses baby formula production in Sturgis,Abbott Nutrition has again paused the production of baby formula at its Sturgis facility.,0.9071513414382935,0.7095732688903809,"{'label': 'negative', 'confidence': 0.7207797169685364}",4
72,2,centre,headline,text,random,45,43,neutral,Abbott Nutrition again pauses baby formula production in Sturgis,Abbott Nutrition has again halted baby formula production at its Sturgis facility.,0.9476786255836487,0.7056384086608887,"{'label': 'negative', 'confidence': 0.7652019262313843}",4
72,2,centre,headline,text,random,68,38,positive,Abbott Nutrition again pauses baby formula production in Sturgis,Abbott Nutrition has again had to pause baby formula production at its Sturgis facility.,0.9228435158729553,0.7426831126213074,"{'label': 'negative', 'confidence': 0.7104377746582031}",4
72,2,centre,headline,text,random,35,37,positive,Abbott Nutrition again pauses baby formula production in Sturgis,Abbott Nutrition has again halted baby formula production at its Sturgis facility.,0.9295587539672852,0.7056384086608887,"{'label': 'negative', 'confidence': 0.7652019262313843}",4
72,2,centre,headline,text,random,29,37,negative,Abbott Nutrition again pauses baby formula production in Sturgis,Abbott Nutrition has again halted baby formula production at its Sturgis facility.,0.9295587539672852,0.7056384086608887,"{'label': 'negative', 'confidence': 0.7652019262313843}",4
72,2,centre,headline,text,random,58,60,negative,Abbott Nutrition again pauses baby formula production in Sturgis,Abbott Nutrition has again halted baby formula production at its Sturgis facility.,0.9295587539672852,0.7056384086608887,"{'label': 'negative', 'confidence': 0.7652019262313843}",4
72,2,centre,headline,text,random,93,94,negative,Abbott Nutrition again pauses baby formula production in Sturgis,Abbott Nutrition has again halted baby formula production at its Sturgis plant.,0.9008062481880188,0.7123953104019165,"{'label': 'negative', 'confidence': 0.7828028202056885}",4
72,2,centre,headline,text,random,92,94,negative,Abbott Nutrition again pauses baby formula production in Sturgis,Abbott Nutrition has again halted production of baby formula at its Sturgis facility.,0.9021084308624268,0.6975255012512207,"{'label': 'negative', 'confidence': 0.7707160711288452}",4
72,2,centre,headline,text,random,10,9,negative,Abbott Nutrition again pauses baby formula production in Sturgis,Abbott Nutrition has again halted baby formula production at its Sturgis facility.,0.9271770715713501,0.7056384086608887,"{'label': 'negative', 'confidence': 0.7652019262313843}",4
72,2,centre,headline,text,random,11,9,positive,Abbott Nutrition again pauses baby formula production in Sturgis,Abbott Nutrition has again halted baby formula production at its Sturgis facility.,0.9271770715713501,0.7056384086608887,"{'label': 'negative', 'confidence': 0.7652019262313843}",4
72,2,centre,headline,text,random,81,82,positive,Abbott Nutrition again pauses baby formula production in Sturgis,Abbott Nutrition has again halted baby formula production at its Sturgis facility.,0.9271770715713501,0.7056384086608887,"{'label': 'negative', 'confidence': 0.7652019262313843}",4
72,2,centre,headline,text,random,83,82,negative,Abbott Nutrition again pauses baby formula production in Sturgis,Abbott Nutrition has again halted baby formula production at its Sturgis facility.,0.9271770715713501,0.7056384086608887,"{'label': 'negative', 'confidence': 0.7652019262313843}",4
72,2,centre,headline,text,random,54,56,neutral,Abbott Nutrition again pauses baby formula production in Sturgis,Abbott Nutrition has again had to pause baby formula production at its Sturgis facility.,0.9258874654769897,0.7426831126213074,"{'label': 'negative', 'confidence': 0.7104377746582031}",4
72,2,centre,headline,text,random,79,80,positive,Abbott Nutrition again pauses baby formula production in Sturgis,Abbott Nutrition has restarted production at its Sturgis facility after halting baby formula manufacturing.,0.8010616898536682,0.6596521139144897,"{'label': 'neutral', 'confidence': 0.9098268151283264}",5
72,2,centre,headline,text,random,78,80,negative,Abbott Nutrition again pauses baby formula production in Sturgis,Abbott Nutrition has restarted production at its facility in Sturgis after halting baby formula manufacturing.,0.7887657880783081,0.6149128675460815,"{'label': 'neutral', 'confidence': 0.9035224914550781}",5
72,2,centre,headline,text,random,90,33,negative,Abbott Nutrition again pauses baby formula production in Sturgis,Abbott Nutrition has restarted baby formula production in Sturgis after temporarily suspending operations.,0.9242479205131531,0.7355155944824219,"{'label': 'neutral', 'confidence': 0.9159331917762756}",5
72,2,centre,headline,text,random,21,36,neutral,Abbott Nutrition again pauses baby formula production in Sturgis,Abbott Nutrition has restarted baby formula production in Sturgis after temporarily pausing operations.,0.9302892684936523,0.7573071122169495,"{'label': 'neutral', 'confidence': 0.9005115032196045}",5
72,2,centre,headline,text,random,15,14,neutral,Abbott Nutrition again pauses baby formula production in Sturgis,Abbott Nutrition has restarted baby formula production at the Sturgis facility.,0.9433789253234863,0.7276735901832581,"{'label': 'neutral', 'confidence': 0.8857532143592834}",5
72,2,centre,headline,text,random,16,14,positive,Abbott Nutrition again pauses baby formula production in Sturgis,Abbott Nutrition has restarted baby formula production at the Sturgis facility.,0.9433789253234863,0.7276735901832581,"{'label': 'neutral', 'confidence': 0.8857532143592834}",5
72,2,centre,headline,text,random,89,91,positive,Abbott Nutrition again pauses baby formula production in Sturgis,Abbott Nutrition has restarted operations at its Sturgis facility and lifted the temporary suspension on baby formula production.,0.9643509387969971,0.6515872478485107,"{'label': 'neutral', 'confidence': 0.8635498881340027}",5
72,2,centre,headline,text,random,8,70,neutral,Abbott Nutrition again pauses baby formula production in Sturgis,Abbott Nutrition has restarted production at its Sturgis facility after temporarily pausing baby formula manufacturing.,0.9541333317756653,0.6716859340667725,"{'label': 'neutral', 'confidence': 0.9134389758110046}",5
72,2,centre,headline,text,random,86,72,positive,Abbott Nutrition again pauses baby formula production in Sturgis,Abbott Nutrition has restarted production at the Sturgis facility after temporarily halting baby formula manufacturing.,0.94256991147995,0.6799869537353516,"{'label': 'neutral', 'confidence': 0.9231545925140381}",5
72,2,centre,headline,text,random,52,61,neutral,Abbott Nutrition again pauses baby formula production in Sturgis,Abbott Nutrition has restarted baby formula production at its Sturgis facility.,0.9550569653511047,0.7099064588546753,"{'label': 'neutral', 'confidence': 0.8767627477645874}",5
72,2,centre,headline,text,random,28,30,neutral,Abbott Nutrition again pauses baby formula production in Sturgis,Abbott Nutrition has reinstated the halt on baby formula production at its plant in Sturgis.,0.8342323303222656,0.6701467037200928,"{'label': 'neutral', 'confidence': 0.8690871000289917}",5
72,2,centre,headline,text,random,23,25,positive,Abbott Nutrition again pauses baby formula production in Sturgis,Abbott Nutrition once more halted baby formula production at its Sturgis facility.,0.9229735136032104,0.708838164806366,"{'label': 'negative', 'confidence': 0.7772404551506042}",5
72,2,centre,headline,text,random,27,25,positive,Abbott Nutrition again pauses baby formula production in Sturgis,Abbott Nutrition once more halted baby formula production at its Sturgis facility.,0.9229735136032104,0.708838164806366,"{'label': 'negative', 'confidence': 0.7772404551506042}",5
72,2,centre,headline,text,random,22,24,negative,Abbott Nutrition again pauses baby formula production in Sturgis,Abbott Nutrition once more had to pause baby formula production at its Sturgis facility.,0.9355515837669373,0.7589222192764282,"{'label': 'negative', 'confidence': 0.7006274461746216}",5
72,2,centre,headline,text,random,50,49,negative,Abbott Nutrition again pauses baby formula production in Sturgis,Abbott Nutrition has once more halted baby formula production at its Sturgis facility.,0.944428563117981,0.6932061910629272,"{'label': 'negative', 'confidence': 0.7815110683441162}",5
72,2,centre,headline,text,random,51,49,positive,Abbott Nutrition again pauses baby formula production in Sturgis,Abbott Nutrition has once more halted baby formula production at its Sturgis facility.,0.944428563117981,0.6932061910629272,"{'label': 'negative', 'confidence': 0.7815110683441162}",5
72,2,centre,headline,text,random,20,45,neutral,Abbott Nutrition again pauses baby formula production in Sturgis,Abbott Nutrition has once more suspended baby formula production at its Sturgis facility.,0.9271770715713501,0.7076488733291626,"{'label': 'negative', 'confidence': 0.779180109500885}",5
72,2,centre,headline,text,random,87,35,negative,Abbott Nutrition again pauses baby formula production in Sturgis,Abbott Nutrition has once more paused baby formula production at its Sturgis facility.,0.9476786255836487,0.7206214666366577,"{'label': 'negative', 'confidence': 0.6486871242523193}",5
72,2,centre,headline,text,random,55,92,negative,Abbott Nutrition again pauses baby formula production in Sturgis,Abbott Nutrition has once more suspended baby formula production at its Sturgis plant.,0.92278653383255,0.715088963508606,"{'label': 'negative', 'confidence': 0.7919807434082031}",5
72,2,centre,headline,text,random,84,83,negative,Abbott Nutrition again pauses baby formula production in Sturgis,Abbott Nutrition has once more suspended baby formula production at its Sturgis plant.,0.9295587539672852,0.715088963508606,"{'label': 'negative', 'confidence': 0.7919807434082031}",5
72,2,centre,headline,text,random,85,83,neutral,Abbott Nutrition again pauses baby formula production in Sturgis,Abbott Nutrition has once more suspended baby formula production at its Sturgis facility.,0.9271770715713501,0.7076488733291626,"{'label': 'negative', 'confidence': 0.779180109500885}",5
72,2,centre,headline,text,random,53,54,positive,Abbott Nutrition again pauses baby formula production in Sturgis,Abbott Nutrition has once more had to halt baby formula production at its Sturgis facility.,0.9465850591659546,0.7222574949264526,"{'label': 'negative', 'confidence': 0.7837086915969849}",5
72,2,centre,headline,text,random,88,90,positive,Abbott Nutrition again pauses baby formula production in Sturgis,Abbott Nutrition has resumed baby formula production in Sturgis following a temporary shutdown of the facility.,0.9472885131835938,0.7698817253112793,"{'label': 'neutral', 'confidence': 0.9411060214042664}",6
72,2,centre,headline,text,random,17,15,negative,Abbott Nutrition again pauses baby formula production in Sturgis,Abbott Nutrition has resumed baby formula production at the Sturgis facility.,0.952696681022644,0.735866904258728,"{'label': 'neutral', 'confidence': 0.9263806939125061}",6
72,2,centre,headline,text,random,19,52,neutral,Abbott Nutrition again pauses baby formula production in Sturgis,Abbott Nutrition has resumed baby formula production at its Sturgis facility.,0.9550569653511047,0.7277320027351379,"{'label': 'neutral', 'confidence': 0.9193406105041504}",6
72,2,centre,headline,text,random,18,20,neutral,Abbott Nutrition again pauses baby formula production in Sturgis,Abbott Nutrition has again halted baby formula production at its Sturgis facility.,0.9271770715713501,0.7056384086608887,"{'label': 'negative', 'confidence': 0.7652019262313843}",6
73,2,right,headline,text,random,1,0,positive,"Abbott baby formula plant floods in Michigan, halting production for 'weeks'","The Abbott baby formula plant in Michigan has flooded, causing production to be halted for several weeks.",0.9210177659988403,0.9210177659988403,"{'label': 'negative', 'confidence': 0.8459428548812866}",1
73,2,right,headline,text,random,99,0,positive,"Abbott baby formula plant floods in Michigan, halting production for 'weeks'","A flood has occurred at Abbott's baby formula plant in Michigan, causing production to be halted for several weeks.",0.9061359167098999,0.9061359167098999,"{'label': 'negative', 'confidence': 0.8101494312286377}",1
73,2,right,headline,text,random,2,0,positive,"Abbott baby formula plant floods in Michigan, halting production for 'weeks'","The Abbott baby formula plant in Michigan has flooded, causing production to be halted for several weeks.",0.9210177659988403,0.9210177659988403,"{'label': 'negative', 'confidence': 0.8459428548812866}",1
73,2,right,headline,text,random,98,0,negative,"Abbott baby formula plant floods in Michigan, halting production for 'weeks'","The Abbott baby formula plant in Michigan has flooded, causing production to be halted for several weeks.",0.9210177659988403,0.9210177659988403,"{'label': 'negative', 'confidence': 0.8459428548812866}",1
73,2,right,headline,text,random,79,0,negative,"Abbott baby formula plant floods in Michigan, halting production for 'weeks'","The Abbott baby formula plant in Michigan has flooded, causing production to be halted for several weeks.",0.9210177659988403,0.9210177659988403,"{'label': 'negative', 'confidence': 0.8459428548812866}",1
73,2,right,headline,text,random,3,1,neutral,"Abbott baby formula plant floods in Michigan, halting production for 'weeks'","Unfortunately, the Abbott baby formula plant in Michigan has experienced flooding, which has temporarily halted production for several weeks.",0.9311517477035522,0.8898589611053467,"{'label': 'negative', 'confidence': 0.8709802031517029}",2
73,2,right,headline,text,random,97,99,neutral,"Abbott baby formula plant floods in Michigan, halting production for 'weeks'","A flood affected Abbott's baby formula plant in Michigan, leading to a temporary pause in production for several weeks.",0.9257416129112244,0.8986779451370239,"{'label': 'negative', 'confidence': 0.7410467863082886}",2
73,2,right,headline,text,random,4,2,neutral,"Abbott baby formula plant floods in Michigan, halting production for 'weeks'","The Abbott baby formula plant in Michigan has experienced flooding, resulting in a temporary halt of production for several weeks.",0.9699097871780396,0.9250638484954834,"{'label': 'negative', 'confidence': 0.7922767400741577}",2
73,2,right,headline,text,random,96,98,neutral,"Abbott baby formula plant floods in Michigan, halting production for 'weeks'","The Abbott baby formula plant in Michigan has been inundated by floodwaters, leading to a production shutdown expected to last several weeks.",0.9355930685997009,0.8957684636116028,"{'label': 'negative', 'confidence': 0.7856279015541077}",2
73,2,right,headline,text,random,87,98,neutral,"Abbott baby formula plant floods in Michigan, halting production for 'weeks'","The Abbott baby formula plant in Michigan has experienced flooding, leading to a production shutdown expected to last several weeks.",0.9487437009811401,0.9069803953170776,"{'label': 'negative', 'confidence': 0.8033596873283386}",2
73,2,right,headline,text,random,78,79,positive,"Abbott baby formula plant floods in Michigan, halting production for 'weeks'","The Abbott baby formula plant in Michigan has suffered a flood, leading to a production shutdown that could last several weeks.",0.9447420835494995,0.9135012626647949,"{'label': 'negative', 'confidence': 0.8205965161323547}",2
73,2,right,headline,text,random,81,79,neutral,"Abbott baby formula plant floods in Michigan, halting production for 'weeks'","The Abbott baby formula plant in Michigan has experienced a flood, leading to a prolonged halt in production for several weeks.",0.9603627324104309,0.9332535266876221,"{'label': 'negative', 'confidence': 0.7930384278297424}",2
73,2,right,headline,text,random,55,79,negative,"Abbott baby formula plant floods in Michigan, halting production for 'weeks'","The Abbott baby formula plant in Michigan has been flooded, leading to a shutdown of production for several weeks.",0.9656357169151306,0.8992868661880493,"{'label': 'negative', 'confidence': 0.8526562452316284}",2
73,2,right,headline,text,random,34,3,neutral,"Abbott baby formula plant floods in Michigan, halting production for 'weeks'","The Abbott baby formula plant in Michigan has faced flooding, causing a temporary halt in production for several weeks.",0.9279868602752686,0.9183657169342041,"{'label': 'negative', 'confidence': 0.7918051481246948}",3
73,2,right,headline,text,random,36,3,neutral,"Abbott baby formula plant floods in Michigan, halting production for 'weeks'",遗憾的是，密歇根州的雅培婴儿配方奶工厂因洪水而暂停生产数周。,0.13481225073337555,0.14756368100643158,"{'label': 'neutral', 'confidence': 0.7970291376113892}",3
73,2,right,headline,text,random,95,97,negative,"Abbott baby formula plant floods in Michigan, halting production for 'weeks'","A flood hit Abbott's baby formula plant in Michigan, causing a temporary suspension of production for several weeks.",0.972470223903656,0.9059088826179504,"{'label': 'negative', 'confidence': 0.732795774936676}",3
73,2,right,headline,text,random,47,97,positive,"Abbott baby formula plant floods in Michigan, halting production for 'weeks'",Floods at Abbott's baby formula plant in Michigan resulted in a temporary production halt for several weeks.,0.9281430840492249,0.8815122842788696,"{'label': 'negative', 'confidence': 0.7985741496086121}",3
73,2,right,headline,text,random,5,4,neutral,"Abbott baby formula plant floods in Michigan, halting production for 'weeks'",Flooding at the Abbott baby formula plant in Michigan has led to a temporary suspension of production for several weeks.,0.9381186366081238,0.8953757286071777,"{'label': 'negative', 'confidence': 0.7959968447685242}",3
73,2,right,headline,text,random,6,4,negative,"Abbott baby formula plant floods in Michigan, halting production for 'weeks'","The Abbott baby formula plant in Michigan has faced flooding, leading to a temporary suspension of production for several weeks.",0.9895280599594116,0.9198765754699707,"{'label': 'negative', 'confidence': 0.779326319694519}",3
73,2,right,headline,text,random,86,96,negative,"Abbott baby formula plant floods in Michigan, halting production for 'weeks'","The Abbott baby formula plant in Michigan was submerged in floodwaters, resulting in a shutdown that is anticipated to last for several weeks.",0.9423317313194275,0.8485031127929688,"{'label': 'negative', 'confidence': 0.7939853668212891}",3
73,2,right,headline,text,random,89,87,negative,"Abbott baby formula plant floods in Michigan, halting production for 'weeks'","The Abbott baby formula plant in Michigan has faced flooding, resulting in a production halt that is anticipated to last for several weeks.",0.9691300392150879,0.9197055101394653,"{'label': 'negative', 'confidence': 0.825702965259552}",3
73,2,right,headline,text,random,62,87,positive,"Abbott baby formula plant floods in Michigan, halting production for 'weeks'","The Abbott baby formula plant in Michigan has faced flooding, resulting in a production shutdown that is anticipated to last several weeks.",0.9953579902648926,0.9032977223396301,"{'label': 'negative', 'confidence': 0.8080636858940125}",3
73,2,right,headline,text,random,77,78,neutral,"Abbott baby formula plant floods in Michigan, halting production for 'weeks'","Due to flooding at the Abbott baby formula plant in Michigan, production has been temporarily halted and is expected to remain shut down for several weeks.",0.8688520193099976,0.8567017912864685,"{'label': 'negative', 'confidence': 0.7982947826385498}",3
73,2,right,headline,text,random,76,78,negative,"Abbott baby formula plant floods in Michigan, halting production for 'weeks'","A flood has affected the Abbott baby formula plant in Michigan, causing a production halt that might last for several weeks.",0.9364981055259705,0.9113091230392456,"{'label': 'negative', 'confidence': 0.7531447410583496}",3
73,2,right,headline,text,random,80,78,positive,"Abbott baby formula plant floods in Michigan, halting production for 'weeks'","The Abbott baby formula plant in Michigan faced a flood, resulting in a temporary shutdown that might last for several weeks.",0.9822842478752136,0.8922746181488037,"{'label': 'negative', 'confidence': 0.7233406901359558}",3
73,2,right,headline,text,random,41,78,positive,"Abbott baby formula plant floods in Michigan, halting production for 'weeks'","The Abbott baby formula plant in Michigan is facing a temporary shutdown due to flooding, which may last for several weeks.",0.920475959777832,0.8198174834251404,"{'label': 'negative', 'confidence': 0.7084663510322571}",3
73,2,right,headline,text,random,31,78,neutral,"Abbott baby formula plant floods in Michigan, halting production for 'weeks'","Unfortunately, the Abbott baby formula plant in Michigan experienced a flood, which has resulted in a temporary shutdown of production that may continue for several weeks.",0.9516347050666809,0.8978654146194458,"{'label': 'negative', 'confidence': 0.8629229664802551}",3
73,2,right,headline,text,random,82,81,negative,"Abbott baby formula plant floods in Michigan, halting production for 'weeks'","The Abbott baby formula plant in Michigan has been affected by a flood, resulting in a production halt that is expected to last several weeks.",0.9671663641929626,0.9186288118362427,"{'label': 'negative', 'confidence': 0.7689974308013916}",3
73,2,right,headline,text,random,83,81,neutral,"Abbott baby formula plant floods in Michigan, halting production for 'weeks'","The Abbott baby formula plant in Michigan faced a flood, resulting in a production halt that lasted several weeks.",0.957633376121521,0.9076511263847351,"{'label': 'negative', 'confidence': 0.7942704558372498}",3
73,2,right,headline,text,random,84,81,positive,"Abbott baby formula plant floods in Michigan, halting production for 'weeks'","A flood has affected the Abbott baby formula plant in Michigan, resulting in a production halt that is expected to last several weeks.",0.9452961683273315,0.9039719700813293,"{'label': 'negative', 'confidence': 0.7641726136207581}",3
73,2,right,headline,text,random,54,55,negative,"Abbott baby formula plant floods in Michigan, halting production for 'weeks'","The Abbott baby formula plant in Michigan suffered severe flooding, resulting in a production shutdown that could last several weeks.",0.9556338787078857,0.9083909392356873,"{'label': 'negative', 'confidence': 0.8567336201667786}",3
73,2,right,headline,text,random,56,55,positive,"Abbott baby formula plant floods in Michigan, halting production for 'weeks'","The Abbott baby formula plant in Michigan has suffered flooding, resulting in a prolonged shutdown of production for several weeks.",0.9777526259422302,0.9154727458953857,"{'label': 'negative', 'confidence': 0.8434335589408875}",3
73,2,right,headline,text,random,53,55,negative,"Abbott baby formula plant floods in Michigan, halting production for 'weeks'","The Abbott baby formula plant in Michigan has suffered flooding, resulting in a prolonged shutdown lasting several weeks.",0.9704797863960266,0.9010090827941895,"{'label': 'negative', 'confidence': 0.8466372489929199}",3
73,2,right,headline,text,random,33,34,neutral,"Abbott baby formula plant floods in Michigan, halting production for 'weeks'","The Abbott baby formula plant in Michigan experienced flooding, leading to a temporary production stop for several weeks.",0.9752210378646851,0.9251238703727722,"{'label': 'negative', 'confidence': 0.7626595497131348}",4
73,2,right,headline,text,random,35,34,negative,"Abbott baby formula plant floods in Michigan, halting production for 'weeks'","The Abbott baby formula plant in Michigan experienced flooding, leading to a temporary production halt for several weeks.",0.9836375117301941,0.9248082041740417,"{'label': 'negative', 'confidence': 0.7651720643043518}",4
73,2,right,headline,text,random,43,34,negative,"Abbott baby formula plant floods in Michigan, halting production for 'weeks'","The Abbott baby formula plant in Michigan has experienced flooding, leading to a temporary pause in production for several weeks.",0.982567310333252,0.9204583168029785,"{'label': 'negative', 'confidence': 0.7624117136001587}",4
73,2,right,headline,text,random,37,36,negative,"Abbott baby formula plant floods in Michigan, halting production for 'weeks'",不幸的是，由于洪水，密歇根州雅培婴儿配方奶工厂暂停生产几周。,0.896377682685852,0.12143312394618988,"{'label': 'neutral', 'confidence': 0.7840749621391296}",4
73,2,right,headline,text,random,38,36,neutral,"Abbott baby formula plant floods in Michigan, halting production for 'weeks'",遗憾的是，由于洪水，密歇根州雅培婴儿配方奶工厂暂停生产数周。,0.9871698021888733,0.11818310618400574,"{'label': 'neutral', 'confidence': 0.8042548298835754}",4
73,2,right,headline,text,random,94,95,neutral,"Abbott baby formula plant floods in Michigan, halting production for 'weeks'",A flood at Abbott's baby formula plant in Michigan led to a prolonged suspension of production for several weeks.,0.9141372442245483,0.8531748056411743,"{'label': 'negative', 'confidence': 0.7533642649650574}",4
73,2,right,headline,text,random,93,95,neutral,"Abbott baby formula plant floods in Michigan, halting production for 'weeks'",A flood at Abbott’s baby formula plant in Michigan led to an extended halt in production for several weeks.,0.9179503917694092,0.8823566436767578,"{'label': 'negative', 'confidence': 0.7432518601417542}",4
73,2,right,headline,text,random,50,95,positive,"Abbott baby formula plant floods in Michigan, halting production for 'weeks'","A flood struck Abbott's baby formula plant in Michigan, leading to a prolonged halt in production for several weeks.",0.9738719463348389,0.8932806253433228,"{'label': 'negative', 'confidence': 0.7715062499046326}",4
73,2,right,headline,text,random,15,47,negative,"Abbott baby formula plant floods in Michigan, halting production for 'weeks'",Flooding temporarily shut down production at Abbott's baby formula plant in Michigan for several weeks.,0.9352055788040161,0.8894152045249939,"{'label': 'negative', 'confidence': 0.7537050843238831}",4
73,2,right,headline,text,random,29,47,neutral,"Abbott baby formula plant floods in Michigan, halting production for 'weeks'",Flooding at Abbott’s baby formula plant in Michigan led to a brief production pause for about several weeks.,0.9228193163871765,0.8602205514907837,"{'label': 'negative', 'confidence': 0.7839150428771973}",4
73,2,right,headline,text,random,67,47,neutral,"Abbott baby formula plant floods in Michigan, halting production for 'weeks'",Flooding temporarily shut down production at Abbott’s baby formula plant in Michigan for several weeks.,0.9338024854660034,0.9019840359687805,"{'label': 'negative', 'confidence': 0.7383492588996887}",4
73,2,right,headline,text,random,7,5,negative,"Abbott baby formula plant floods in Michigan, halting production for 'weeks'",Flooding at the Abbott baby formula plant in Michigan has resulted in a temporary halt to production for several weeks.,0.9760061502456665,0.9015912413597107,"{'label': 'negative', 'confidence': 0.8119767308235168}",4
73,2,right,headline,text,random,8,6,positive,"Abbott baby formula plant floods in Michigan, halting production for 'weeks'","The Abbott baby formula plant in Michigan experienced severe flooding, resulting in a prolonged shutdown of operations for several weeks.",0.9328691959381104,0.8959193229675293,"{'label': 'negative', 'confidence': 0.8349546194076538}",4
73,2,right,headline,text,random,11,6,positive,"Abbott baby formula plant floods in Michigan, halting production for 'weeks'","The Abbott baby formula plant in Michigan has been hit by flooding, resulting in a prolonged production halt for several weeks.",0.9635927677154541,0.9149054288864136,"{'label': 'negative', 'confidence': 0.8013224005699158}",4
73,2,right,headline,text,random,57,6,negative,"Abbott baby formula plant floods in Michigan, halting production for 'weeks'","The Abbott baby formula plant in Michigan experienced severe flooding, resulting in a prolonged production halt for several weeks.",0.9605509638786316,0.9232954978942871,"{'label': 'negative', 'confidence': 0.8414372205734253}",4
73,2,right,headline,text,random,85,86,positive,"Abbott baby formula plant floods in Michigan, halting production for 'weeks'","The Abbott baby formula plant in Michigan was inundated by floodwaters, leading to a shutdown expected to drag on for several weeks.",0.9426862597465515,0.857913613319397,"{'label': 'negative', 'confidence': 0.8132706880569458}",4
73,2,right,headline,text,random,20,86,positive,"Abbott baby formula plant floods in Michigan, halting production for 'weeks'","The Abbott baby formula plant in Michigan was inundated by floodwaters, leading to a prolonged shutdown expected to last several weeks.",0.9493647813796997,0.871728777885437,"{'label': 'negative', 'confidence': 0.7902575135231018}",4
73,2,right,headline,text,random,88,89,negative,"Abbott baby formula plant floods in Michigan, halting production for 'weeks'","The Abbott baby formula plant in Michigan has encountered severe flooding, leading to a production shutdown expected to persist for several weeks.",0.9613775014877319,0.8993789553642273,"{'label': 'negative', 'confidence': 0.8300487399101257}",4
73,2,right,headline,text,random,90,89,negative,"Abbott baby formula plant floods in Michigan, halting production for 'weeks'","The Abbott baby formula plant in Michigan has encountered severe flooding, leading to a production shutdown expected to persist for several weeks.",0.9613775014877319,0.8993789553642273,"{'label': 'negative', 'confidence': 0.8300487399101257}",4
73,2,right,headline,text,random,91,89,positive,"Abbott baby formula plant floods in Michigan, halting production for 'weeks'","The Abbott baby formula plant in Michigan has suffered from severe flooding, leading to a production shutdown expected to drag on for several weeks.",0.9560427665710449,0.8914086818695068,"{'label': 'negative', 'confidence': 0.8789433240890503}",4
73,2,right,headline,text,random,61,62,positive,"Abbott baby formula plant floods in Michigan, halting production for 'weeks'","The Abbott baby formula plant in Michigan had to pause operations due to flooding, and it's expected to remain shut down for several weeks.",0.907404363155365,0.8319630026817322,"{'label': 'negative', 'confidence': 0.7416031956672668}",4
73,2,right,headline,text,random,64,62,positive,"Abbott baby formula plant floods in Michigan, halting production for 'weeks'","The Abbott baby formula plant in Michigan recently had to shut down due to flooding, and it's expected to be out of commission for several weeks.",0.9029501080513,0.8231288194656372,"{'label': 'negative', 'confidence': 0.831017792224884}",4
73,2,right,headline,text,random,75,77,negative,"Abbott baby formula plant floods in Michigan, halting production for 'weeks'","Flooding at the Abbott baby formula plant in Michigan has led to a temporary halt in production, which is预计将持续数周。",0.7300271391868591,0.6738215088844299,"{'label': 'negative', 'confidence': 0.7794679403305054}",4
73,2,right,headline,text,random,44,77,negative,"Abbott baby formula plant floods in Michigan, halting production for 'weeks'","Flooding at the Abbott baby formula plant in Michigan has led to a temporary halt in production, which is anticipated to last for several weeks.",0.9261723756790161,0.8906580805778503,"{'label': 'negative', 'confidence': 0.81843501329422}",4
73,2,right,headline,text,random,74,76,neutral,"Abbott baby formula plant floods in Michigan, halting production for 'weeks'",A flood at the Abbott baby formula plant in Michigan has led to a production shutdown that could drag on for several weeks.,0.8959089517593384,0.8434533476829529,"{'label': 'negative', 'confidence': 0.7995905876159668}",4
73,2,right,headline,text,random,40,41,positive,"Abbott baby formula plant floods in Michigan, halting production for 'weeks'",The Abbott baby formula plant in Michigan is temporarily closing operations due to flood damage and could be out of commission for several weeks.,0.929336428642273,0.822475016117096,"{'label': 'negative', 'confidence': 0.7596537470817566}",4
73,2,right,headline,text,random,39,41,neutral,"Abbott baby formula plant floods in Michigan, halting production for 'weeks'","The Abbott baby formula plant in Michigan is temporarily shutting down operations due to flood damage, which could last several weeks.",0.9691201448440552,0.8415778875350952,"{'label': 'negative', 'confidence': 0.7100389003753662}",4
73,2,right,headline,text,random,30,31,neutral,"Abbott baby formula plant floods in Michigan, halting production for 'weeks'","The Abbott baby formula plant in Michigan had to shut down temporarily due to a flood, and this could last for several weeks.",0.9576194286346436,0.866047739982605,"{'label': 'negative', 'confidence': 0.6901280283927917}",4
73,2,right,headline,text,random,32,31,positive,"Abbott baby formula plant floods in Michigan, halting production for 'weeks'","Unfortuantely, a flood hit the Abbott baby formula plant in Michigan, leading to a temporary shutdown that could last several weeks.",0.9489260911941528,0.8676304221153259,"{'label': 'negative', 'confidence': 0.7754516005516052}",4
73,2,right,headline,text,random,59,82,neutral,"Abbott baby formula plant floods in Michigan, halting production for 'weeks'","The Abbott baby formula plant in Michigan has suffered a flood, leading to a production shutdown anticipated to continue for several weeks.",0.95320725440979,0.9061857461929321,"{'label': 'negative', 'confidence': 0.8211020827293396}",4
73,2,right,headline,text,random,60,84,positive,"Abbott baby formula plant floods in Michigan, halting production for 'weeks'","A flood has impacted the Abbott baby formula plant in Michigan, causing a temporary production halt that is anticipated to last for several weeks.",0.9910506010055542,0.8964642286300659,"{'label': 'negative', 'confidence': 0.7651117444038391}",4
73,2,right,headline,text,random,52,54,neutral,"Abbott baby formula plant floods in Michigan, halting production for 'weeks'","The Abbott baby formula plant in Michigan faced devastating flooding, leading to a prolonged production halt that may stretch for several weeks.",0.9614608287811279,0.9210779666900635,"{'label': 'negative', 'confidence': 0.8776910901069641}",4
73,2,right,headline,text,random,58,56,positive,"Abbott baby formula plant floods in Michigan, halting production for 'weeks'","The Abbott baby formula plant in Michigan experienced flooding, which led to a temporary shutdown lasting several weeks.",0.9685707688331604,0.8865541815757751,"{'label': 'negative', 'confidence': 0.7811484336853027}",4
73,2,right,headline,text,random,68,56,negative,"Abbott baby formula plant floods in Michigan, halting production for 'weeks'","The Abbott baby formula plant in Michigan faced significant flooding, leading to a multi-week shutdown to ensure safety and quality control.",0.9741054773330688,0.8812971115112305,"{'label': 'negative', 'confidence': 0.6653686761856079}",4
73,2,right,headline,text,random,51,53,positive,"Abbott baby formula plant floods in Michigan, halting production for 'weeks'","The Abbott baby formula plant in Michigan experienced severe flooding, leading to an extended shutdown that lasted for several weeks.",0.9807628989219666,0.8934017419815063,"{'label': 'negative', 'confidence': 0.858008623123169}",4
73,2,right,headline,text,random,42,43,negative,"Abbott baby formula plant floods in Michigan, halting production for 'weeks'","The Abbott baby formula plant in Michigan faced severe flooding, resulting in an extended suspension of operations for several weeks.",0.9642186164855957,0.9078503251075745,"{'label': 'negative', 'confidence': 0.8091883659362793}",5
73,2,right,headline,text,random,45,43,positive,"Abbott baby formula plant floods in Michigan, halting production for 'weeks'","The Abbott baby formula plant in Michigan faced severe flooding, resulting in an extended halt of production for several weeks.",0.9665167331695557,0.9173619151115417,"{'label': 'negative', 'confidence': 0.8398861885070801}",5
73,2,right,headline,text,random,10,43,negative,"Abbott baby formula plant floods in Michigan, halting production for 'weeks'","The Abbott baby formula plant in Michigan faced severe flooding, resulting in a prolonged halt in production for several weeks.",0.9648165702819824,0.9164100885391235,"{'label': 'negative', 'confidence': 0.8470079302787781}",5
73,2,right,headline,text,random,63,37,neutral,"Abbott baby formula plant floods in Michigan, halting production for 'weeks'",遗憾的是，由于洪水影响，密歇根州雅培婴儿配方奶工厂被迫停产数周。,0.8616032004356384,0.13718263804912567,"{'label': 'neutral', 'confidence': 0.8101159930229187}",5
73,2,right,headline,text,random,69,38,negative,"Abbott baby formula plant floods in Michigan, halting production for 'weeks'",遗憾的是，由于洪水影响，密歇根州雅培婴儿配方奶工厂暂停生产几周。,0.9976806640625,0.12339255958795547,"{'label': 'neutral', 'confidence': 0.8069066405296326}",5
73,2,right,headline,text,random,92,94,positive,"Abbott baby formula plant floods in Michigan, halting production for 'weeks'",A flood at Abbott's baby formula plant in Michigan resulted in a production suspension that lasted several weeks.,0.9799971580505371,0.8362677693367004,"{'label': 'negative', 'confidence': 0.7636163830757141}",5
73,2,right,headline,text,random,16,93,positive,"Abbott baby formula plant floods in Michigan, halting production for 'weeks'",A flood at Abbott's baby formula plant in Michigan caused a production halt that lasted several weeks.,0.9763913154602051,0.8767228722572327,"{'label': 'negative', 'confidence': 0.7889368534088135}",5
73,2,right,headline,text,random,48,50,negative,"Abbott baby formula plant floods in Michigan, halting production for 'weeks'","A flood affected the baby formula plant in Michigan, causing a temporary pause in production for several weeks.",0.853492021560669,0.8183742761611938,"{'label': 'negative', 'confidence': 0.732344388961792}",5
73,2,right,headline,text,random,14,15,negative,"Abbott baby formula plant floods in Michigan, halting production for 'weeks'",Flooding forced Abbott’s baby formula plant in Michigan to halt production for several weeks.,0.9350165724754333,0.9125174880027771,"{'label': 'negative', 'confidence': 0.7976104021072388}",5
73,2,right,headline,text,random,17,15,positive,"Abbott baby formula plant floods in Michigan, halting production for 'weeks'",Flooding forced Abbott’s baby formula plant in Michigan to halt production for several weeks.,0.9350165724754333,0.9125174880027771,"{'label': 'negative', 'confidence': 0.7976104021072388}",5
73,2,right,headline,text,random,28,29,negative,"Abbott baby formula plant floods in Michigan, halting production for 'weeks'",Flooding at Abbott's baby formula plant in Michigan resulted in a temporary production halt for about several weeks.,0.9579535722732544,0.8907111883163452,"{'label': 'negative', 'confidence': 0.8177937269210815}",5
73,2,right,headline,text,random,27,29,neutral,"Abbott baby formula plant floods in Michigan, halting production for 'weeks'",Flooding at Abbott's baby formula plant in Michigan caused a production pause of several weeks.,0.9604017734527588,0.842095136642456,"{'label': 'negative', 'confidence': 0.8366458415985107}",5
73,2,right,headline,text,random,66,67,neutral,"Abbott baby formula plant floods in Michigan, halting production for 'weeks'",Flooding caused a temporary shutdown of production at Abbott’s baby formula plant in Michigan for several weeks.,0.9663686752319336,0.8548610806465149,"{'label': 'negative', 'confidence': 0.7447017431259155}",5
73,2,right,headline,text,random,65,67,positive,"Abbott baby formula plant floods in Michigan, halting production for 'weeks'",Floodwaters temporarily halted production at Abbott's baby formula plant in Michigan for several weeks.,0.9242706894874573,0.8639205098152161,"{'label': 'negative', 'confidence': 0.7074621319770813}",5
73,2,right,headline,text,random,9,7,neutral,"Abbott baby formula plant floods in Michigan, halting production for 'weeks'",A flooding incident at the Abbott baby formula plant in Michigan has led to a prolonged suspension of production for several weeks.,0.9427257776260376,0.8722386360168457,"{'label': 'negative', 'confidence': 0.7496730089187622}",5
73,2,right,headline,text,random,12,11,neutral,"Abbott baby formula plant floods in Michigan, halting production for 'weeks'","The Abbott baby formula plant in Michigan faced disruptions due to flooding, leading to a temporary suspension of production for several weeks.",0.9265400767326355,0.8603936433792114,"{'label': 'negative', 'confidence': 0.7203751802444458}",5
73,2,right,headline,text,random,46,11,neutral,"Abbott baby formula plant floods in Michigan, halting production for 'weeks'","Due to flooding at the Abbott baby formula plant in Michigan, production has temporarily paused for several weeks.",0.8285985589027405,0.8013145327568054,"{'label': 'negative', 'confidence': 0.7156215310096741}",5
73,2,right,headline,text,random,19,20,positive,"Abbott baby formula plant floods in Michigan, halting production for 'weeks'","Due to flooding, the Abbott baby formula plant in Michigan experienced significant disruption, resulting in a shutdown that is anticipated to last for several weeks.",0.8922241926193237,0.826123833656311,"{'label': 'negative', 'confidence': 0.8049746751785278}",5
73,2,right,headline,text,random,21,20,negative,"Abbott baby formula plant floods in Michigan, halting production for 'weeks'","Due to flooding, the Abbott baby formula plant in Michigan experienced significant disruption and had to shut down for an extended period,预计将持续几周时间。",0.6405701637268066,0.6078157424926758,"{'label': 'negative', 'confidence': 0.7035318613052368}",5
73,2,right,headline,text,random,13,20,neutral,"Abbott baby formula plant floods in Michigan, halting production for 'weeks'","Due to flooding, the Abbott baby formula plant in Michigan had to halt operations for an extended period, with a projected duration of several weeks.",0.8647023439407349,0.8578759431838989,"{'label': 'negative', 'confidence': 0.6729846000671387}",5
73,2,right,headline,text,random,73,75,positive,"Abbott baby formula plant floods in Michigan, halting production for 'weeks'",洪水导致密歇根州阿博特婴儿配方奶厂暂时停产，预计将持续数周。,0.4287484288215637,0.12898024916648865,"{'label': 'neutral', 'confidence': 0.7996061444282532}",5
73,2,right,headline,text,random,72,74,positive,"Abbott baby formula plant floods in Michigan, halting production for 'weeks'",A flood at the Abbott baby formula plant in Michigan has caused a shutdown of production that may last several weeks.,0.9886128902435303,0.8660763502120972,"{'label': 'negative', 'confidence': 0.7548761367797852}",5
73,2,right,headline,text,random,18,59,negative,"Abbott baby formula plant floods in Michigan, halting production for 'weeks'","The Abbott baby formula plant in Michigan has been affected by a flood, resulting in a shutdown of production that is expected to last several weeks.",0.9755256175994873,0.9079979658126831,"{'label': 'negative', 'confidence': 0.780754029750824}",5
73,2,right,headline,text,random,70,68,positive,"Abbott baby formula plant floods in Michigan, halting production for 'weeks'","The Abbott baby formula plant in Michigan suffered severe flooding, resulting in a prolonged multi-week shutdown to guarantee safety and maintain quality control standards.",0.9854236245155334,0.8685281276702881,"{'label': 'negative', 'confidence': 0.8060107231140137}",5
73,2,right,headline,text,random,49,48,neutral,"Abbott baby formula plant floods in Michigan, halting production for 'weeks'","A flood hit a baby formula plant in Michigan, leading to a prolonged suspension of operations for several weeks.",0.9379557371139526,0.8178532123565674,"{'label': 'negative', 'confidence': 0.7575956583023071}",6
73,2,right,headline,text,random,26,28,negative,"Abbott baby formula plant floods in Michigan, halting production for 'weeks'",Flooding at Abbott's baby formula plant in Michigan led to a prolonged production shutdown lasting several weeks.,0.9390383362770081,0.8561532497406006,"{'label': 'negative', 'confidence': 0.8549171686172485}",6
73,2,right,headline,text,random,25,27,positive,"Abbott baby formula plant floods in Michigan, halting production for 'weeks'",Flooding at Abbott's baby formula plant in Michigan led to a production halt for several weeks.,0.9518039226531982,0.8877314329147339,"{'label': 'negative', 'confidence': 0.8441888093948364}",6
73,2,right,headline,text,random,22,21,positive,"Abbott baby formula plant floods in Michigan, halting production for 'weeks'",由于洪水，密歇根州的阿伯特婴儿配方奶粉厂遭受了严重破坏，不得不停工数周。,0.45050448179244995,0.12745249271392822,"{'label': 'neutral', 'confidence': 0.7824316024780273}",6
73,2,right,headline,text,random,23,21,negative,"Abbott baby formula plant floods in Michigan, halting production for 'weeks'",由于洪水，密歇根州的阿博特婴儿配方奶粉厂遭受了严重干扰，并被迫停工数周。,0.429965078830719,0.11689651757478714,"{'label': 'neutral', 'confidence': 0.793587863445282}",6
73,2,right,headline,text,random,71,73,negative,"Abbott baby formula plant floods in Michigan, halting production for 'weeks'",洪水使得密歇根州阿博特婴儿配方奶厂暂时停工，预计影响将持续几周时间。,0.9986252784729004,0.12976929545402527,"{'label': 'neutral', 'confidence': 0.7912691235542297}",6
73,2,right,headline,text,random,24,26,neutral,"Abbott baby formula plant floods in Michigan, halting production for 'weeks'",A flood at Abbott’s baby formula plant in Michigan resulted in a lengthy production halt that lasted several weeks.,0.9276400804519653,0.8719286918640137,"{'label': 'negative', 'confidence': 0.8210819959640503}",7
75,1,left,headline,text,random,1,0,negative,Chicago Gun Violence Spikes and Increasingly Finds the Youngest Victims,"Chicago is experiencing a rise in gun violence, with an increasing number of incidents involving younger victims.",0.9173864126205444,0.9173864126205444,"{'label': 'negative', 'confidence': 0.651391327381134}",1
75,1,left,headline,text,random,99,0,negative,Chicago Gun Violence Spikes and Increasingly Finds the Youngest Victims,"There has been a spike in gun violence in Chicago, with an increasing number of incidents involving the youngest victims.",0.9166101813316345,0.9166101813316345,"{'label': 'negative', 'confidence': 0.6882179975509644}",1
75,1,left,headline,text,random,89,0,positive,Chicago Gun Violence Spikes and Increasingly Finds the Youngest Victims,"Chicago has seen an increase in gun violence, with a growing number of incidents involving younger victims.",0.9119844436645508,0.9119844436645508,"{'label': 'negative', 'confidence': 0.6398380994796753}",1
75,1,left,headline,text,random,68,0,positive,Chicago Gun Violence Spikes and Increasingly Finds the Youngest Victims,"Chicago has seen a spike in gun violence, with an increasing number of incidents involving the youngest victims.",0.9304354190826416,0.9304354190826416,"{'label': 'negative', 'confidence': 0.6955921649932861}",1
75,1,left,headline,text,random,2,1,positive,Chicago Gun Violence Spikes and Increasingly Finds the Youngest Victims,"Chicago is seeing a surge in gun violence, with a growing number of incidents affecting younger victims.",0.9911623597145081,0.9154894351959229,"{'label': 'negative', 'confidence': 0.5701725482940674}",2
75,1,left,headline,text,random,3,1,neutral,Chicago Gun Violence Spikes and Increasingly Finds the Youngest Victims,"Chicago is facing a growing problem with gun violence, seeing more incidents that disproportionately affect younger victims.",0.9639633297920227,0.8903883099555969,"{'label': 'negative', 'confidence': 0.8523895144462585}",2
75,1,left,headline,text,random,97,99,negative,Chicago Gun Violence Spikes and Increasingly Finds the Youngest Victims,"Chicago has seen a rise in gun violence, particularly affecting young victims at an alarming rate.",0.9525299668312073,0.8983571529388428,"{'label': 'negative', 'confidence': 0.8552913069725037}",2
75,1,left,headline,text,random,58,99,positive,Chicago Gun Violence Spikes and Increasingly Finds the Youngest Victims,"Chicago is experiencing a rise in gun violence, with a growing number of incidents affecting even the youngest victims.",0.9627478718757629,0.9109229445457458,"{'label': 'negative', 'confidence': 0.8164753913879395}",2
75,1,left,headline,text,random,87,89,neutral,Chicago Gun Violence Spikes and Increasingly Finds the Youngest Victims,"Chicago has experienced an rise in gun violence, including more incidents that affect younger victims.",0.9895668029785156,0.9051072597503662,"{'label': 'negative', 'confidence': 0.7046476602554321}",2
75,1,left,headline,text,random,54,89,neutral,Chicago Gun Violence Spikes and Increasingly Finds the Youngest Victims,"Chicago is experiencing an rise in gun violence, including more incidents that affect younger individuals.",0.9795611500740051,0.8979973793029785,"{'label': 'negative', 'confidence': 0.6476369500160217}",2
75,1,left,headline,text,random,67,68,neutral,Chicago Gun Violence Spikes and Increasingly Finds the Youngest Victims,"Chicago is experiencing a rise in gun violence, particularly affecting younger victims more frequently than before.",0.9592090249061584,0.908258855342865,"{'label': 'negative', 'confidence': 0.7467250227928162}",2
75,1,left,headline,text,random,66,68,negative,Chicago Gun Violence Spikes and Increasingly Finds the Youngest Victims,"Chicago has experienced an increase in gun violence, particularly affecting younger victims more frequently.",0.9521008729934692,0.8985785245895386,"{'label': 'negative', 'confidence': 0.7764502167701721}",2
75,1,left,headline,text,random,70,68,positive,Chicago Gun Violence Spikes and Increasingly Finds the Youngest Victims,"Chicago is experiencing an increase in gun violence incidents, particularly affecting younger victims.",0.9597402811050415,0.9057663679122925,"{'label': 'negative', 'confidence': 0.6641841530799866}",2
75,1,left,headline,text,random,46,68,positive,Chicago Gun Violence Spikes and Increasingly Finds the Youngest Victims,"Chicago is experiencing an increase in gun violence, particularly affecting younger victims more frequently than before.",0.9547989368438721,0.9077713489532471,"{'label': 'negative', 'confidence': 0.7734602689743042}",2
75,1,left,headline,text,random,4,2,positive,Chicago Gun Violence Spikes and Increasingly Finds the Youngest Victims,"Chicago is experiencing an increase in gun violence, with more incidents impacting younger individuals.",0.9769546985626221,0.9029023051261902,"{'label': 'negative', 'confidence': 0.6712771058082581}",3
75,1,left,headline,text,random,32,3,positive,Chicago Gun Violence Spikes and Increasingly Finds the Youngest Victims,"Chicago is experiencing an increase in gun violence, with incidents affecting younger victims at higher rates.",0.9481534957885742,0.9195747375488281,"{'label': 'negative', 'confidence': 0.7171481847763062}",3
75,1,left,headline,text,random,96,97,neutral,Chicago Gun Violence Spikes and Increasingly Finds the Youngest Victims,"Chicago is experiencing a significant increase in gun violence, with young people being disproportionately and alarmingly affected.",0.9657813906669617,0.8804507255554199,"{'label': 'negative', 'confidence': 0.8669751286506653}",3
75,1,left,headline,text,random,95,97,neutral,Chicago Gun Violence Spikes and Increasingly Finds the Youngest Victims,"Chicago is experiencing a concerning increase in gun violence, with young people being disproportionately affected at an alarmingly high rate.",0.9564470052719116,0.8720452785491943,"{'label': 'negative', 'confidence': 0.8945738673210144}",3
75,1,left,headline,text,random,27,97,negative,Chicago Gun Violence Spikes and Increasingly Finds the Youngest Victims,"Chicago is experiencing a concerning surge in gun violence, with young people being disproportionately affected at an alarmingly high rate.",0.9572652578353882,0.8750771880149841,"{'label': 'negative', 'confidence': 0.8943434357643127}",3
75,1,left,headline,text,random,57,58,positive,Chicago Gun Violence Spikes and Increasingly Finds the Youngest Victims,"Chicago is seeing an increase in gun violence, impacting younger victims more frequently.",0.9641257524490356,0.9185540676116943,"{'label': 'negative', 'confidence': 0.7864237427711487}",3
75,1,left,headline,text,random,13,58,positive,Chicago Gun Violence Spikes and Increasingly Finds the Youngest Victims,"Chicago is facing an increase in gun violence, impacting younger victims more frequently than before.",0.9702468514442444,0.9154993891716003,"{'label': 'negative', 'confidence': 0.8001011610031128}",3
75,1,left,headline,text,random,86,87,negative,Chicago Gun Violence Spikes and Increasingly Finds the Youngest Victims,"Chicago has seen an increase in gun violence, with a higher number of incidents involving younger victims.",0.989861249923706,0.9077550172805786,"{'label': 'negative', 'confidence': 0.5670896768569946}",3
75,1,left,headline,text,random,88,87,negative,Chicago Gun Violence Spikes and Increasingly Finds the Youngest Victims,"Chicago has seen an increase in gun violence, with more incidents involving younger victims.",0.9902172684669495,0.9108797907829285,"{'label': 'negative', 'confidence': 0.630407452583313}",3
75,1,left,headline,text,random,85,87,neutral,Chicago Gun Violence Spikes and Increasingly Finds the Youngest Victims,"Chicago has seen an increase in gun violence, with a higher number of incidents involving younger victims.",0.989861249923706,0.9077550172805786,"{'label': 'negative', 'confidence': 0.5670896768569946}",3
75,1,left,headline,text,random,53,54,neutral,Chicago Gun Violence Spikes and Increasingly Finds the Youngest Victims,"Chicago is seeing an increase in gun violence, with more incidents involving younger people.",0.9877623915672302,0.904326319694519,"{'label': 'negative', 'confidence': 0.627638578414917}",3
75,1,left,headline,text,random,55,54,negative,Chicago Gun Violence Spikes and Increasingly Finds the Youngest Victims,"Chicago is seeing an increase in gun violence, with more incidents involving younger people.",0.9877623915672302,0.904326319694519,"{'label': 'negative', 'confidence': 0.627638578414917}",3
75,1,left,headline,text,random,52,54,positive,Chicago Gun Violence Spikes and Increasingly Finds the Youngest Victims,"Chicago is seeing an increase in gun violence, with more incidents involving younger people.",0.9877623915672302,0.904326319694519,"{'label': 'negative', 'confidence': 0.627638578414917}",3
75,1,left,headline,text,random,56,54,positive,Chicago Gun Violence Spikes and Increasingly Finds the Youngest Victims,"Chicago is seeing an increase in gun violence, with more incidents involving younger people.",0.9877623915672302,0.904326319694519,"{'label': 'negative', 'confidence': 0.627638578414917}",3
75,1,left,headline,text,random,82,54,positive,Chicago Gun Violence Spikes and Increasingly Finds the Youngest Victims,"Chicago is seeing an increase in gun violence, with more incidents involving younger people.",0.9877623915672302,0.904326319694519,"{'label': 'negative', 'confidence': 0.627638578414917}",3
75,1,left,headline,text,random,65,67,positive,Chicago Gun Violence Spikes and Increasingly Finds the Youngest Victims,"Chicago is seeing an increase in gun violence, with younger individuals being affected more commonly now than in the past.",0.9803457856178284,0.8939224481582642,"{'label': 'negative', 'confidence': 0.7468785643577576}",3
75,1,left,headline,text,random,69,67,positive,Chicago Gun Violence Spikes and Increasingly Finds the Youngest Victims,"Chicago has seen an increase in gun violence, with younger individuals being affected more often now than in previous periods.",0.9724964499473572,0.8860430121421814,"{'label': 'negative', 'confidence': 0.7424054741859436}",3
75,1,left,headline,text,random,64,66,neutral,Chicago Gun Violence Spikes and Increasingly Finds the Youngest Victims,"Chicago is facing a rise in gun violence, with younger individuals being hit hardest by this surge.",0.9477735757827759,0.8902667164802551,"{'label': 'negative', 'confidence': 0.755901575088501}",3
75,1,left,headline,text,random,71,70,positive,Chicago Gun Violence Spikes and Increasingly Finds the Youngest Victims,"Chicago is seeing a rise in gun violence incidents, with younger individuals being particularly affected.",0.979597806930542,0.8953052759170532,"{'label': 'negative', 'confidence': 0.7285099029541016}",3
75,1,left,headline,text,random,72,70,negative,Chicago Gun Violence Spikes and Increasingly Finds the Youngest Victims,"Chicago is seeing a rise in gun violence incidents, with younger individuals being disproportionately affected.",0.9705492258071899,0.8984174728393555,"{'label': 'negative', 'confidence': 0.688240647315979}",3
75,1,left,headline,text,random,5,70,neutral,Chicago Gun Violence Spikes and Increasingly Finds the Youngest Victims,"Chicago is seeing a rise in gun violence incidents, with younger individuals being disproportionately affected.",0.9705492258071899,0.8984174728393555,"{'label': 'negative', 'confidence': 0.688240647315979}",3
75,1,left,headline,text,random,31,70,negative,Chicago Gun Violence Spikes and Increasingly Finds the Youngest Victims,"Chicago is seeing a rise in gun violence incidents, with younger individuals being particularly impacted.",0.9794257879257202,0.895334780216217,"{'label': 'negative', 'confidence': 0.7204664945602417}",3
75,1,left,headline,text,random,45,46,negative,Chicago Gun Violence Spikes and Increasingly Finds the Youngest Victims,"Chicago is seeing a rise in gun violence, with younger individuals being impacted more often now than in previous times.",0.9794076681137085,0.8933855891227722,"{'label': 'negative', 'confidence': 0.7376372218132019}",3
75,1,left,headline,text,random,47,46,positive,Chicago Gun Violence Spikes and Increasingly Finds the Youngest Victims,"Chicago is seeing a rise in gun violence incidents, with younger individuals becoming victims more often now than in the past.",0.9742225408554077,0.9075074195861816,"{'label': 'negative', 'confidence': 0.6831348538398743}",3
75,1,left,headline,text,random,44,46,neutral,Chicago Gun Violence Spikes and Increasingly Finds the Youngest Victims,"Chicago is seeing a rise in gun violence, with younger individuals being impacted more often now compared to earlier times.",0.9774654507637024,0.8870965838432312,"{'label': 'negative', 'confidence': 0.7246379256248474}",3
75,1,left,headline,text,random,48,46,positive,Chicago Gun Violence Spikes and Increasingly Finds the Youngest Victims,"Chicago is seeing a rise in gun violence, with younger individuals being affected more often now compared to earlier periods.",0.9744516015052795,0.8889385461807251,"{'label': 'negative', 'confidence': 0.7315400242805481}",3
75,1,left,headline,text,random,92,4,positive,Chicago Gun Violence Spikes and Increasingly Finds the Youngest Victims,"Chicago is seeing a rise in gun violence, affecting a growing number of younger people.",0.9828038215637207,0.8926826119422913,"{'label': 'negative', 'confidence': 0.6650464534759521}",4
75,1,left,headline,text,random,33,32,neutral,Chicago Gun Violence Spikes and Increasingly Finds the Youngest Victims,"Chicago is seeing a rise in gun violence, particularly impacting younger individuals more frequently.",0.9769574403762817,0.8912937045097351,"{'label': 'negative', 'confidence': 0.703914999961853}",4
75,1,left,headline,text,random,30,32,neutral,Chicago Gun Violence Spikes and Increasingly Finds the Youngest Victims,"Chicago is seeing a rise in gun violence, particularly impacting younger individuals more frequently.",0.9769574403762817,0.8912937045097351,"{'label': 'negative', 'confidence': 0.703914999961853}",4
75,1,left,headline,text,random,34,32,positive,Chicago Gun Violence Spikes and Increasingly Finds the Youngest Victims,"Chicago is seeing a rise in gun violence, particularly impacting younger individuals more frequently.",0.9769574403762817,0.8912937045097351,"{'label': 'negative', 'confidence': 0.703914999961853}",4
75,1,left,headline,text,random,98,96,negative,Chicago Gun Violence Spikes and Increasingly Finds the Youngest Victims,"Chicago is seeing a notable rise in gun violence, with young individuals particularly and worryingly impacted.",0.9839456081390381,0.8796076774597168,"{'label': 'negative', 'confidence': 0.8514555096626282}",4
75,1,left,headline,text,random,93,95,neutral,Chicago Gun Violence Spikes and Increasingly Finds the Youngest Victims,"Chicago is seeing a rise in gun violence, particularly impacting young people at a concerning rate.",0.9758297801017761,0.875611424446106,"{'label': 'negative', 'confidence': 0.8626037240028381}",4
75,1,left,headline,text,random,26,27,neutral,Chicago Gun Violence Spikes and Increasingly Finds the Youngest Victims,"Chicago is facing a serious escalation in gun violence, particularly impacting young individuals at an alarming rate.",0.9579405784606934,0.8559937477111816,"{'label': 'negative', 'confidence': 0.8798208832740784}",4
75,1,left,headline,text,random,28,27,positive,Chicago Gun Violence Spikes and Increasingly Finds the Youngest Victims,"Chicago is facing a troubling increase in gun violence, particularly affecting young people at an alarming rate.",0.9771578907966614,0.8690251708030701,"{'label': 'negative', 'confidence': 0.8987308144569397}",4
75,1,left,headline,text,random,25,27,neutral,Chicago Gun Violence Spikes and Increasingly Finds the Youngest Victims,Chicago is facing a严峻的枪击暴力激增，年轻人尤其受到严重影响的比例令人震惊。,0.39242446422576904,0.31033989787101746,"{'label': 'neutral', 'confidence': 0.7981688976287842}",4
75,1,left,headline,text,random,29,27,neutral,Chicago Gun Violence Spikes and Increasingly Finds the Youngest Victims,"Chicago is facing a troubling escalation in gun violence, particularly affecting young individuals at an alarmingly high and worrying rate.",0.9659661650657654,0.8551791906356812,"{'label': 'negative', 'confidence': 0.9004532694816589}",4
75,1,left,headline,text,random,59,57,negative,Chicago Gun Violence Spikes and Increasingly Finds the Youngest Victims,"Chicago is experiencing a rise in gun violence, with younger individuals being affected more often.",0.9764221906661987,0.8990392684936523,"{'label': 'negative', 'confidence': 0.744242787361145}",4
75,1,left,headline,text,random,12,13,negative,Chicago Gun Violence Spikes and Increasingly Finds the Youngest Victims,"Chicago is experiencing a rise in gun violence, with younger individuals being affected more commonly now than in the past.",0.9733487367630005,0.8914064168930054,"{'label': 'negative', 'confidence': 0.7273707985877991}",4
75,1,left,headline,text,random,14,13,positive,Chicago Gun Violence Spikes and Increasingly Finds the Youngest Victims,"Chicago is experiencing a rise in gun violence, with younger individuals being affected more often now than in previous times.",0.9750973582267761,0.8933523297309875,"{'label': 'negative', 'confidence': 0.7367728352546692}",4
75,1,left,headline,text,random,11,13,negative,Chicago Gun Violence Spikes and Increasingly Finds the Youngest Victims,"Chicago is experiencing a rise in gun violence, with younger individuals being affected more often now than in previous times.",0.9750973582267761,0.8933523297309875,"{'label': 'negative', 'confidence': 0.7367728352546692}",4
75,1,left,headline,text,random,15,13,neutral,Chicago Gun Violence Spikes and Increasingly Finds the Youngest Victims,"Chicago is experiencing a rise in gun violence, with younger individuals being affected more often now than in the past.",0.9759182333946228,0.8924201726913452,"{'label': 'negative', 'confidence': 0.7230373620986938}",4
75,1,left,headline,text,random,81,86,neutral,Chicago Gun Violence Spikes and Increasingly Finds the Youngest Victims,"Chicago has experienced a rise in gun violence, notably affecting younger victims more frequently.",0.9795710444450378,0.9032767415046692,"{'label': 'negative', 'confidence': 0.7037611603736877}",4
75,1,left,headline,text,random,73,88,positive,Chicago Gun Violence Spikes and Increasingly Finds the Youngest Victims,"Chicago is experiencing a rise in gun violence, with a concerning trend of more incidents affecting younger victims.",0.9773437976837158,0.9162480235099792,"{'label': 'negative', 'confidence': 0.7183694243431091}",4
75,1,left,headline,text,random,84,85,negative,Chicago Gun Violence Spikes and Increasingly Finds the Youngest Victims,"There has been an uptick in gun violence in Chicago, with more incidents now affecting younger victims.",0.9821255803108215,0.9015647768974304,"{'label': 'negative', 'confidence': 0.5733036994934082}",4
75,1,left,headline,text,random,83,85,neutral,Chicago Gun Violence Spikes and Increasingly Finds the Youngest Victims,"There has been an uptick in gun violence in Chicago, including more incidents affecting younger victims.",0.9845377206802368,0.8988028168678284,"{'label': 'negative', 'confidence': 0.5329427719116211}",4
75,1,left,headline,text,random,49,85,positive,Chicago Gun Violence Spikes and Increasingly Finds the Youngest Victims,"Chicago has experienced an uptick in gun violence, including more incidents affecting younger victims.",0.9908756017684937,0.903589129447937,"{'label': 'negative', 'confidence': 0.6538888216018677}",4
75,1,left,headline,text,random,51,53,negative,Chicago Gun Violence Spikes and Increasingly Finds the Youngest Victims,"Chicago is experiencing a rise in gun violence, including incidents that involve younger individuals more frequently.",0.9874374866485596,0.8980240225791931,"{'label': 'negative', 'confidence': 0.6362927556037903}",4
75,1,left,headline,text,random,94,53,positive,Chicago Gun Violence Spikes and Increasingly Finds the Youngest Victims,"Chicago is experiencing a rise in gun violence, including more cases involving younger individuals.",0.9881646037101746,0.8929948806762695,"{'label': 'negative', 'confidence': 0.5687369108200073}",4
75,1,left,headline,text,random,62,55,neutral,Chicago Gun Violence Spikes and Increasingly Finds the Youngest Victims,"Chicago is experiencing a rise in gun violence, particularly affecting younger individuals more frequently.",0.9680536985397339,0.8898615837097168,"{'label': 'negative', 'confidence': 0.70964115858078}",4
75,1,left,headline,text,random,50,52,neutral,Chicago Gun Violence Spikes and Increasingly Finds the Youngest Victims,"Chicago is experiencing a rise in gun violence incidents, particularly affecting younger individuals.",0.9716231822967529,0.8885005712509155,"{'label': 'negative', 'confidence': 0.5749934911727905}",4
75,1,left,headline,text,random,80,82,neutral,Chicago Gun Violence Spikes and Increasingly Finds the Youngest Victims,"There has been an uptick in gun violence in Chicago, with a notable rise in incidents affecting younger individuals.",0.9762021899223328,0.8920716047286987,"{'label': 'neutral', 'confidence': 0.6554476022720337}",4
75,1,left,headline,text,random,63,65,neutral,Chicago Gun Violence Spikes and Increasingly Finds the Youngest Victims,"Gun violence rates are on the rise in Chicago, particularly impacting younger people more frequently than before.",0.9632863402366638,0.872178852558136,"{'label': 'negative', 'confidence': 0.7640990614891052}",4
75,1,left,headline,text,random,40,64,negative,Chicago Gun Violence Spikes and Increasingly Finds the Youngest Victims,"Chicago is experiencing an increase in gun violence, which is particularly affecting younger people.",0.94859778881073,0.8664987087249756,"{'label': 'negative', 'confidence': 0.7932503819465637}",4
75,1,left,headline,text,random,75,64,negative,Chicago Gun Violence Spikes and Increasingly Finds the Youngest Victims,"Chicago is experiencing an increase in gun violence, particularly affecting younger people the most.",0.9702595472335815,0.882260799407959,"{'label': 'negative', 'confidence': 0.8187733292579651}",4
75,1,left,headline,text,random,74,72,neutral,Chicago Gun Violence Spikes and Increasingly Finds the Youngest Victims,"Chicago is experiencing an increase in gun violence, with younger people suffering significantly more than others.",0.9669820070266724,0.9055035710334778,"{'label': 'negative', 'confidence': 0.8481122851371765}",4
75,1,left,headline,text,random,7,5,positive,Chicago Gun Violence Spikes and Increasingly Finds the Youngest Victims,"There has been an increase in gun violence incidents in Chicago, with younger people experiencing this more frequently.",0.9696438312530518,0.8694940805435181,"{'label': 'negative', 'confidence': 0.61574387550354}",4
75,1,left,headline,text,random,43,45,positive,Chicago Gun Violence Spikes and Increasingly Finds the Youngest Victims,"Chicago is experiencing an increase in gun violence, disproportionately affecting younger people more frequently than in the past.",0.9805197715759277,0.8896142840385437,"{'label': 'negative', 'confidence': 0.7761034369468689}",4
75,1,left,headline,text,random,77,45,positive,Chicago Gun Violence Spikes and Increasingly Finds the Youngest Victims,"Chicago is experiencing an increase in gun violence, affecting younger people more frequently now compared to past years.",0.9887490272521973,0.8912030458450317,"{'label': 'negative', 'confidence': 0.743775486946106}",4
75,1,left,headline,text,random,42,44,neutral,Chicago Gun Violence Spikes and Increasingly Finds the Youngest Victims,"Gun violence rates are increasing in Chicago, affecting younger people more frequently than in previous years.",0.9597510099411011,0.8936891555786133,"{'label': 'negative', 'confidence': 0.7417290210723877}",4
75,1,left,headline,text,random,91,92,neutral,Chicago Gun Violence Spikes and Increasingly Finds the Youngest Victims,"Chicago is experiencing an increase in gun violence, impacting more young individuals than before.",0.9810464978218079,0.8869541883468628,"{'label': 'negative', 'confidence': 0.8052247166633606}",5
75,1,left,headline,text,random,90,92,positive,Chicago Gun Violence Spikes and Increasingly Finds the Youngest Victims,"Chicago is experiencing an increase in gun violence, impacting more young individuals than before.",0.9810464978218079,0.8869541883468628,"{'label': 'negative', 'confidence': 0.8052247166633606}",5
75,1,left,headline,text,random,41,92,positive,Chicago Gun Violence Spikes and Increasingly Finds the Youngest Victims,"Chicago is experiencing an increase in gun violence, impacting more young individuals than before.",0.9810464978218079,0.8869541883468628,"{'label': 'negative', 'confidence': 0.8052247166633606}",5
75,1,left,headline,text,random,76,92,neutral,Chicago Gun Violence Spikes and Increasingly Finds the Youngest Victims,"Chicago is experiencing an increase in gun violence, which is impacting more young individuals.",0.9665755033493042,0.852731466293335,"{'label': 'negative', 'confidence': 0.7554939985275269}",5
75,1,left,headline,text,random,35,33,negative,Chicago Gun Violence Spikes and Increasingly Finds the Youngest Victims,"Chicago is experiencing an increase in gun violence, which is affecting younger people more often.",0.9442238807678223,0.8562795519828796,"{'label': 'negative', 'confidence': 0.7492302656173706}",5
75,1,left,headline,text,random,9,33,positive,Chicago Gun Violence Spikes and Increasingly Finds the Youngest Victims,"Gun violence is increasing in Chicago, affecting younger people more often.",0.9696276783943176,0.8995119333267212,"{'label': 'negative', 'confidence': 0.7972446084022522}",5
75,1,left,headline,text,random,16,30,neutral,Chicago Gun Violence Spikes and Increasingly Finds the Youngest Victims,"Chicago is experiencing an increase in gun violence, with younger people being affected more often.",0.9835737943649292,0.8974650502204895,"{'label': 'negative', 'confidence': 0.7685389518737793}",5
75,1,left,headline,text,random,36,34,negative,Chicago Gun Violence Spikes and Increasingly Finds the Youngest Victims,"Chicago is experiencing an increase in gun violence, which has been affecting younger individuals more commonly.",0.9650046825408936,0.8784856796264648,"{'label': 'negative', 'confidence': 0.6854161620140076}",5
75,1,left,headline,text,random,60,98,positive,Chicago Gun Violence Spikes and Increasingly Finds the Youngest Victims,"Chicago is experiencing a concerning surge in gun violence, with young people being disproportionately and alarmingly affected.",0.9827061891555786,0.8722728490829468,"{'label': 'negative', 'confidence': 0.8833767175674438}",5
75,1,left,headline,text,random,61,98,negative,Chicago Gun Violence Spikes and Increasingly Finds the Youngest Victims,"Chicago is experiencing a concerning surge in gun violence, with young people being disproportionately and alarmingly affected.",0.9827061891555786,0.8722728490829468,"{'label': 'negative', 'confidence': 0.8833767175674438}",5
75,1,left,headline,text,random,17,93,positive,Chicago Gun Violence Spikes and Increasingly Finds the Youngest Victims,"Chicago is experiencing an increase in gun violence, especially affecting young people at a worrying rate.",0.9897757768630981,0.875236988067627,"{'label': 'negative', 'confidence': 0.868009626865387}",5
75,1,left,headline,text,random,24,26,positive,Chicago Gun Violence Spikes and Increasingly Finds the Youngest Victims,"Chicago is experiencing a significant increase in gun violence, especially affecting young people at a concerning rate.",0.978992223739624,0.863787055015564,"{'label': 'negative', 'confidence': 0.8751076459884644}",5
75,1,left,headline,text,random,23,25,neutral,Chicago Gun Violence Spikes and Increasingly Finds the Youngest Victims,芝加哥正面临枪击暴力事件的增加，特别是对年轻人的影响尤为严重。,0.6403753757476807,0.0004723351448774338,"{'label': 'neutral', 'confidence': 0.8187234997749329}",5
75,1,left,headline,text,random,10,12,neutral,Chicago Gun Violence Spikes and Increasingly Finds the Youngest Victims,"Chicago is seeing an increase in gun violence, affecting younger people more frequently than before.",0.9841136932373047,0.9011658430099487,"{'label': 'negative', 'confidence': 0.748153567314148}",5
75,1,left,headline,text,random,21,15,positive,Chicago Gun Violence Spikes and Increasingly Finds the Youngest Victims,"Chicago is seeing an increase in gun violence, affecting younger people more frequently than in previous years.",0.9794994592666626,0.9038524031639099,"{'label': 'negative', 'confidence': 0.7544116377830505}",5
